
  .   ____          _            __ _ _
 /\\ / ___'_ __ _ _(_)_ __  __ _ \ \ \ \
( ( )\___ | '_ | '_| | '_ \/ _` | \ \ \ \
 \\/  ___)| |_)| | | | | || (_| |  ) ) ) )
  '  |____| .__|_| |_|_| |_\__, | / / / /
 =========|_|==============|___/=/_/_/_/
 :: Spring Boot ::                (v3.2.1)

2026-02-18T11:27:39.203+05:30  INFO 6760 --- [admin-service] [  restartedMain] com.rv.admin.AdminApplication            : Starting AdminApplication using Java 17.0.10 with PID 6760 (C:\Users\Rajat\Desktop\Retail Microservices\SwiftCart\admin-service\target\classes started by Rajat in C:\Users\Rajat\Desktop\Retail Microservices\SwiftCart\admin-service)
2026-02-18T11:27:39.219+05:30  INFO 6760 --- [admin-service] [  restartedMain] com.rv.admin.AdminApplication            : No active profile set, falling back to 1 default profile: "default"
2026-02-18T11:27:39.511+05:30  INFO 6760 --- [admin-service] [  restartedMain] .e.DevToolsPropertyDefaultsPostProcessor : Devtools property defaults active! Set 'spring.devtools.add-properties' to 'false' to disable
2026-02-18T11:27:39.514+05:30  INFO 6760 --- [admin-service] [  restartedMain] .e.DevToolsPropertyDefaultsPostProcessor : For additional web related logging consider setting the 'logging.level.web' property to 'DEBUG'
2026-02-18T11:27:50.608+05:30  INFO 6760 --- [admin-service] [  restartedMain] .s.d.r.c.RepositoryConfigurationDelegate : Bootstrapping Spring Data JPA repositories in DEFAULT mode.
2026-02-18T11:27:51.574+05:30  INFO 6760 --- [admin-service] [  restartedMain] .s.d.r.c.RepositoryConfigurationDelegate : Finished Spring Data repository scanning in 932 ms. Found 4 JPA repository interfaces.
2026-02-18T11:27:52.878+05:30  INFO 6760 --- [admin-service] [  restartedMain] o.s.cloud.context.scope.GenericScope     : BeanFactory id=edcc02e0-ab30-39a5-82dd-e62045c28c8b
2026-02-18T11:27:54.030+05:30  WARN 6760 --- [admin-service] [  restartedMain] trationDelegate$BeanPostProcessorChecker : Bean 'org.springframework.cloud.client.loadbalancer.LoadBalancerAutoConfiguration$LoadBalancerInterceptorConfig' of type [org.springframework.cloud.client.loadbalancer.LoadBalancerAutoConfiguration$LoadBalancerInterceptorConfig] is not eligible for getting processed by all BeanPostProcessors (for example: not eligible for auto-proxying). The currently created BeanPostProcessor [lbRestClientPostProcessor] is declared through a non-static factory method on that class; consider declaring it as static instead.
2026-02-18T11:27:54.036+05:30  WARN 6760 --- [admin-service] [  restartedMain] trationDelegate$BeanPostProcessorChecker : Bean 'org.springframework.cloud.loadbalancer.config.BlockingLoadBalancerClientAutoConfiguration' of type [org.springframework.cloud.loadbalancer.config.BlockingLoadBalancerClientAutoConfiguration] is not eligible for getting processed by all BeanPostProcessors (for example: not eligible for auto-proxying). Is this bean getting eagerly injected into a currently created BeanPostProcessor [lbRestClientPostProcessor]? Check the corresponding BeanPostProcessor declaration and its dependencies.
2026-02-18T11:27:54.039+05:30  WARN 6760 --- [admin-service] [  restartedMain] trationDelegate$BeanPostProcessorChecker : Bean 'org.springframework.cloud.loadbalancer.config.LoadBalancerAutoConfiguration' of type [org.springframework.cloud.loadbalancer.config.LoadBalancerAutoConfiguration] is not eligible for getting processed by all BeanPostProcessors (for example: not eligible for auto-proxying). Is this bean getting eagerly injected into a currently created BeanPostProcessor [lbRestClientPostProcessor]? Check the corresponding BeanPostProcessor declaration and its dependencies.
2026-02-18T11:27:54.057+05:30  WARN 6760 --- [admin-service] [  restartedMain] trationDelegate$BeanPostProcessorChecker : Bean 'org.springframework.cloud.commons.config.CommonsConfigAutoConfiguration' of type [org.springframework.cloud.commons.config.CommonsConfigAutoConfiguration] is not eligible for getting processed by all BeanPostProcessors (for example: not eligible for auto-proxying). Is this bean getting eagerly injected into a currently created BeanPostProcessor [lbRestClientPostProcessor]? Check the corresponding BeanPostProcessor declaration and its dependencies.
2026-02-18T11:27:54.062+05:30  WARN 6760 --- [admin-service] [  restartedMain] trationDelegate$BeanPostProcessorChecker : Bean 'org.springframework.cloud.client.loadbalancer.LoadBalancerDefaultMappingsProviderAutoConfiguration' of type [org.springframework.cloud.client.loadbalancer.LoadBalancerDefaultMappingsProviderAutoConfiguration] is not eligible for getting processed by all BeanPostProcessors (for example: not eligible for auto-proxying). Is this bean getting eagerly injected into a currently created BeanPostProcessor [lbRestClientPostProcessor]? Check the corresponding BeanPostProcessor declaration and its dependencies.
2026-02-18T11:27:54.064+05:30  WARN 6760 --- [admin-service] [  restartedMain] trationDelegate$BeanPostProcessorChecker : Bean 'loadBalancerClientsDefaultsMappingsProvider' of type [org.springframework.cloud.client.loadbalancer.LoadBalancerDefaultMappingsProviderAutoConfiguration$$Lambda$612/0x00000233c93ce9c8] is not eligible for getting processed by all BeanPostProcessors (for example: not eligible for auto-proxying). Is this bean getting eagerly injected into a currently created BeanPostProcessor [lbRestClientPostProcessor]? Check the corresponding BeanPostProcessor declaration and its dependencies.
2026-02-18T11:27:54.068+05:30  WARN 6760 --- [admin-service] [  restartedMain] trationDelegate$BeanPostProcessorChecker : Bean 'defaultsBindHandlerAdvisor' of type [org.springframework.cloud.commons.config.DefaultsBindHandlerAdvisor] is not eligible for getting processed by all BeanPostProcessors (for example: not eligible for auto-proxying). Is this bean getting eagerly injected into a currently created BeanPostProcessor [lbRestClientPostProcessor]? Check the corresponding BeanPostProcessor declaration and its dependencies.
2026-02-18T11:27:54.089+05:30  WARN 6760 --- [admin-service] [  restartedMain] trationDelegate$BeanPostProcessorChecker : Bean 'spring.cloud.loadbalancer-org.springframework.cloud.client.loadbalancer.LoadBalancerClientsProperties' of type [org.springframework.cloud.client.loadbalancer.LoadBalancerClientsProperties] is not eligible for getting processed by all BeanPostProcessors (for example: not eligible for auto-proxying). Is this bean getting eagerly injected into a currently created BeanPostProcessor [lbRestClientPostProcessor]? Check the corresponding BeanPostProcessor declaration and its dependencies.
2026-02-18T11:27:54.099+05:30  WARN 6760 --- [admin-service] [  restartedMain] trationDelegate$BeanPostProcessorChecker : Bean 'default.org.springframework.cloud.loadbalancer.config.LoadBalancerAutoConfiguration.LoadBalancerClientSpecification' of type [org.springframework.cloud.loadbalancer.annotation.LoadBalancerClientSpecification] is not eligible for getting processed by all BeanPostProcessors (for example: not eligible for auto-proxying). Is this bean getting eagerly injected into a currently created BeanPostProcessor [lbRestClientPostProcessor]? Check the corresponding BeanPostProcessor declaration and its dependencies.
2026-02-18T11:27:54.102+05:30  WARN 6760 --- [admin-service] [  restartedMain] trationDelegate$BeanPostProcessorChecker : Bean 'default.org.springframework.cloud.loadbalancer.config.BlockingLoadBalancerClientAutoConfiguration.LoadBalancerClientSpecification' of type [org.springframework.cloud.loadbalancer.annotation.LoadBalancerClientSpecification] is not eligible for getting processed by all BeanPostProcessors (for example: not eligible for auto-proxying). Is this bean getting eagerly injected into a currently created BeanPostProcessor [lbRestClientPostProcessor]? Check the corresponding BeanPostProcessor declaration and its dependencies.
2026-02-18T11:27:54.104+05:30  WARN 6760 --- [admin-service] [  restartedMain] trationDelegate$BeanPostProcessorChecker : Bean 'default.org.springframework.cloud.netflix.eureka.loadbalancer.LoadBalancerEurekaAutoConfiguration.LoadBalancerClientSpecification' of type [org.springframework.cloud.loadbalancer.annotation.LoadBalancerClientSpecification] is not eligible for getting processed by all BeanPostProcessors (for example: not eligible for auto-proxying). Is this bean getting eagerly injected into a currently created BeanPostProcessor [lbRestClientPostProcessor]? Check the corresponding BeanPostProcessor declaration and its dependencies.
2026-02-18T11:27:54.107+05:30  WARN 6760 --- [admin-service] [  restartedMain] trationDelegate$BeanPostProcessorChecker : Bean 'loadBalancerClientFactory' of type [org.springframework.cloud.loadbalancer.support.LoadBalancerClientFactory] is not eligible for getting processed by all BeanPostProcessors (for example: not eligible for auto-proxying). Is this bean getting eagerly injected into a currently created BeanPostProcessor [lbRestClientPostProcessor]? Check the corresponding BeanPostProcessor declaration and its dependencies.
2026-02-18T11:27:54.304+05:30  WARN 6760 --- [admin-service] [  restartedMain] trationDelegate$BeanPostProcessorChecker : Bean 'blockingLoadBalancerClient' of type [org.springframework.cloud.loadbalancer.blocking.client.BlockingLoadBalancerClient] is not eligible for getting processed by all BeanPostProcessors (for example: not eligible for auto-proxying). Is this bean getting eagerly injected into a currently created BeanPostProcessor [lbRestClientPostProcessor]? Check the corresponding BeanPostProcessor declaration and its dependencies.
2026-02-18T11:27:54.338+05:30  WARN 6760 --- [admin-service] [  restartedMain] trationDelegate$BeanPostProcessorChecker : Bean 'loadBalancerServiceInstanceCookieTransformer' of type [org.springframework.cloud.loadbalancer.core.LoadBalancerServiceInstanceCookieTransformer] is not eligible for getting processed by all BeanPostProcessors (for example: not eligible for auto-proxying). Is this bean getting eagerly injected into a currently created BeanPostProcessor [lbRestClientPostProcessor]? Check the corresponding BeanPostProcessor declaration and its dependencies.
2026-02-18T11:27:54.342+05:30  WARN 6760 --- [admin-service] [  restartedMain] trationDelegate$BeanPostProcessorChecker : Bean 'xForwarderHeadersTransformer' of type [org.springframework.cloud.loadbalancer.blocking.XForwardedHeadersTransformer] is not eligible for getting processed by all BeanPostProcessors (for example: not eligible for auto-proxying). Is this bean getting eagerly injected into a currently created BeanPostProcessor [lbRestClientPostProcessor]? Check the corresponding BeanPostProcessor declaration and its dependencies.
2026-02-18T11:27:54.346+05:30  WARN 6760 --- [admin-service] [  restartedMain] trationDelegate$BeanPostProcessorChecker : Bean 'org.springframework.cloud.client.loadbalancer.LoadBalancerAutoConfiguration' of type [org.springframework.cloud.client.loadbalancer.LoadBalancerAutoConfiguration] is not eligible for getting processed by all BeanPostProcessors (for example: not eligible for auto-proxying). Is this bean getting eagerly injected into a currently created BeanPostProcessor [lbRestClientPostProcessor]? Check the corresponding BeanPostProcessor declaration and its dependencies.
2026-02-18T11:27:54.351+05:30  WARN 6760 --- [admin-service] [  restartedMain] trationDelegate$BeanPostProcessorChecker : Bean 'loadBalancerRequestFactory' of type [org.springframework.cloud.client.loadbalancer.LoadBalancerRequestFactory] is not eligible for getting processed by all BeanPostProcessors (for example: not eligible for auto-proxying). Is this bean getting eagerly injected into a currently created BeanPostProcessor [lbRestClientPostProcessor]? Check the corresponding BeanPostProcessor declaration and its dependencies.
2026-02-18T11:27:54.354+05:30  WARN 6760 --- [admin-service] [  restartedMain] trationDelegate$BeanPostProcessorChecker : Bean 'loadBalancerInterceptor' of type [org.springframework.cloud.client.loadbalancer.LoadBalancerInterceptor] is not eligible for getting processed by all BeanPostProcessors (for example: not eligible for auto-proxying). Is this bean getting eagerly injected into a currently created BeanPostProcessor [lbRestClientPostProcessor]? Check the corresponding BeanPostProcessor declaration and its dependencies.
2026-02-18T11:27:57.990+05:30  INFO 6760 --- [admin-service] [  restartedMain] o.s.b.w.embedded.tomcat.TomcatWebServer  : Tomcat initialized with port 8022 (http)
2026-02-18T11:27:58.026+05:30  INFO 6760 --- [admin-service] [  restartedMain] o.apache.catalina.core.StandardService   : Starting service [Tomcat]
2026-02-18T11:27:58.028+05:30  INFO 6760 --- [admin-service] [  restartedMain] o.apache.catalina.core.StandardEngine    : Starting Servlet engine: [Apache Tomcat/10.1.17]
2026-02-18T11:27:58.198+05:30  INFO 6760 --- [admin-service] [  restartedMain] o.a.c.c.C.[Tomcat].[localhost].[/]       : Initializing Spring embedded WebApplicationContext
2026-02-18T11:27:58.211+05:30  INFO 6760 --- [admin-service] [  restartedMain] w.s.c.ServletWebServerApplicationContext : Root WebApplicationContext: initialization completed in 18682 ms
2026-02-18T11:27:59.084+05:30  INFO 6760 --- [admin-service] [  restartedMain] o.hibernate.jpa.internal.util.LogHelper  : HHH000204: Processing PersistenceUnitInfo [name: default]
2026-02-18T11:28:01.329+05:30  INFO 6760 --- [admin-service] [  restartedMain] org.hibernate.Version                    : HHH000412: Hibernate ORM core version 6.4.1.Final
2026-02-18T11:28:02.039+05:30  INFO 6760 --- [admin-service] [  restartedMain] o.h.c.internal.RegionFactoryInitiator    : HHH000026: Second-level cache disabled
2026-02-18T11:28:04.385+05:30  INFO 6760 --- [admin-service] [  restartedMain] o.s.o.j.p.SpringPersistenceUnitInfo      : No LoadTimeWeaver setup: ignoring JPA class transformer
2026-02-18T11:28:04.974+05:30  INFO 6760 --- [admin-service] [  restartedMain] com.zaxxer.hikari.HikariDataSource       : HikariPool-1 - Starting...
2026-02-18T11:28:08.521+05:30  INFO 6760 --- [admin-service] [  restartedMain] com.zaxxer.hikari.pool.HikariPool        : HikariPool-1 - Added connection com.mysql.cj.jdbc.ConnectionImpl@6805920a
2026-02-18T11:28:08.532+05:30  INFO 6760 --- [admin-service] [  restartedMain] com.zaxxer.hikari.HikariDataSource       : HikariPool-1 - Start completed.
2026-02-18T11:28:14.036+05:30  INFO 6760 --- [admin-service] [  restartedMain] o.h.e.t.j.p.i.JtaPlatformInitiator       : HHH000489: No JTA platform available (set 'hibernate.transaction.jta.platform' to enable JTA platform integration)
Hibernate: 
    alter table product_category 
       modify column created_by varchar(255)
Hibernate: 
    alter table product_category 
       modify column updated_by varchar(255)
2026-02-18T11:28:16.235+05:30  INFO 6760 --- [admin-service] [  restartedMain] j.LocalContainerEntityManagerFactoryBean : Initialized JPA EntityManagerFactory for persistence unit 'default'
2026-02-18T11:28:17.839+05:30  INFO 6760 --- [admin-service] [  restartedMain] o.s.d.j.r.query.QueryEnhancerFactory     : Hibernate is in classpath; If applicable, HQL parser will be used.
2026-02-18T11:28:22.166+05:30  WARN 6760 --- [admin-service] [  restartedMain] JpaBaseConfiguration$JpaWebConfiguration : spring.jpa.open-in-view is enabled by default. Therefore, database queries may be performed during view rendering. Explicitly configure spring.jpa.open-in-view to disable this warning
2026-02-18T11:28:24.315+05:30  WARN 6760 --- [admin-service] [  restartedMain] o.s.b.d.a.OptionalLiveReloadServer       : Unable to start LiveReload server
2026-02-18T11:28:25.107+05:30  INFO 6760 --- [admin-service] [  restartedMain] DiscoveryClientOptionalArgsConfiguration : Eureka HTTP Client uses RestTemplate.
2026-02-18T11:28:25.575+05:30  WARN 6760 --- [admin-service] [  restartedMain] iguration$LoadBalancerCaffeineWarnLogger : Spring Cloud LoadBalancer is currently working with the default cache. While this cache implementation is useful for development and tests, it's recommended to use Caffeine cache in production.You can switch to using Caffeine cache, by adding it and org.springframework.cache.caffeine.CaffeineCacheManager to the classpath.
2026-02-18T11:28:25.693+05:30  INFO 6760 --- [admin-service] [  restartedMain] o.s.c.n.eureka.InstanceInfoFactory       : Setting initial instance status as: STARTING
2026-02-18T11:28:26.382+05:30  INFO 6760 --- [admin-service] [  restartedMain] com.netflix.discovery.DiscoveryClient    : Initializing Eureka in region us-east-1
2026-02-18T11:28:26.400+05:30  INFO 6760 --- [admin-service] [  restartedMain] c.n.d.s.r.aws.ConfigClusterResolver      : Resolving eureka endpoints via configuration
2026-02-18T11:28:26.507+05:30  INFO 6760 --- [admin-service] [  restartedMain] com.netflix.discovery.DiscoveryClient    : Disable delta property : false
2026-02-18T11:28:26.508+05:30  INFO 6760 --- [admin-service] [  restartedMain] com.netflix.discovery.DiscoveryClient    : Single vip registry refresh property : null
2026-02-18T11:28:26.508+05:30  INFO 6760 --- [admin-service] [  restartedMain] com.netflix.discovery.DiscoveryClient    : Force full registry fetch : false
2026-02-18T11:28:26.510+05:30  INFO 6760 --- [admin-service] [  restartedMain] com.netflix.discovery.DiscoveryClient    : Application is null : false
2026-02-18T11:28:26.510+05:30  INFO 6760 --- [admin-service] [  restartedMain] com.netflix.discovery.DiscoveryClient    : Registered Applications size is zero : true
2026-02-18T11:28:26.511+05:30  INFO 6760 --- [admin-service] [  restartedMain] com.netflix.discovery.DiscoveryClient    : Application version is -1: true
2026-02-18T11:28:26.512+05:30  INFO 6760 --- [admin-service] [  restartedMain] com.netflix.discovery.DiscoveryClient    : Getting all instance registry info from the eureka server
2026-02-18T11:28:31.342+05:30  INFO 6760 --- [admin-service] [  restartedMain] com.netflix.discovery.DiscoveryClient    : The response status is 200
2026-02-18T11:28:31.351+05:30  INFO 6760 --- [admin-service] [  restartedMain] com.netflix.discovery.DiscoveryClient    : Starting heartbeat executor: renew interval is: 30
2026-02-18T11:28:31.357+05:30  INFO 6760 --- [admin-service] [  restartedMain] c.n.discovery.InstanceInfoReplicator     : InstanceInfoReplicator onDemand update allowed rate per min is 4
2026-02-18T11:28:31.370+05:30  INFO 6760 --- [admin-service] [  restartedMain] com.netflix.discovery.DiscoveryClient    : Discovery Client initialized at timestamp 1771394311368 with initial instances count: 1
2026-02-18T11:28:31.379+05:30  INFO 6760 --- [admin-service] [  restartedMain] o.s.c.n.e.s.EurekaServiceRegistry        : Registering application ADMIN-SERVICE with eureka with status UP
2026-02-18T11:28:31.381+05:30  INFO 6760 --- [admin-service] [  restartedMain] com.netflix.discovery.DiscoveryClient    : Saw local status change event StatusChangeEvent [timestamp=1771394311381, current=UP, previous=STARTING]
2026-02-18T11:28:31.546+05:30  INFO 6760 --- [admin-service] [  restartedMain] o.s.b.w.embedded.tomcat.TomcatWebServer  : Tomcat started on port 8022 (http) with context path ''
2026-02-18T11:28:31.553+05:30  INFO 6760 --- [admin-service] [  restartedMain] .s.c.n.e.s.EurekaAutoServiceRegistration : Updating port to 8022
2026-02-18T11:28:31.685+05:30  INFO 6760 --- [admin-service] [nfoReplicator-0] com.netflix.discovery.DiscoveryClient    : DiscoveryClient_ADMIN-SERVICE/Rajat:admin-service:8022: registering service...
2026-02-18T11:28:33.144+05:30  INFO 6760 --- [admin-service] [nfoReplicator-0] com.netflix.discovery.DiscoveryClient    : DiscoveryClient_ADMIN-SERVICE/Rajat:admin-service:8022 - registration status: 204
2026-02-18T11:28:33.468+05:30  INFO 6760 --- [admin-service] [  restartedMain] com.rv.admin.AdminApplication            : Started AdminApplication in 56.981 seconds (process running for 58.584)
2026-02-18T11:33:28.208+05:30  INFO 6760 --- [admin-service] [trap-executor-0] c.n.d.s.r.aws.ConfigClusterResolver      : Resolving eureka endpoints via configuration
2026-02-18T11:38:37.096+05:30  INFO 6760 --- [admin-service] [trap-executor-0] c.n.d.s.r.aws.ConfigClusterResolver      : Resolving eureka endpoints via configuration
2026-02-18T11:44:13.758+05:30  INFO 6760 --- [admin-service] [trap-executor-0] c.n.d.s.r.aws.ConfigClusterResolver      : Resolving eureka endpoints via configuration
2026-02-18T11:49:14.204+05:30  INFO 6760 --- [admin-service] [trap-executor-0] c.n.d.s.r.aws.ConfigClusterResolver      : Resolving eureka endpoints via configuration
2026-02-18T11:50:40.602+05:30  WARN 6760 --- [admin-service] [scoveryClient-1] c.netflix.discovery.TimedSupervisorTask  : task supervisor timed out

java.util.concurrent.TimeoutException: null
	at java.base/java.util.concurrent.FutureTask.get(FutureTask.java:204) ~[na:na]
	at com.netflix.discovery.TimedSupervisorTask.run(TimedSupervisorTask.java:68) ~[eureka-client-2.0.1.jar:2.0.1]
	at java.base/java.util.concurrent.Executors$RunnableAdapter.call(Executors.java:539) ~[na:na]
	at java.base/java.util.concurrent.FutureTask.run(FutureTask.java:264) ~[na:na]
	at java.base/java.util.concurrent.ScheduledThreadPoolExecutor$ScheduledFutureTask.run(ScheduledThreadPoolExecutor.java:304) ~[na:na]
	at java.base/java.util.concurrent.ThreadPoolExecutor.runWorker(ThreadPoolExecutor.java:1136) ~[na:na]
	at java.base/java.util.concurrent.ThreadPoolExecutor$Worker.run(ThreadPoolExecutor.java:635) ~[na:na]
	at java.base/java.lang.Thread.run(Thread.java:842) ~[na:na]

2026-02-18T11:54:14.409+05:30  INFO 6760 --- [admin-service] [trap-executor-0] c.n.d.s.r.aws.ConfigClusterResolver      : Resolving eureka endpoints via configuration
2026-02-18T11:59:14.426+05:30  INFO 6760 --- [admin-service] [trap-executor-0] c.n.d.s.r.aws.ConfigClusterResolver      : Resolving eureka endpoints via configuration
2026-02-18T12:04:14.430+05:30  INFO 6760 --- [admin-service] [trap-executor-0] c.n.d.s.r.aws.ConfigClusterResolver      : Resolving eureka endpoints via configuration
2026-02-18T12:09:14.444+05:30  INFO 6760 --- [admin-service] [trap-executor-0] c.n.d.s.r.aws.ConfigClusterResolver      : Resolving eureka endpoints via configuration
2026-02-18T12:14:14.461+05:30  INFO 6760 --- [admin-service] [trap-executor-0] c.n.d.s.r.aws.ConfigClusterResolver      : Resolving eureka endpoints via configuration
2026-02-18T12:19:14.471+05:30  INFO 6760 --- [admin-service] [trap-executor-0] c.n.d.s.r.aws.ConfigClusterResolver      : Resolving eureka endpoints via configuration
2026-02-18T12:24:14.489+05:30  INFO 6760 --- [admin-service] [trap-executor-0] c.n.d.s.r.aws.ConfigClusterResolver      : Resolving eureka endpoints via configuration
2026-02-18T12:29:14.504+05:30  INFO 6760 --- [admin-service] [trap-executor-0] c.n.d.s.r.aws.ConfigClusterResolver      : Resolving eureka endpoints via configuration
2026-02-18T12:34:14.533+05:30  INFO 6760 --- [admin-service] [trap-executor-0] c.n.d.s.r.aws.ConfigClusterResolver      : Resolving eureka endpoints via configuration
2026-02-18T12:39:14.550+05:30  INFO 6760 --- [admin-service] [trap-executor-0] c.n.d.s.r.aws.ConfigClusterResolver      : Resolving eureka endpoints via configuration
2026-02-18T12:44:14.573+05:30  INFO 6760 --- [admin-service] [trap-executor-0] c.n.d.s.r.aws.ConfigClusterResolver      : Resolving eureka endpoints via configuration
2026-02-18T12:49:14.595+05:30  INFO 6760 --- [admin-service] [trap-executor-0] c.n.d.s.r.aws.ConfigClusterResolver      : Resolving eureka endpoints via configuration
2026-02-18T12:54:14.611+05:30  INFO 6760 --- [admin-service] [trap-executor-0] c.n.d.s.r.aws.ConfigClusterResolver      : Resolving eureka endpoints via configuration
2026-02-18T12:59:14.629+05:30  INFO 6760 --- [admin-service] [trap-executor-0] c.n.d.s.r.aws.ConfigClusterResolver      : Resolving eureka endpoints via configuration
2026-02-18T13:04:14.774+05:30  INFO 6760 --- [admin-service] [trap-executor-0] c.n.d.s.r.aws.ConfigClusterResolver      : Resolving eureka endpoints via configuration
2026-02-18T14:07:38.436+05:30  WARN 6760 --- [admin-service] [l-1 housekeeper] com.zaxxer.hikari.pool.HikariPool        : HikariPool-1 - Thread starvation or clock leap detected (housekeeper delta=1h3m26s225ms589탎200ns).
2026-02-18T14:08:23.972+05:30  WARN 6760 --- [admin-service] [l-1 housekeeper] com.zaxxer.hikari.pool.HikariPool        : HikariPool-1 - Thread starvation or clock leap detected (housekeeper delta=46s653ms498탎500ns).
2026-02-18T14:12:11.058+05:30  INFO 6760 --- [admin-service] [trap-executor-0] c.n.d.s.r.aws.ConfigClusterResolver      : Resolving eureka endpoints via configuration
2026-02-18T14:17:11.133+05:30  INFO 6760 --- [admin-service] [trap-executor-0] c.n.d.s.r.aws.ConfigClusterResolver      : Resolving eureka endpoints via configuration
2026-02-18T14:22:11.163+05:30  INFO 6760 --- [admin-service] [trap-executor-0] c.n.d.s.r.aws.ConfigClusterResolver      : Resolving eureka endpoints via configuration
2026-02-18T14:24:34.834+05:30  WARN 6760 --- [admin-service] [l-1 housekeeper] com.zaxxer.hikari.pool.HikariPool        : HikariPool-1 - Thread starvation or clock leap detected (housekeeper delta=1m40s232ms585탎100ns).
2026-02-18T17:26:40.495+05:30  WARN 6760 --- [admin-service] [l-1 housekeeper] com.zaxxer.hikari.pool.HikariPool        : HikariPool-1 - Thread starvation or clock leap detected (housekeeper delta=3h2m6s193ms661탎100ns).
2026-02-18T18:12:32.333+05:30  WARN 6760 --- [admin-service] [l-1 housekeeper] com.zaxxer.hikari.pool.HikariPool        : HikariPool-1 - Thread starvation or clock leap detected (housekeeper delta=45m53s370ms805탎100ns).
2026-02-18T18:15:18.853+05:30  INFO 6760 --- [admin-service] [trap-executor-0] c.n.d.s.r.aws.ConfigClusterResolver      : Resolving eureka endpoints via configuration
2026-02-18T18:20:19.427+05:30  INFO 6760 --- [admin-service] [trap-executor-0] c.n.d.s.r.aws.ConfigClusterResolver      : Resolving eureka endpoints via configuration
2026-02-18T18:25:20.074+05:30  INFO 6760 --- [admin-service] [trap-executor-0] c.n.d.s.r.aws.ConfigClusterResolver      : Resolving eureka endpoints via configuration
2026-02-18T18:30:20.091+05:30  INFO 6760 --- [admin-service] [trap-executor-0] c.n.d.s.r.aws.ConfigClusterResolver      : Resolving eureka endpoints via configuration
2026-02-18T18:35:20.104+05:30  INFO 6760 --- [admin-service] [trap-executor-0] c.n.d.s.r.aws.ConfigClusterResolver      : Resolving eureka endpoints via configuration
2026-02-18T18:40:20.123+05:30  INFO 6760 --- [admin-service] [trap-executor-0] c.n.d.s.r.aws.ConfigClusterResolver      : Resolving eureka endpoints via configuration
2026-02-18T18:45:20.164+05:30  INFO 6760 --- [admin-service] [trap-executor-0] c.n.d.s.r.aws.ConfigClusterResolver      : Resolving eureka endpoints via configuration
2026-02-18T18:45:21.745+05:30  INFO 6760 --- [admin-service] [   File Watcher] rtingClassPathChangeChangedEventListener : Restarting due to 11 class path changes (0 additions, 0 deletions, 11 modifications)
2026-02-18T18:45:24.497+05:30  INFO 6760 --- [admin-service] [       Thread-1] o.s.c.n.e.s.EurekaServiceRegistry        : Unregistering application ADMIN-SERVICE with eureka with status DOWN
2026-02-18T18:45:24.497+05:30  INFO 6760 --- [admin-service] [       Thread-1] com.netflix.discovery.DiscoveryClient    : Saw local status change event StatusChangeEvent [timestamp=1771420524497, current=DOWN, previous=UP]
2026-02-18T18:45:24.520+05:30  INFO 6760 --- [admin-service] [nfoReplicator-0] com.netflix.discovery.DiscoveryClient    : DiscoveryClient_ADMIN-SERVICE/Rajat:admin-service:8022: registering service...
2026-02-18T18:45:26.596+05:30  INFO 6760 --- [admin-service] [nfoReplicator-0] com.netflix.discovery.DiscoveryClient    : DiscoveryClient_ADMIN-SERVICE/Rajat:admin-service:8022 - registration status: 204
2026-02-18T18:45:32.566+05:30  INFO 6760 --- [admin-service] [       Thread-1] j.LocalContainerEntityManagerFactoryBean : Closing JPA EntityManagerFactory for persistence unit 'default'
2026-02-18T18:45:37.058+05:30  INFO 6760 --- [admin-service] [       Thread-1] com.zaxxer.hikari.HikariDataSource       : HikariPool-1 - Shutdown initiated...
2026-02-18T18:45:37.900+05:30  INFO 6760 --- [admin-service] [       Thread-1] com.zaxxer.hikari.HikariDataSource       : HikariPool-1 - Shutdown completed.
2026-02-18T18:45:38.006+05:30  INFO 6760 --- [admin-service] [       Thread-1] com.netflix.discovery.DiscoveryClient    : Shutting down DiscoveryClient ...
2026-02-18T18:45:41.151+05:30  INFO 6760 --- [admin-service] [       Thread-1] com.netflix.discovery.DiscoveryClient    : Unregistering ...
2026-02-18T18:45:43.138+05:30  INFO 6760 --- [admin-service] [       Thread-1] com.netflix.discovery.DiscoveryClient    : DiscoveryClient_ADMIN-SERVICE/Rajat:admin-service:8022 - deregister  status: 200
2026-02-18T18:45:43.597+05:30  INFO 6760 --- [admin-service] [       Thread-1] com.netflix.discovery.DiscoveryClient    : Completed shut down of DiscoveryClient

  .   ____          _            __ _ _
 /\\ / ___'_ __ _ _(_)_ __  __ _ \ \ \ \
( ( )\___ | '_ | '_| | '_ \/ _` | \ \ \ \
 \\/  ___)| |_)| | | | | || (_| |  ) ) ) )
  '  |____| .__|_| |_|_| |_\__, | / / / /
 =========|_|==============|___/=/_/_/_/
 :: Spring Boot ::                (v3.2.1)

2026-02-18T18:46:36.691+05:30  INFO 6760 --- [admin-service] [  restartedMain] com.rv.admin.AdminApplication            : Starting AdminApplication using Java 17.0.10 with PID 6760 (C:\Users\Rajat\Desktop\Retail Microservices\SwiftCart\admin-service\target\classes started by Rajat in C:\Users\Rajat\Desktop\Retail Microservices\SwiftCart\admin-service)
2026-02-18T18:46:36.692+05:30  INFO 6760 --- [admin-service] [  restartedMain] com.rv.admin.AdminApplication            : No active profile set, falling back to 1 default profile: "default"
2026-02-18T18:46:38.891+05:30  INFO 6760 --- [admin-service] [  restartedMain] .s.d.r.c.RepositoryConfigurationDelegate : Bootstrapping Spring Data JPA repositories in DEFAULT mode.
2026-02-18T18:46:39.016+05:30  INFO 6760 --- [admin-service] [  restartedMain] .s.d.r.c.RepositoryConfigurationDelegate : Finished Spring Data repository scanning in 110 ms. Found 4 JPA repository interfaces.
2026-02-18T18:46:39.565+05:30  INFO 6760 --- [admin-service] [  restartedMain] o.s.cloud.context.scope.GenericScope     : BeanFactory id=edcc02e0-ab30-39a5-82dd-e62045c28c8b
2026-02-18T18:46:39.664+05:30  WARN 6760 --- [admin-service] [  restartedMain] trationDelegate$BeanPostProcessorChecker : Bean 'org.springframework.cloud.client.loadbalancer.LoadBalancerAutoConfiguration$LoadBalancerInterceptorConfig' of type [org.springframework.cloud.client.loadbalancer.LoadBalancerAutoConfiguration$LoadBalancerInterceptorConfig] is not eligible for getting processed by all BeanPostProcessors (for example: not eligible for auto-proxying). The currently created BeanPostProcessor [lbRestClientPostProcessor] is declared through a non-static factory method on that class; consider declaring it as static instead.
2026-02-18T18:46:39.669+05:30  WARN 6760 --- [admin-service] [  restartedMain] trationDelegate$BeanPostProcessorChecker : Bean 'org.springframework.cloud.loadbalancer.config.BlockingLoadBalancerClientAutoConfiguration' of type [org.springframework.cloud.loadbalancer.config.BlockingLoadBalancerClientAutoConfiguration] is not eligible for getting processed by all BeanPostProcessors (for example: not eligible for auto-proxying). Is this bean getting eagerly injected into a currently created BeanPostProcessor [lbRestClientPostProcessor]? Check the corresponding BeanPostProcessor declaration and its dependencies.
2026-02-18T18:46:39.671+05:30  WARN 6760 --- [admin-service] [  restartedMain] trationDelegate$BeanPostProcessorChecker : Bean 'org.springframework.cloud.loadbalancer.config.LoadBalancerAutoConfiguration' of type [org.springframework.cloud.loadbalancer.config.LoadBalancerAutoConfiguration] is not eligible for getting processed by all BeanPostProcessors (for example: not eligible for auto-proxying). Is this bean getting eagerly injected into a currently created BeanPostProcessor [lbRestClientPostProcessor]? Check the corresponding BeanPostProcessor declaration and its dependencies.
2026-02-18T18:46:39.682+05:30  WARN 6760 --- [admin-service] [  restartedMain] trationDelegate$BeanPostProcessorChecker : Bean 'org.springframework.cloud.commons.config.CommonsConfigAutoConfiguration' of type [org.springframework.cloud.commons.config.CommonsConfigAutoConfiguration] is not eligible for getting processed by all BeanPostProcessors (for example: not eligible for auto-proxying). Is this bean getting eagerly injected into a currently created BeanPostProcessor [lbRestClientPostProcessor]? Check the corresponding BeanPostProcessor declaration and its dependencies.
2026-02-18T18:46:39.684+05:30  WARN 6760 --- [admin-service] [  restartedMain] trationDelegate$BeanPostProcessorChecker : Bean 'org.springframework.cloud.client.loadbalancer.LoadBalancerDefaultMappingsProviderAutoConfiguration' of type [org.springframework.cloud.client.loadbalancer.LoadBalancerDefaultMappingsProviderAutoConfiguration] is not eligible for getting processed by all BeanPostProcessors (for example: not eligible for auto-proxying). Is this bean getting eagerly injected into a currently created BeanPostProcessor [lbRestClientPostProcessor]? Check the corresponding BeanPostProcessor declaration and its dependencies.
2026-02-18T18:46:39.685+05:30  WARN 6760 --- [admin-service] [  restartedMain] trationDelegate$BeanPostProcessorChecker : Bean 'loadBalancerClientsDefaultsMappingsProvider' of type [org.springframework.cloud.client.loadbalancer.LoadBalancerDefaultMappingsProviderAutoConfiguration$$Lambda$612/0x00000233c93ce9c8] is not eligible for getting processed by all BeanPostProcessors (for example: not eligible for auto-proxying). Is this bean getting eagerly injected into a currently created BeanPostProcessor [lbRestClientPostProcessor]? Check the corresponding BeanPostProcessor declaration and its dependencies.
2026-02-18T18:46:39.687+05:30  WARN 6760 --- [admin-service] [  restartedMain] trationDelegate$BeanPostProcessorChecker : Bean 'defaultsBindHandlerAdvisor' of type [org.springframework.cloud.commons.config.DefaultsBindHandlerAdvisor] is not eligible for getting processed by all BeanPostProcessors (for example: not eligible for auto-proxying). Is this bean getting eagerly injected into a currently created BeanPostProcessor [lbRestClientPostProcessor]? Check the corresponding BeanPostProcessor declaration and its dependencies.
2026-02-18T18:46:39.788+05:30  WARN 6760 --- [admin-service] [  restartedMain] trationDelegate$BeanPostProcessorChecker : Bean 'spring.cloud.loadbalancer-org.springframework.cloud.client.loadbalancer.LoadBalancerClientsProperties' of type [org.springframework.cloud.client.loadbalancer.LoadBalancerClientsProperties] is not eligible for getting processed by all BeanPostProcessors (for example: not eligible for auto-proxying). Is this bean getting eagerly injected into a currently created BeanPostProcessor [lbRestClientPostProcessor]? Check the corresponding BeanPostProcessor declaration and its dependencies.
2026-02-18T18:46:39.793+05:30  WARN 6760 --- [admin-service] [  restartedMain] trationDelegate$BeanPostProcessorChecker : Bean 'default.org.springframework.cloud.loadbalancer.config.LoadBalancerAutoConfiguration.LoadBalancerClientSpecification' of type [org.springframework.cloud.loadbalancer.annotation.LoadBalancerClientSpecification] is not eligible for getting processed by all BeanPostProcessors (for example: not eligible for auto-proxying). Is this bean getting eagerly injected into a currently created BeanPostProcessor [lbRestClientPostProcessor]? Check the corresponding BeanPostProcessor declaration and its dependencies.
2026-02-18T18:46:39.798+05:30  WARN 6760 --- [admin-service] [  restartedMain] trationDelegate$BeanPostProcessorChecker : Bean 'default.org.springframework.cloud.loadbalancer.config.BlockingLoadBalancerClientAutoConfiguration.LoadBalancerClientSpecification' of type [org.springframework.cloud.loadbalancer.annotation.LoadBalancerClientSpecification] is not eligible for getting processed by all BeanPostProcessors (for example: not eligible for auto-proxying). Is this bean getting eagerly injected into a currently created BeanPostProcessor [lbRestClientPostProcessor]? Check the corresponding BeanPostProcessor declaration and its dependencies.
2026-02-18T18:46:39.802+05:30  WARN 6760 --- [admin-service] [  restartedMain] trationDelegate$BeanPostProcessorChecker : Bean 'default.org.springframework.cloud.netflix.eureka.loadbalancer.LoadBalancerEurekaAutoConfiguration.LoadBalancerClientSpecification' of type [org.springframework.cloud.loadbalancer.annotation.LoadBalancerClientSpecification] is not eligible for getting processed by all BeanPostProcessors (for example: not eligible for auto-proxying). Is this bean getting eagerly injected into a currently created BeanPostProcessor [lbRestClientPostProcessor]? Check the corresponding BeanPostProcessor declaration and its dependencies.
2026-02-18T18:46:39.807+05:30  WARN 6760 --- [admin-service] [  restartedMain] trationDelegate$BeanPostProcessorChecker : Bean 'loadBalancerClientFactory' of type [org.springframework.cloud.loadbalancer.support.LoadBalancerClientFactory] is not eligible for getting processed by all BeanPostProcessors (for example: not eligible for auto-proxying). Is this bean getting eagerly injected into a currently created BeanPostProcessor [lbRestClientPostProcessor]? Check the corresponding BeanPostProcessor declaration and its dependencies.
2026-02-18T18:46:39.813+05:30  WARN 6760 --- [admin-service] [  restartedMain] trationDelegate$BeanPostProcessorChecker : Bean 'blockingLoadBalancerClient' of type [org.springframework.cloud.loadbalancer.blocking.client.BlockingLoadBalancerClient] is not eligible for getting processed by all BeanPostProcessors (for example: not eligible for auto-proxying). Is this bean getting eagerly injected into a currently created BeanPostProcessor [lbRestClientPostProcessor]? Check the corresponding BeanPostProcessor declaration and its dependencies.
2026-02-18T18:46:39.834+05:30  WARN 6760 --- [admin-service] [  restartedMain] trationDelegate$BeanPostProcessorChecker : Bean 'loadBalancerServiceInstanceCookieTransformer' of type [org.springframework.cloud.loadbalancer.core.LoadBalancerServiceInstanceCookieTransformer] is not eligible for getting processed by all BeanPostProcessors (for example: not eligible for auto-proxying). Is this bean getting eagerly injected into a currently created BeanPostProcessor [lbRestClientPostProcessor]? Check the corresponding BeanPostProcessor declaration and its dependencies.
2026-02-18T18:46:39.839+05:30  WARN 6760 --- [admin-service] [  restartedMain] trationDelegate$BeanPostProcessorChecker : Bean 'xForwarderHeadersTransformer' of type [org.springframework.cloud.loadbalancer.blocking.XForwardedHeadersTransformer] is not eligible for getting processed by all BeanPostProcessors (for example: not eligible for auto-proxying). Is this bean getting eagerly injected into a currently created BeanPostProcessor [lbRestClientPostProcessor]? Check the corresponding BeanPostProcessor declaration and its dependencies.
2026-02-18T18:46:39.842+05:30  WARN 6760 --- [admin-service] [  restartedMain] trationDelegate$BeanPostProcessorChecker : Bean 'org.springframework.cloud.client.loadbalancer.LoadBalancerAutoConfiguration' of type [org.springframework.cloud.client.loadbalancer.LoadBalancerAutoConfiguration] is not eligible for getting processed by all BeanPostProcessors (for example: not eligible for auto-proxying). Is this bean getting eagerly injected into a currently created BeanPostProcessor [lbRestClientPostProcessor]? Check the corresponding BeanPostProcessor declaration and its dependencies.
2026-02-18T18:46:39.846+05:30  WARN 6760 --- [admin-service] [  restartedMain] trationDelegate$BeanPostProcessorChecker : Bean 'loadBalancerRequestFactory' of type [org.springframework.cloud.client.loadbalancer.LoadBalancerRequestFactory] is not eligible for getting processed by all BeanPostProcessors (for example: not eligible for auto-proxying). Is this bean getting eagerly injected into a currently created BeanPostProcessor [lbRestClientPostProcessor]? Check the corresponding BeanPostProcessor declaration and its dependencies.
2026-02-18T18:46:39.849+05:30  WARN 6760 --- [admin-service] [  restartedMain] trationDelegate$BeanPostProcessorChecker : Bean 'loadBalancerInterceptor' of type [org.springframework.cloud.client.loadbalancer.LoadBalancerInterceptor] is not eligible for getting processed by all BeanPostProcessors (for example: not eligible for auto-proxying). Is this bean getting eagerly injected into a currently created BeanPostProcessor [lbRestClientPostProcessor]? Check the corresponding BeanPostProcessor declaration and its dependencies.
2026-02-18T18:46:41.300+05:30  INFO 6760 --- [admin-service] [  restartedMain] o.s.b.w.embedded.tomcat.TomcatWebServer  : Tomcat initialized with port 8022 (http)
2026-02-18T18:46:41.306+05:30  INFO 6760 --- [admin-service] [  restartedMain] o.apache.catalina.core.StandardService   : Starting service [Tomcat]
2026-02-18T18:46:41.308+05:30  INFO 6760 --- [admin-service] [  restartedMain] o.apache.catalina.core.StandardEngine    : Starting Servlet engine: [Apache Tomcat/10.1.17]
2026-02-18T18:46:41.621+05:30  INFO 6760 --- [admin-service] [  restartedMain] o.a.c.c.C.[Tomcat].[localhost].[/]       : Initializing Spring embedded WebApplicationContext
2026-02-18T18:46:41.623+05:30  INFO 6760 --- [admin-service] [  restartedMain] w.s.c.ServletWebServerApplicationContext : Root WebApplicationContext: initialization completed in 4916 ms
2026-02-18T18:46:41.912+05:30  INFO 6760 --- [admin-service] [  restartedMain] o.hibernate.jpa.internal.util.LogHelper  : HHH000204: Processing PersistenceUnitInfo [name: default]
2026-02-18T18:46:41.982+05:30  INFO 6760 --- [admin-service] [  restartedMain] o.h.c.internal.RegionFactoryInitiator    : HHH000026: Second-level cache disabled
2026-02-18T18:46:42.282+05:30  INFO 6760 --- [admin-service] [  restartedMain] o.s.o.j.p.SpringPersistenceUnitInfo      : No LoadTimeWeaver setup: ignoring JPA class transformer
2026-02-18T18:46:42.344+05:30  INFO 6760 --- [admin-service] [  restartedMain] com.zaxxer.hikari.HikariDataSource       : HikariPool-2 - Starting...
2026-02-18T18:46:42.668+05:30  INFO 6760 --- [admin-service] [  restartedMain] com.zaxxer.hikari.pool.HikariPool        : HikariPool-2 - Added connection com.mysql.cj.jdbc.ConnectionImpl@2e1ed1c
2026-02-18T18:46:42.676+05:30  INFO 6760 --- [admin-service] [  restartedMain] com.zaxxer.hikari.HikariDataSource       : HikariPool-2 - Start completed.
2026-02-18T18:46:44.456+05:30 ERROR 6760 --- [admin-service] [  restartedMain] j.LocalContainerEntityManagerFactoryBean : Failed to initialize JPA EntityManagerFactory: [PersistenceUnit: default] Unable to build Hibernate SessionFactory; nested exception is org.hibernate.InstantiationException: Could not instantiate entity 'com.rv.admin.entity.ProductCategoryEntity' due to: null
2026-02-18T18:46:44.456+05:30  WARN 6760 --- [admin-service] [  restartedMain] ConfigServletWebServerApplicationContext : Exception encountered during context initialization - cancelling refresh attempt: org.springframework.beans.factory.BeanCreationException: Error creating bean with name 'entityManagerFactory' defined in class path resource [org/springframework/boot/autoconfigure/orm/jpa/HibernateJpaConfiguration.class]: [PersistenceUnit: default] Unable to build Hibernate SessionFactory; nested exception is org.hibernate.InstantiationException: Could not instantiate entity 'com.rv.admin.entity.ProductCategoryEntity' due to: null
2026-02-18T18:46:44.456+05:30  INFO 6760 --- [admin-service] [  restartedMain] com.zaxxer.hikari.HikariDataSource       : HikariPool-2 - Shutdown initiated...
2026-02-18T18:46:44.504+05:30  INFO 6760 --- [admin-service] [  restartedMain] com.zaxxer.hikari.HikariDataSource       : HikariPool-2 - Shutdown completed.
2026-02-18T18:46:44.507+05:30  INFO 6760 --- [admin-service] [  restartedMain] o.apache.catalina.core.StandardService   : Stopping service [Tomcat]
2026-02-18T18:46:44.620+05:30  INFO 6760 --- [admin-service] [  restartedMain] .s.b.a.l.ConditionEvaluationReportLogger : 

Error starting ApplicationContext. To display the condition evaluation report re-run your application with 'debug' enabled.
2026-02-18T18:46:44.967+05:30 ERROR 6760 --- [admin-service] [  restartedMain] o.s.boot.SpringApplication               : Application run failed

org.springframework.beans.factory.BeanCreationException: Error creating bean with name 'entityManagerFactory' defined in class path resource [org/springframework/boot/autoconfigure/orm/jpa/HibernateJpaConfiguration.class]: [PersistenceUnit: default] Unable to build Hibernate SessionFactory; nested exception is org.hibernate.InstantiationException: Could not instantiate entity 'com.rv.admin.entity.ProductCategoryEntity' due to: null
	at org.springframework.beans.factory.support.AbstractAutowireCapableBeanFactory.initializeBean(AbstractAutowireCapableBeanFactory.java:1773) ~[spring-beans-6.1.2.jar:6.1.2]
	at org.springframework.beans.factory.support.AbstractAutowireCapableBeanFactory.doCreateBean(AbstractAutowireCapableBeanFactory.java:599) ~[spring-beans-6.1.2.jar:6.1.2]
	at org.springframework.beans.factory.support.AbstractAutowireCapableBeanFactory.createBean(AbstractAutowireCapableBeanFactory.java:521) ~[spring-beans-6.1.2.jar:6.1.2]
	at org.springframework.beans.factory.support.AbstractBeanFactory.lambda$doGetBean$0(AbstractBeanFactory.java:325) ~[spring-beans-6.1.2.jar:6.1.2]
	at org.springframework.beans.factory.support.DefaultSingletonBeanRegistry.getSingleton(DefaultSingletonBeanRegistry.java:234) ~[spring-beans-6.1.2.jar:6.1.2]
	at org.springframework.beans.factory.support.AbstractBeanFactory.doGetBean(AbstractBeanFactory.java:323) ~[spring-beans-6.1.2.jar:6.1.2]
	at org.springframework.beans.factory.support.AbstractBeanFactory.getBean(AbstractBeanFactory.java:199) ~[spring-beans-6.1.2.jar:6.1.2]
	at org.springframework.context.support.AbstractApplicationContext.getBean(AbstractApplicationContext.java:1232) ~[spring-context-6.1.2.jar:6.1.2]
	at org.springframework.context.support.AbstractApplicationContext.finishBeanFactoryInitialization(AbstractApplicationContext.java:950) ~[spring-context-6.1.2.jar:6.1.2]
	at org.springframework.context.support.AbstractApplicationContext.refresh(AbstractApplicationContext.java:625) ~[spring-context-6.1.2.jar:6.1.2]
	at org.springframework.boot.web.servlet.context.ServletWebServerApplicationContext.refresh(ServletWebServerApplicationContext.java:146) ~[spring-boot-3.2.1.jar:3.2.1]
	at org.springframework.boot.SpringApplication.refresh(SpringApplication.java:762) ~[spring-boot-3.2.1.jar:3.2.1]
	at org.springframework.boot.SpringApplication.refreshContext(SpringApplication.java:464) ~[spring-boot-3.2.1.jar:3.2.1]
	at org.springframework.boot.SpringApplication.run(SpringApplication.java:334) ~[spring-boot-3.2.1.jar:3.2.1]
	at org.springframework.boot.SpringApplication.run(SpringApplication.java:1358) ~[spring-boot-3.2.1.jar:3.2.1]
	at org.springframework.boot.SpringApplication.run(SpringApplication.java:1347) ~[spring-boot-3.2.1.jar:3.2.1]
	at com.rv.admin.AdminApplication.main(AdminApplication.java:14) ~[classes/:na]
	at java.base/jdk.internal.reflect.NativeMethodAccessorImpl.invoke0(Native Method) ~[na:na]
	at java.base/jdk.internal.reflect.NativeMethodAccessorImpl.invoke(NativeMethodAccessorImpl.java:77) ~[na:na]
	at java.base/jdk.internal.reflect.DelegatingMethodAccessorImpl.invoke(DelegatingMethodAccessorImpl.java:43) ~[na:na]
	at java.base/java.lang.reflect.Method.invoke(Method.java:568) ~[na:na]
	at org.springframework.boot.devtools.restart.RestartLauncher.run(RestartLauncher.java:50) ~[spring-boot-devtools-3.2.1.jar:3.2.1]
Caused by: jakarta.persistence.PersistenceException: [PersistenceUnit: default] Unable to build Hibernate SessionFactory; nested exception is org.hibernate.InstantiationException: Could not instantiate entity 'com.rv.admin.entity.ProductCategoryEntity' due to: null
	at org.springframework.orm.jpa.AbstractEntityManagerFactoryBean.buildNativeEntityManagerFactory(AbstractEntityManagerFactoryBean.java:421) ~[spring-orm-6.1.2.jar:6.1.2]
	at org.springframework.orm.jpa.AbstractEntityManagerFactoryBean.afterPropertiesSet(AbstractEntityManagerFactoryBean.java:396) ~[spring-orm-6.1.2.jar:6.1.2]
	at org.springframework.orm.jpa.LocalContainerEntityManagerFactoryBean.afterPropertiesSet(LocalContainerEntityManagerFactoryBean.java:352) ~[spring-orm-6.1.2.jar:6.1.2]
	at org.springframework.beans.factory.support.AbstractAutowireCapableBeanFactory.invokeInitMethods(AbstractAutowireCapableBeanFactory.java:1820) ~[spring-beans-6.1.2.jar:6.1.2]
	at org.springframework.beans.factory.support.AbstractAutowireCapableBeanFactory.initializeBean(AbstractAutowireCapableBeanFactory.java:1769) ~[spring-beans-6.1.2.jar:6.1.2]
	... 21 common frames omitted
Caused by: org.hibernate.InstantiationException: Could not instantiate entity 'com.rv.admin.entity.ProductCategoryEntity' due to: null
	at org.hibernate.metamodel.internal.EntityInstantiatorPojoStandard.instantiate(EntityInstantiatorPojoStandard.java:100) ~[hibernate-core-6.4.1.Final.jar:6.4.1.Final]
	at org.hibernate.persister.entity.AbstractEntityPersister.lambda$prepareMappingModel$15(AbstractEntityPersister.java:5098) ~[hibernate-core-6.4.1.Final.jar:6.4.1.Final]
	at org.hibernate.internal.util.LazyValue.getValue(LazyValue.java:30) ~[hibernate-core-6.4.1.Final.jar:6.4.1.Final]
	at org.hibernate.engine.internal.UnsavedValueFactory.getUnsavedIdentifierValue(UnsavedValueFactory.java:45) ~[hibernate-core-6.4.1.Final.jar:6.4.1.Final]
	at org.hibernate.metamodel.mapping.internal.BasicEntityIdentifierMappingImpl.<init>(BasicEntityIdentifierMappingImpl.java:119) ~[hibernate-core-6.4.1.Final.jar:6.4.1.Final]
	at org.hibernate.persister.entity.AbstractEntityPersister.generateIdentifierMapping(AbstractEntityPersister.java:5464) ~[hibernate-core-6.4.1.Final.jar:6.4.1.Final]
	at org.hibernate.persister.entity.AbstractEntityPersister.lambda$prepareMappingModel$16(AbstractEntityPersister.java:5103) ~[hibernate-core-6.4.1.Final.jar:6.4.1.Final]
	at org.hibernate.metamodel.mapping.internal.MappingModelCreationProcess.processSubPart(MappingModelCreationProcess.java:163) ~[hibernate-core-6.4.1.Final.jar:6.4.1.Final]
	at org.hibernate.persister.entity.AbstractEntityPersister.prepareMappingModel(AbstractEntityPersister.java:5101) ~[hibernate-core-6.4.1.Final.jar:6.4.1.Final]
	at org.hibernate.persister.entity.AbstractEntityPersister.prepareMappingModel(AbstractEntityPersister.java:4941) ~[hibernate-core-6.4.1.Final.jar:6.4.1.Final]
	at org.hibernate.metamodel.mapping.internal.MappingModelCreationProcess.execute(MappingModelCreationProcess.java:84) ~[hibernate-core-6.4.1.Final.jar:6.4.1.Final]
	at org.hibernate.metamodel.mapping.internal.MappingModelCreationProcess.process(MappingModelCreationProcess.java:42) ~[hibernate-core-6.4.1.Final.jar:6.4.1.Final]
	at org.hibernate.metamodel.model.domain.internal.MappingMetamodelImpl.finishInitialization(MappingMetamodelImpl.java:198) ~[hibernate-core-6.4.1.Final.jar:6.4.1.Final]
	at org.hibernate.internal.SessionFactoryImpl.initializeMappingModel(SessionFactoryImpl.java:364) ~[hibernate-core-6.4.1.Final.jar:6.4.1.Final]
	at org.hibernate.internal.SessionFactoryImpl.<init>(SessionFactoryImpl.java:293) ~[hibernate-core-6.4.1.Final.jar:6.4.1.Final]
	at org.hibernate.boot.internal.SessionFactoryBuilderImpl.build(SessionFactoryBuilderImpl.java:450) ~[hibernate-core-6.4.1.Final.jar:6.4.1.Final]
	at org.hibernate.jpa.boot.internal.EntityManagerFactoryBuilderImpl.build(EntityManagerFactoryBuilderImpl.java:1507) ~[hibernate-core-6.4.1.Final.jar:6.4.1.Final]
	at org.springframework.orm.jpa.vendor.SpringHibernateJpaPersistenceProvider.createContainerEntityManagerFactory(SpringHibernateJpaPersistenceProvider.java:75) ~[spring-orm-6.1.2.jar:6.1.2]
	at org.springframework.orm.jpa.LocalContainerEntityManagerFactoryBean.createNativeEntityManagerFactory(LocalContainerEntityManagerFactoryBean.java:376) ~[spring-orm-6.1.2.jar:6.1.2]
	at org.springframework.orm.jpa.AbstractEntityManagerFactoryBean.buildNativeEntityManagerFactory(AbstractEntityManagerFactoryBean.java:409) ~[spring-orm-6.1.2.jar:6.1.2]
	... 25 common frames omitted
Caused by: java.lang.reflect.InvocationTargetException: null
	at java.base/jdk.internal.reflect.NativeConstructorAccessorImpl.newInstance0(Native Method) ~[na:na]
	at java.base/jdk.internal.reflect.NativeConstructorAccessorImpl.newInstance(NativeConstructorAccessorImpl.java:77) ~[na:na]
	at java.base/jdk.internal.reflect.DelegatingConstructorAccessorImpl.newInstance(DelegatingConstructorAccessorImpl.java:45) ~[na:na]
	at java.base/java.lang.reflect.Constructor.newInstanceWithCaller(Constructor.java:499) ~[na:na]
	at java.base/java.lang.reflect.Constructor.newInstance(Constructor.java:480) ~[na:na]
	at org.hibernate.metamodel.internal.EntityInstantiatorPojoStandard.instantiate(EntityInstantiatorPojoStandard.java:97) ~[hibernate-core-6.4.1.Final.jar:6.4.1.Final]
	... 44 common frames omitted
Caused by: java.lang.Error: Unresolved compilation problem: 
	UpdateTimestamp cannot be resolved to a type

	at com.rv.admin.entity.ProductCategoryEntity.<init>(ProductCategoryEntity.java:45) ~[classes/:na]
	... 50 common frames omitted


  .   ____          _            __ _ _
 /\\ / ___'_ __ _ _(_)_ __  __ _ \ \ \ \
( ( )\___ | '_ | '_| | '_ \/ _` | \ \ \ \
 \\/  ___)| |_)| | | | | || (_| |  ) ) ) )
  '  |____| .__|_| |_|_| |_\__, | / / / /
 =========|_|==============|___/=/_/_/_/
 :: Spring Boot ::                (v3.2.1)

2026-02-18T18:46:46.827+05:30  INFO 6760 --- [admin-service] [  restartedMain] com.rv.admin.AdminApplication            : Starting AdminApplication using Java 17.0.10 with PID 6760 (C:\Users\Rajat\Desktop\Retail Microservices\SwiftCart\admin-service\target\classes started by Rajat in C:\Users\Rajat\Desktop\Retail Microservices\SwiftCart\admin-service)
2026-02-18T18:46:46.828+05:30  INFO 6760 --- [admin-service] [  restartedMain] com.rv.admin.AdminApplication            : No active profile set, falling back to 1 default profile: "default"
2026-02-18T18:46:47.965+05:30  INFO 6760 --- [admin-service] [  restartedMain] .s.d.r.c.RepositoryConfigurationDelegate : Bootstrapping Spring Data JPA repositories in DEFAULT mode.
2026-02-18T18:46:48.017+05:30  INFO 6760 --- [admin-service] [  restartedMain] .s.d.r.c.RepositoryConfigurationDelegate : Finished Spring Data repository scanning in 51 ms. Found 4 JPA repository interfaces.
2026-02-18T18:46:48.461+05:30  INFO 6760 --- [admin-service] [  restartedMain] o.s.cloud.context.scope.GenericScope     : BeanFactory id=edcc02e0-ab30-39a5-82dd-e62045c28c8b
2026-02-18T18:46:48.539+05:30  WARN 6760 --- [admin-service] [  restartedMain] trationDelegate$BeanPostProcessorChecker : Bean 'org.springframework.cloud.client.loadbalancer.LoadBalancerAutoConfiguration$LoadBalancerInterceptorConfig' of type [org.springframework.cloud.client.loadbalancer.LoadBalancerAutoConfiguration$LoadBalancerInterceptorConfig] is not eligible for getting processed by all BeanPostProcessors (for example: not eligible for auto-proxying). The currently created BeanPostProcessor [lbRestClientPostProcessor] is declared through a non-static factory method on that class; consider declaring it as static instead.
2026-02-18T18:46:48.541+05:30  WARN 6760 --- [admin-service] [  restartedMain] trationDelegate$BeanPostProcessorChecker : Bean 'org.springframework.cloud.loadbalancer.config.BlockingLoadBalancerClientAutoConfiguration' of type [org.springframework.cloud.loadbalancer.config.BlockingLoadBalancerClientAutoConfiguration] is not eligible for getting processed by all BeanPostProcessors (for example: not eligible for auto-proxying). Is this bean getting eagerly injected into a currently created BeanPostProcessor [lbRestClientPostProcessor]? Check the corresponding BeanPostProcessor declaration and its dependencies.
2026-02-18T18:46:48.541+05:30  WARN 6760 --- [admin-service] [  restartedMain] trationDelegate$BeanPostProcessorChecker : Bean 'org.springframework.cloud.loadbalancer.config.LoadBalancerAutoConfiguration' of type [org.springframework.cloud.loadbalancer.config.LoadBalancerAutoConfiguration] is not eligible for getting processed by all BeanPostProcessors (for example: not eligible for auto-proxying). Is this bean getting eagerly injected into a currently created BeanPostProcessor [lbRestClientPostProcessor]? Check the corresponding BeanPostProcessor declaration and its dependencies.
2026-02-18T18:46:48.554+05:30  WARN 6760 --- [admin-service] [  restartedMain] trationDelegate$BeanPostProcessorChecker : Bean 'org.springframework.cloud.commons.config.CommonsConfigAutoConfiguration' of type [org.springframework.cloud.commons.config.CommonsConfigAutoConfiguration] is not eligible for getting processed by all BeanPostProcessors (for example: not eligible for auto-proxying). Is this bean getting eagerly injected into a currently created BeanPostProcessor [lbRestClientPostProcessor]? Check the corresponding BeanPostProcessor declaration and its dependencies.
2026-02-18T18:46:48.554+05:30  WARN 6760 --- [admin-service] [  restartedMain] trationDelegate$BeanPostProcessorChecker : Bean 'org.springframework.cloud.client.loadbalancer.LoadBalancerDefaultMappingsProviderAutoConfiguration' of type [org.springframework.cloud.client.loadbalancer.LoadBalancerDefaultMappingsProviderAutoConfiguration] is not eligible for getting processed by all BeanPostProcessors (for example: not eligible for auto-proxying). Is this bean getting eagerly injected into a currently created BeanPostProcessor [lbRestClientPostProcessor]? Check the corresponding BeanPostProcessor declaration and its dependencies.
2026-02-18T18:46:48.554+05:30  WARN 6760 --- [admin-service] [  restartedMain] trationDelegate$BeanPostProcessorChecker : Bean 'loadBalancerClientsDefaultsMappingsProvider' of type [org.springframework.cloud.client.loadbalancer.LoadBalancerDefaultMappingsProviderAutoConfiguration$$Lambda$612/0x00000233c93ce9c8] is not eligible for getting processed by all BeanPostProcessors (for example: not eligible for auto-proxying). Is this bean getting eagerly injected into a currently created BeanPostProcessor [lbRestClientPostProcessor]? Check the corresponding BeanPostProcessor declaration and its dependencies.
2026-02-18T18:46:48.563+05:30  WARN 6760 --- [admin-service] [  restartedMain] trationDelegate$BeanPostProcessorChecker : Bean 'defaultsBindHandlerAdvisor' of type [org.springframework.cloud.commons.config.DefaultsBindHandlerAdvisor] is not eligible for getting processed by all BeanPostProcessors (for example: not eligible for auto-proxying). Is this bean getting eagerly injected into a currently created BeanPostProcessor [lbRestClientPostProcessor]? Check the corresponding BeanPostProcessor declaration and its dependencies.
2026-02-18T18:46:48.574+05:30  WARN 6760 --- [admin-service] [  restartedMain] trationDelegate$BeanPostProcessorChecker : Bean 'spring.cloud.loadbalancer-org.springframework.cloud.client.loadbalancer.LoadBalancerClientsProperties' of type [org.springframework.cloud.client.loadbalancer.LoadBalancerClientsProperties] is not eligible for getting processed by all BeanPostProcessors (for example: not eligible for auto-proxying). Is this bean getting eagerly injected into a currently created BeanPostProcessor [lbRestClientPostProcessor]? Check the corresponding BeanPostProcessor declaration and its dependencies.
2026-02-18T18:46:48.576+05:30  WARN 6760 --- [admin-service] [  restartedMain] trationDelegate$BeanPostProcessorChecker : Bean 'default.org.springframework.cloud.loadbalancer.config.LoadBalancerAutoConfiguration.LoadBalancerClientSpecification' of type [org.springframework.cloud.loadbalancer.annotation.LoadBalancerClientSpecification] is not eligible for getting processed by all BeanPostProcessors (for example: not eligible for auto-proxying). Is this bean getting eagerly injected into a currently created BeanPostProcessor [lbRestClientPostProcessor]? Check the corresponding BeanPostProcessor declaration and its dependencies.
2026-02-18T18:46:48.576+05:30  WARN 6760 --- [admin-service] [  restartedMain] trationDelegate$BeanPostProcessorChecker : Bean 'default.org.springframework.cloud.loadbalancer.config.BlockingLoadBalancerClientAutoConfiguration.LoadBalancerClientSpecification' of type [org.springframework.cloud.loadbalancer.annotation.LoadBalancerClientSpecification] is not eligible for getting processed by all BeanPostProcessors (for example: not eligible for auto-proxying). Is this bean getting eagerly injected into a currently created BeanPostProcessor [lbRestClientPostProcessor]? Check the corresponding BeanPostProcessor declaration and its dependencies.
2026-02-18T18:46:48.583+05:30  WARN 6760 --- [admin-service] [  restartedMain] trationDelegate$BeanPostProcessorChecker : Bean 'default.org.springframework.cloud.netflix.eureka.loadbalancer.LoadBalancerEurekaAutoConfiguration.LoadBalancerClientSpecification' of type [org.springframework.cloud.loadbalancer.annotation.LoadBalancerClientSpecification] is not eligible for getting processed by all BeanPostProcessors (for example: not eligible for auto-proxying). Is this bean getting eagerly injected into a currently created BeanPostProcessor [lbRestClientPostProcessor]? Check the corresponding BeanPostProcessor declaration and its dependencies.
2026-02-18T18:46:48.586+05:30  WARN 6760 --- [admin-service] [  restartedMain] trationDelegate$BeanPostProcessorChecker : Bean 'loadBalancerClientFactory' of type [org.springframework.cloud.loadbalancer.support.LoadBalancerClientFactory] is not eligible for getting processed by all BeanPostProcessors (for example: not eligible for auto-proxying). Is this bean getting eagerly injected into a currently created BeanPostProcessor [lbRestClientPostProcessor]? Check the corresponding BeanPostProcessor declaration and its dependencies.
2026-02-18T18:46:48.586+05:30  WARN 6760 --- [admin-service] [  restartedMain] trationDelegate$BeanPostProcessorChecker : Bean 'blockingLoadBalancerClient' of type [org.springframework.cloud.loadbalancer.blocking.client.BlockingLoadBalancerClient] is not eligible for getting processed by all BeanPostProcessors (for example: not eligible for auto-proxying). Is this bean getting eagerly injected into a currently created BeanPostProcessor [lbRestClientPostProcessor]? Check the corresponding BeanPostProcessor declaration and its dependencies.
2026-02-18T18:46:48.598+05:30  WARN 6760 --- [admin-service] [  restartedMain] trationDelegate$BeanPostProcessorChecker : Bean 'loadBalancerServiceInstanceCookieTransformer' of type [org.springframework.cloud.loadbalancer.core.LoadBalancerServiceInstanceCookieTransformer] is not eligible for getting processed by all BeanPostProcessors (for example: not eligible for auto-proxying). Is this bean getting eagerly injected into a currently created BeanPostProcessor [lbRestClientPostProcessor]? Check the corresponding BeanPostProcessor declaration and its dependencies.
2026-02-18T18:46:48.602+05:30  WARN 6760 --- [admin-service] [  restartedMain] trationDelegate$BeanPostProcessorChecker : Bean 'xForwarderHeadersTransformer' of type [org.springframework.cloud.loadbalancer.blocking.XForwardedHeadersTransformer] is not eligible for getting processed by all BeanPostProcessors (for example: not eligible for auto-proxying). Is this bean getting eagerly injected into a currently created BeanPostProcessor [lbRestClientPostProcessor]? Check the corresponding BeanPostProcessor declaration and its dependencies.
2026-02-18T18:46:48.603+05:30  WARN 6760 --- [admin-service] [  restartedMain] trationDelegate$BeanPostProcessorChecker : Bean 'org.springframework.cloud.client.loadbalancer.LoadBalancerAutoConfiguration' of type [org.springframework.cloud.client.loadbalancer.LoadBalancerAutoConfiguration] is not eligible for getting processed by all BeanPostProcessors (for example: not eligible for auto-proxying). Is this bean getting eagerly injected into a currently created BeanPostProcessor [lbRestClientPostProcessor]? Check the corresponding BeanPostProcessor declaration and its dependencies.
2026-02-18T18:46:48.606+05:30  WARN 6760 --- [admin-service] [  restartedMain] trationDelegate$BeanPostProcessorChecker : Bean 'loadBalancerRequestFactory' of type [org.springframework.cloud.client.loadbalancer.LoadBalancerRequestFactory] is not eligible for getting processed by all BeanPostProcessors (for example: not eligible for auto-proxying). Is this bean getting eagerly injected into a currently created BeanPostProcessor [lbRestClientPostProcessor]? Check the corresponding BeanPostProcessor declaration and its dependencies.
2026-02-18T18:46:48.608+05:30  WARN 6760 --- [admin-service] [  restartedMain] trationDelegate$BeanPostProcessorChecker : Bean 'loadBalancerInterceptor' of type [org.springframework.cloud.client.loadbalancer.LoadBalancerInterceptor] is not eligible for getting processed by all BeanPostProcessors (for example: not eligible for auto-proxying). Is this bean getting eagerly injected into a currently created BeanPostProcessor [lbRestClientPostProcessor]? Check the corresponding BeanPostProcessor declaration and its dependencies.
2026-02-18T18:46:48.791+05:30  INFO 6760 --- [admin-service] [  restartedMain] o.s.b.w.embedded.tomcat.TomcatWebServer  : Tomcat initialized with port 8022 (http)
2026-02-18T18:46:48.798+05:30  INFO 6760 --- [admin-service] [  restartedMain] o.apache.catalina.core.StandardService   : Starting service [Tomcat]
2026-02-18T18:46:48.798+05:30  INFO 6760 --- [admin-service] [  restartedMain] o.apache.catalina.core.StandardEngine    : Starting Servlet engine: [Apache Tomcat/10.1.17]
2026-02-18T18:46:49.044+05:30  INFO 6760 --- [admin-service] [  restartedMain] o.a.c.c.C.[Tomcat-1].[localhost].[/]     : Initializing Spring embedded WebApplicationContext
2026-02-18T18:46:49.046+05:30  INFO 6760 --- [admin-service] [  restartedMain] w.s.c.ServletWebServerApplicationContext : Root WebApplicationContext: initialization completed in 2213 ms
2026-02-18T18:46:49.143+05:30  INFO 6760 --- [admin-service] [  restartedMain] o.hibernate.jpa.internal.util.LogHelper  : HHH000204: Processing PersistenceUnitInfo [name: default]
2026-02-18T18:46:49.149+05:30  INFO 6760 --- [admin-service] [  restartedMain] o.h.c.internal.RegionFactoryInitiator    : HHH000026: Second-level cache disabled
2026-02-18T18:46:49.157+05:30  INFO 6760 --- [admin-service] [  restartedMain] o.s.o.j.p.SpringPersistenceUnitInfo      : No LoadTimeWeaver setup: ignoring JPA class transformer
2026-02-18T18:46:49.159+05:30  INFO 6760 --- [admin-service] [  restartedMain] com.zaxxer.hikari.HikariDataSource       : HikariPool-3 - Starting...
2026-02-18T18:46:49.246+05:30  INFO 6760 --- [admin-service] [  restartedMain] com.zaxxer.hikari.pool.HikariPool        : HikariPool-3 - Added connection com.mysql.cj.jdbc.ConnectionImpl@556ba326
2026-02-18T18:46:49.248+05:30  INFO 6760 --- [admin-service] [  restartedMain] com.zaxxer.hikari.HikariDataSource       : HikariPool-3 - Start completed.
2026-02-18T18:46:49.580+05:30 ERROR 6760 --- [admin-service] [  restartedMain] j.LocalContainerEntityManagerFactoryBean : Failed to initialize JPA EntityManagerFactory: [PersistenceUnit: default] Unable to build Hibernate SessionFactory; nested exception is org.hibernate.InstantiationException: Could not instantiate entity 'com.rv.admin.entity.ProductCategoryEntity' due to: null
2026-02-18T18:46:49.592+05:30  WARN 6760 --- [admin-service] [  restartedMain] ConfigServletWebServerApplicationContext : Exception encountered during context initialization - cancelling refresh attempt: org.springframework.beans.factory.BeanCreationException: Error creating bean with name 'entityManagerFactory' defined in class path resource [org/springframework/boot/autoconfigure/orm/jpa/HibernateJpaConfiguration.class]: [PersistenceUnit: default] Unable to build Hibernate SessionFactory; nested exception is org.hibernate.InstantiationException: Could not instantiate entity 'com.rv.admin.entity.ProductCategoryEntity' due to: null
2026-02-18T18:46:49.592+05:30  INFO 6760 --- [admin-service] [  restartedMain] com.zaxxer.hikari.HikariDataSource       : HikariPool-3 - Shutdown initiated...
2026-02-18T18:46:49.643+05:30  INFO 6760 --- [admin-service] [  restartedMain] com.zaxxer.hikari.HikariDataSource       : HikariPool-3 - Shutdown completed.
2026-02-18T18:46:49.643+05:30  INFO 6760 --- [admin-service] [  restartedMain] o.apache.catalina.core.StandardService   : Stopping service [Tomcat]
2026-02-18T18:46:49.669+05:30  INFO 6760 --- [admin-service] [  restartedMain] .s.b.a.l.ConditionEvaluationReportLogger : 

Error starting ApplicationContext. To display the condition evaluation report re-run your application with 'debug' enabled.
2026-02-18T18:46:49.689+05:30 ERROR 6760 --- [admin-service] [  restartedMain] o.s.boot.SpringApplication               : Application run failed

org.springframework.beans.factory.BeanCreationException: Error creating bean with name 'entityManagerFactory' defined in class path resource [org/springframework/boot/autoconfigure/orm/jpa/HibernateJpaConfiguration.class]: [PersistenceUnit: default] Unable to build Hibernate SessionFactory; nested exception is org.hibernate.InstantiationException: Could not instantiate entity 'com.rv.admin.entity.ProductCategoryEntity' due to: null
	at org.springframework.beans.factory.support.AbstractAutowireCapableBeanFactory.initializeBean(AbstractAutowireCapableBeanFactory.java:1773) ~[spring-beans-6.1.2.jar:6.1.2]
	at org.springframework.beans.factory.support.AbstractAutowireCapableBeanFactory.doCreateBean(AbstractAutowireCapableBeanFactory.java:599) ~[spring-beans-6.1.2.jar:6.1.2]
	at org.springframework.beans.factory.support.AbstractAutowireCapableBeanFactory.createBean(AbstractAutowireCapableBeanFactory.java:521) ~[spring-beans-6.1.2.jar:6.1.2]
	at org.springframework.beans.factory.support.AbstractBeanFactory.lambda$doGetBean$0(AbstractBeanFactory.java:325) ~[spring-beans-6.1.2.jar:6.1.2]
	at org.springframework.beans.factory.support.DefaultSingletonBeanRegistry.getSingleton(DefaultSingletonBeanRegistry.java:234) ~[spring-beans-6.1.2.jar:6.1.2]
	at org.springframework.beans.factory.support.AbstractBeanFactory.doGetBean(AbstractBeanFactory.java:323) ~[spring-beans-6.1.2.jar:6.1.2]
	at org.springframework.beans.factory.support.AbstractBeanFactory.getBean(AbstractBeanFactory.java:199) ~[spring-beans-6.1.2.jar:6.1.2]
	at org.springframework.context.support.AbstractApplicationContext.getBean(AbstractApplicationContext.java:1232) ~[spring-context-6.1.2.jar:6.1.2]
	at org.springframework.context.support.AbstractApplicationContext.finishBeanFactoryInitialization(AbstractApplicationContext.java:950) ~[spring-context-6.1.2.jar:6.1.2]
	at org.springframework.context.support.AbstractApplicationContext.refresh(AbstractApplicationContext.java:625) ~[spring-context-6.1.2.jar:6.1.2]
	at org.springframework.boot.web.servlet.context.ServletWebServerApplicationContext.refresh(ServletWebServerApplicationContext.java:146) ~[spring-boot-3.2.1.jar:3.2.1]
	at org.springframework.boot.SpringApplication.refresh(SpringApplication.java:762) ~[spring-boot-3.2.1.jar:3.2.1]
	at org.springframework.boot.SpringApplication.refreshContext(SpringApplication.java:464) ~[spring-boot-3.2.1.jar:3.2.1]
	at org.springframework.boot.SpringApplication.run(SpringApplication.java:334) ~[spring-boot-3.2.1.jar:3.2.1]
	at org.springframework.boot.SpringApplication.run(SpringApplication.java:1358) ~[spring-boot-3.2.1.jar:3.2.1]
	at org.springframework.boot.SpringApplication.run(SpringApplication.java:1347) ~[spring-boot-3.2.1.jar:3.2.1]
	at com.rv.admin.AdminApplication.main(AdminApplication.java:14) ~[classes/:na]
	at java.base/jdk.internal.reflect.NativeMethodAccessorImpl.invoke0(Native Method) ~[na:na]
	at java.base/jdk.internal.reflect.NativeMethodAccessorImpl.invoke(NativeMethodAccessorImpl.java:77) ~[na:na]
	at java.base/jdk.internal.reflect.DelegatingMethodAccessorImpl.invoke(DelegatingMethodAccessorImpl.java:43) ~[na:na]
	at java.base/java.lang.reflect.Method.invoke(Method.java:568) ~[na:na]
	at org.springframework.boot.devtools.restart.RestartLauncher.run(RestartLauncher.java:50) ~[spring-boot-devtools-3.2.1.jar:3.2.1]
Caused by: jakarta.persistence.PersistenceException: [PersistenceUnit: default] Unable to build Hibernate SessionFactory; nested exception is org.hibernate.InstantiationException: Could not instantiate entity 'com.rv.admin.entity.ProductCategoryEntity' due to: null
	at org.springframework.orm.jpa.AbstractEntityManagerFactoryBean.buildNativeEntityManagerFactory(AbstractEntityManagerFactoryBean.java:421) ~[spring-orm-6.1.2.jar:6.1.2]
	at org.springframework.orm.jpa.AbstractEntityManagerFactoryBean.afterPropertiesSet(AbstractEntityManagerFactoryBean.java:396) ~[spring-orm-6.1.2.jar:6.1.2]
	at org.springframework.orm.jpa.LocalContainerEntityManagerFactoryBean.afterPropertiesSet(LocalContainerEntityManagerFactoryBean.java:352) ~[spring-orm-6.1.2.jar:6.1.2]
	at org.springframework.beans.factory.support.AbstractAutowireCapableBeanFactory.invokeInitMethods(AbstractAutowireCapableBeanFactory.java:1820) ~[spring-beans-6.1.2.jar:6.1.2]
	at org.springframework.beans.factory.support.AbstractAutowireCapableBeanFactory.initializeBean(AbstractAutowireCapableBeanFactory.java:1769) ~[spring-beans-6.1.2.jar:6.1.2]
	... 21 common frames omitted
Caused by: org.hibernate.InstantiationException: Could not instantiate entity 'com.rv.admin.entity.ProductCategoryEntity' due to: null
	at org.hibernate.metamodel.internal.EntityInstantiatorPojoStandard.instantiate(EntityInstantiatorPojoStandard.java:100) ~[hibernate-core-6.4.1.Final.jar:6.4.1.Final]
	at org.hibernate.persister.entity.AbstractEntityPersister.lambda$prepareMappingModel$15(AbstractEntityPersister.java:5098) ~[hibernate-core-6.4.1.Final.jar:6.4.1.Final]
	at org.hibernate.internal.util.LazyValue.getValue(LazyValue.java:30) ~[hibernate-core-6.4.1.Final.jar:6.4.1.Final]
	at org.hibernate.engine.internal.UnsavedValueFactory.getUnsavedIdentifierValue(UnsavedValueFactory.java:45) ~[hibernate-core-6.4.1.Final.jar:6.4.1.Final]
	at org.hibernate.metamodel.mapping.internal.BasicEntityIdentifierMappingImpl.<init>(BasicEntityIdentifierMappingImpl.java:119) ~[hibernate-core-6.4.1.Final.jar:6.4.1.Final]
	at org.hibernate.persister.entity.AbstractEntityPersister.generateIdentifierMapping(AbstractEntityPersister.java:5464) ~[hibernate-core-6.4.1.Final.jar:6.4.1.Final]
	at org.hibernate.persister.entity.AbstractEntityPersister.lambda$prepareMappingModel$16(AbstractEntityPersister.java:5103) ~[hibernate-core-6.4.1.Final.jar:6.4.1.Final]
	at org.hibernate.metamodel.mapping.internal.MappingModelCreationProcess.processSubPart(MappingModelCreationProcess.java:163) ~[hibernate-core-6.4.1.Final.jar:6.4.1.Final]
	at org.hibernate.persister.entity.AbstractEntityPersister.prepareMappingModel(AbstractEntityPersister.java:5101) ~[hibernate-core-6.4.1.Final.jar:6.4.1.Final]
	at org.hibernate.persister.entity.AbstractEntityPersister.prepareMappingModel(AbstractEntityPersister.java:4941) ~[hibernate-core-6.4.1.Final.jar:6.4.1.Final]
	at org.hibernate.metamodel.mapping.internal.MappingModelCreationProcess.execute(MappingModelCreationProcess.java:84) ~[hibernate-core-6.4.1.Final.jar:6.4.1.Final]
	at org.hibernate.metamodel.mapping.internal.MappingModelCreationProcess.process(MappingModelCreationProcess.java:42) ~[hibernate-core-6.4.1.Final.jar:6.4.1.Final]
	at org.hibernate.metamodel.model.domain.internal.MappingMetamodelImpl.finishInitialization(MappingMetamodelImpl.java:198) ~[hibernate-core-6.4.1.Final.jar:6.4.1.Final]
	at org.hibernate.internal.SessionFactoryImpl.initializeMappingModel(SessionFactoryImpl.java:364) ~[hibernate-core-6.4.1.Final.jar:6.4.1.Final]
	at org.hibernate.internal.SessionFactoryImpl.<init>(SessionFactoryImpl.java:293) ~[hibernate-core-6.4.1.Final.jar:6.4.1.Final]
	at org.hibernate.boot.internal.SessionFactoryBuilderImpl.build(SessionFactoryBuilderImpl.java:450) ~[hibernate-core-6.4.1.Final.jar:6.4.1.Final]
	at org.hibernate.jpa.boot.internal.EntityManagerFactoryBuilderImpl.build(EntityManagerFactoryBuilderImpl.java:1507) ~[hibernate-core-6.4.1.Final.jar:6.4.1.Final]
	at org.springframework.orm.jpa.vendor.SpringHibernateJpaPersistenceProvider.createContainerEntityManagerFactory(SpringHibernateJpaPersistenceProvider.java:75) ~[spring-orm-6.1.2.jar:6.1.2]
	at org.springframework.orm.jpa.LocalContainerEntityManagerFactoryBean.createNativeEntityManagerFactory(LocalContainerEntityManagerFactoryBean.java:376) ~[spring-orm-6.1.2.jar:6.1.2]
	at org.springframework.orm.jpa.AbstractEntityManagerFactoryBean.buildNativeEntityManagerFactory(AbstractEntityManagerFactoryBean.java:409) ~[spring-orm-6.1.2.jar:6.1.2]
	... 25 common frames omitted
Caused by: java.lang.reflect.InvocationTargetException: null
	at java.base/jdk.internal.reflect.NativeConstructorAccessorImpl.newInstance0(Native Method) ~[na:na]
	at java.base/jdk.internal.reflect.NativeConstructorAccessorImpl.newInstance(NativeConstructorAccessorImpl.java:77) ~[na:na]
	at java.base/jdk.internal.reflect.DelegatingConstructorAccessorImpl.newInstance(DelegatingConstructorAccessorImpl.java:45) ~[na:na]
	at java.base/java.lang.reflect.Constructor.newInstanceWithCaller(Constructor.java:499) ~[na:na]
	at java.base/java.lang.reflect.Constructor.newInstance(Constructor.java:480) ~[na:na]
	at org.hibernate.metamodel.internal.EntityInstantiatorPojoStandard.instantiate(EntityInstantiatorPojoStandard.java:97) ~[hibernate-core-6.4.1.Final.jar:6.4.1.Final]
	... 44 common frames omitted
Caused by: java.lang.Error: Unresolved compilation problem: 
	UpdateTimestamp cannot be resolved to a type

	at com.rv.admin.entity.ProductCategoryEntity.<init>(ProductCategoryEntity.java:45) ~[classes/:na]
	... 50 common frames omitted


  .   ____          _            __ _ _
 /\\ / ___'_ __ _ _(_)_ __  __ _ \ \ \ \
( ( )\___ | '_ | '_| | '_ \/ _` | \ \ \ \
 \\/  ___)| |_)| | | | | || (_| |  ) ) ) )
  '  |____| .__|_| |_|_| |_\__, | / / / /
 =========|_|==============|___/=/_/_/_/
 :: Spring Boot ::                (v3.2.1)

2026-02-18T18:47:05.612+05:30  INFO 6760 --- [admin-service] [  restartedMain] com.rv.admin.AdminApplication            : Starting AdminApplication using Java 17.0.10 with PID 6760 (C:\Users\Rajat\Desktop\Retail Microservices\SwiftCart\admin-service\target\classes started by Rajat in C:\Users\Rajat\Desktop\Retail Microservices\SwiftCart\admin-service)
2026-02-18T18:47:05.613+05:30  INFO 6760 --- [admin-service] [  restartedMain] com.rv.admin.AdminApplication            : No active profile set, falling back to 1 default profile: "default"
2026-02-18T18:47:06.254+05:30  INFO 6760 --- [admin-service] [  restartedMain] .s.d.r.c.RepositoryConfigurationDelegate : Bootstrapping Spring Data JPA repositories in DEFAULT mode.
2026-02-18T18:47:06.374+05:30  INFO 6760 --- [admin-service] [  restartedMain] .s.d.r.c.RepositoryConfigurationDelegate : Finished Spring Data repository scanning in 118 ms. Found 4 JPA repository interfaces.
2026-02-18T18:47:06.609+05:30  INFO 6760 --- [admin-service] [  restartedMain] o.s.cloud.context.scope.GenericScope     : BeanFactory id=edcc02e0-ab30-39a5-82dd-e62045c28c8b
2026-02-18T18:47:06.646+05:30  WARN 6760 --- [admin-service] [  restartedMain] trationDelegate$BeanPostProcessorChecker : Bean 'org.springframework.cloud.client.loadbalancer.LoadBalancerAutoConfiguration$LoadBalancerInterceptorConfig' of type [org.springframework.cloud.client.loadbalancer.LoadBalancerAutoConfiguration$LoadBalancerInterceptorConfig] is not eligible for getting processed by all BeanPostProcessors (for example: not eligible for auto-proxying). The currently created BeanPostProcessor [lbRestClientPostProcessor] is declared through a non-static factory method on that class; consider declaring it as static instead.
2026-02-18T18:47:06.649+05:30  WARN 6760 --- [admin-service] [  restartedMain] trationDelegate$BeanPostProcessorChecker : Bean 'org.springframework.cloud.loadbalancer.config.BlockingLoadBalancerClientAutoConfiguration' of type [org.springframework.cloud.loadbalancer.config.BlockingLoadBalancerClientAutoConfiguration] is not eligible for getting processed by all BeanPostProcessors (for example: not eligible for auto-proxying). Is this bean getting eagerly injected into a currently created BeanPostProcessor [lbRestClientPostProcessor]? Check the corresponding BeanPostProcessor declaration and its dependencies.
2026-02-18T18:47:06.651+05:30  WARN 6760 --- [admin-service] [  restartedMain] trationDelegate$BeanPostProcessorChecker : Bean 'org.springframework.cloud.loadbalancer.config.LoadBalancerAutoConfiguration' of type [org.springframework.cloud.loadbalancer.config.LoadBalancerAutoConfiguration] is not eligible for getting processed by all BeanPostProcessors (for example: not eligible for auto-proxying). Is this bean getting eagerly injected into a currently created BeanPostProcessor [lbRestClientPostProcessor]? Check the corresponding BeanPostProcessor declaration and its dependencies.
2026-02-18T18:47:06.654+05:30  WARN 6760 --- [admin-service] [  restartedMain] trationDelegate$BeanPostProcessorChecker : Bean 'org.springframework.cloud.commons.config.CommonsConfigAutoConfiguration' of type [org.springframework.cloud.commons.config.CommonsConfigAutoConfiguration] is not eligible for getting processed by all BeanPostProcessors (for example: not eligible for auto-proxying). Is this bean getting eagerly injected into a currently created BeanPostProcessor [lbRestClientPostProcessor]? Check the corresponding BeanPostProcessor declaration and its dependencies.
2026-02-18T18:47:06.656+05:30  WARN 6760 --- [admin-service] [  restartedMain] trationDelegate$BeanPostProcessorChecker : Bean 'org.springframework.cloud.client.loadbalancer.LoadBalancerDefaultMappingsProviderAutoConfiguration' of type [org.springframework.cloud.client.loadbalancer.LoadBalancerDefaultMappingsProviderAutoConfiguration] is not eligible for getting processed by all BeanPostProcessors (for example: not eligible for auto-proxying). Is this bean getting eagerly injected into a currently created BeanPostProcessor [lbRestClientPostProcessor]? Check the corresponding BeanPostProcessor declaration and its dependencies.
2026-02-18T18:47:06.657+05:30  WARN 6760 --- [admin-service] [  restartedMain] trationDelegate$BeanPostProcessorChecker : Bean 'loadBalancerClientsDefaultsMappingsProvider' of type [org.springframework.cloud.client.loadbalancer.LoadBalancerDefaultMappingsProviderAutoConfiguration$$Lambda$612/0x00000233c93ce9c8] is not eligible for getting processed by all BeanPostProcessors (for example: not eligible for auto-proxying). Is this bean getting eagerly injected into a currently created BeanPostProcessor [lbRestClientPostProcessor]? Check the corresponding BeanPostProcessor declaration and its dependencies.
2026-02-18T18:47:06.658+05:30  WARN 6760 --- [admin-service] [  restartedMain] trationDelegate$BeanPostProcessorChecker : Bean 'defaultsBindHandlerAdvisor' of type [org.springframework.cloud.commons.config.DefaultsBindHandlerAdvisor] is not eligible for getting processed by all BeanPostProcessors (for example: not eligible for auto-proxying). Is this bean getting eagerly injected into a currently created BeanPostProcessor [lbRestClientPostProcessor]? Check the corresponding BeanPostProcessor declaration and its dependencies.
2026-02-18T18:47:06.664+05:30  WARN 6760 --- [admin-service] [  restartedMain] trationDelegate$BeanPostProcessorChecker : Bean 'spring.cloud.loadbalancer-org.springframework.cloud.client.loadbalancer.LoadBalancerClientsProperties' of type [org.springframework.cloud.client.loadbalancer.LoadBalancerClientsProperties] is not eligible for getting processed by all BeanPostProcessors (for example: not eligible for auto-proxying). Is this bean getting eagerly injected into a currently created BeanPostProcessor [lbRestClientPostProcessor]? Check the corresponding BeanPostProcessor declaration and its dependencies.
2026-02-18T18:47:06.667+05:30  WARN 6760 --- [admin-service] [  restartedMain] trationDelegate$BeanPostProcessorChecker : Bean 'default.org.springframework.cloud.loadbalancer.config.LoadBalancerAutoConfiguration.LoadBalancerClientSpecification' of type [org.springframework.cloud.loadbalancer.annotation.LoadBalancerClientSpecification] is not eligible for getting processed by all BeanPostProcessors (for example: not eligible for auto-proxying). Is this bean getting eagerly injected into a currently created BeanPostProcessor [lbRestClientPostProcessor]? Check the corresponding BeanPostProcessor declaration and its dependencies.
2026-02-18T18:47:06.668+05:30  WARN 6760 --- [admin-service] [  restartedMain] trationDelegate$BeanPostProcessorChecker : Bean 'default.org.springframework.cloud.loadbalancer.config.BlockingLoadBalancerClientAutoConfiguration.LoadBalancerClientSpecification' of type [org.springframework.cloud.loadbalancer.annotation.LoadBalancerClientSpecification] is not eligible for getting processed by all BeanPostProcessors (for example: not eligible for auto-proxying). Is this bean getting eagerly injected into a currently created BeanPostProcessor [lbRestClientPostProcessor]? Check the corresponding BeanPostProcessor declaration and its dependencies.
2026-02-18T18:47:06.669+05:30  WARN 6760 --- [admin-service] [  restartedMain] trationDelegate$BeanPostProcessorChecker : Bean 'default.org.springframework.cloud.netflix.eureka.loadbalancer.LoadBalancerEurekaAutoConfiguration.LoadBalancerClientSpecification' of type [org.springframework.cloud.loadbalancer.annotation.LoadBalancerClientSpecification] is not eligible for getting processed by all BeanPostProcessors (for example: not eligible for auto-proxying). Is this bean getting eagerly injected into a currently created BeanPostProcessor [lbRestClientPostProcessor]? Check the corresponding BeanPostProcessor declaration and its dependencies.
2026-02-18T18:47:06.670+05:30  WARN 6760 --- [admin-service] [  restartedMain] trationDelegate$BeanPostProcessorChecker : Bean 'loadBalancerClientFactory' of type [org.springframework.cloud.loadbalancer.support.LoadBalancerClientFactory] is not eligible for getting processed by all BeanPostProcessors (for example: not eligible for auto-proxying). Is this bean getting eagerly injected into a currently created BeanPostProcessor [lbRestClientPostProcessor]? Check the corresponding BeanPostProcessor declaration and its dependencies.
2026-02-18T18:47:06.672+05:30  WARN 6760 --- [admin-service] [  restartedMain] trationDelegate$BeanPostProcessorChecker : Bean 'blockingLoadBalancerClient' of type [org.springframework.cloud.loadbalancer.blocking.client.BlockingLoadBalancerClient] is not eligible for getting processed by all BeanPostProcessors (for example: not eligible for auto-proxying). Is this bean getting eagerly injected into a currently created BeanPostProcessor [lbRestClientPostProcessor]? Check the corresponding BeanPostProcessor declaration and its dependencies.
2026-02-18T18:47:06.679+05:30  WARN 6760 --- [admin-service] [  restartedMain] trationDelegate$BeanPostProcessorChecker : Bean 'loadBalancerServiceInstanceCookieTransformer' of type [org.springframework.cloud.loadbalancer.core.LoadBalancerServiceInstanceCookieTransformer] is not eligible for getting processed by all BeanPostProcessors (for example: not eligible for auto-proxying). Is this bean getting eagerly injected into a currently created BeanPostProcessor [lbRestClientPostProcessor]? Check the corresponding BeanPostProcessor declaration and its dependencies.
2026-02-18T18:47:06.681+05:30  WARN 6760 --- [admin-service] [  restartedMain] trationDelegate$BeanPostProcessorChecker : Bean 'xForwarderHeadersTransformer' of type [org.springframework.cloud.loadbalancer.blocking.XForwardedHeadersTransformer] is not eligible for getting processed by all BeanPostProcessors (for example: not eligible for auto-proxying). Is this bean getting eagerly injected into a currently created BeanPostProcessor [lbRestClientPostProcessor]? Check the corresponding BeanPostProcessor declaration and its dependencies.
2026-02-18T18:47:06.682+05:30  WARN 6760 --- [admin-service] [  restartedMain] trationDelegate$BeanPostProcessorChecker : Bean 'org.springframework.cloud.client.loadbalancer.LoadBalancerAutoConfiguration' of type [org.springframework.cloud.client.loadbalancer.LoadBalancerAutoConfiguration] is not eligible for getting processed by all BeanPostProcessors (for example: not eligible for auto-proxying). Is this bean getting eagerly injected into a currently created BeanPostProcessor [lbRestClientPostProcessor]? Check the corresponding BeanPostProcessor declaration and its dependencies.
2026-02-18T18:47:06.684+05:30  WARN 6760 --- [admin-service] [  restartedMain] trationDelegate$BeanPostProcessorChecker : Bean 'loadBalancerRequestFactory' of type [org.springframework.cloud.client.loadbalancer.LoadBalancerRequestFactory] is not eligible for getting processed by all BeanPostProcessors (for example: not eligible for auto-proxying). Is this bean getting eagerly injected into a currently created BeanPostProcessor [lbRestClientPostProcessor]? Check the corresponding BeanPostProcessor declaration and its dependencies.
2026-02-18T18:47:06.685+05:30  WARN 6760 --- [admin-service] [  restartedMain] trationDelegate$BeanPostProcessorChecker : Bean 'loadBalancerInterceptor' of type [org.springframework.cloud.client.loadbalancer.LoadBalancerInterceptor] is not eligible for getting processed by all BeanPostProcessors (for example: not eligible for auto-proxying). Is this bean getting eagerly injected into a currently created BeanPostProcessor [lbRestClientPostProcessor]? Check the corresponding BeanPostProcessor declaration and its dependencies.
2026-02-18T18:47:06.787+05:30  INFO 6760 --- [admin-service] [  restartedMain] o.s.b.w.embedded.tomcat.TomcatWebServer  : Tomcat initialized with port 8022 (http)
2026-02-18T18:47:06.789+05:30  INFO 6760 --- [admin-service] [  restartedMain] o.apache.catalina.core.StandardService   : Starting service [Tomcat]
2026-02-18T18:47:06.790+05:30  INFO 6760 --- [admin-service] [  restartedMain] o.apache.catalina.core.StandardEngine    : Starting Servlet engine: [Apache Tomcat/10.1.17]
2026-02-18T18:47:06.844+05:30  INFO 6760 --- [admin-service] [  restartedMain] o.a.c.c.C.[Tomcat-2].[localhost].[/]     : Initializing Spring embedded WebApplicationContext
2026-02-18T18:47:06.845+05:30  INFO 6760 --- [admin-service] [  restartedMain] w.s.c.ServletWebServerApplicationContext : Root WebApplicationContext: initialization completed in 1228 ms
2026-02-18T18:47:07.182+05:30  INFO 6760 --- [admin-service] [  restartedMain] o.hibernate.jpa.internal.util.LogHelper  : HHH000204: Processing PersistenceUnitInfo [name: default]
2026-02-18T18:47:07.192+05:30  INFO 6760 --- [admin-service] [  restartedMain] o.h.c.internal.RegionFactoryInitiator    : HHH000026: Second-level cache disabled
2026-02-18T18:47:07.206+05:30  INFO 6760 --- [admin-service] [  restartedMain] o.s.o.j.p.SpringPersistenceUnitInfo      : No LoadTimeWeaver setup: ignoring JPA class transformer
2026-02-18T18:47:07.209+05:30  INFO 6760 --- [admin-service] [  restartedMain] com.zaxxer.hikari.HikariDataSource       : HikariPool-4 - Starting...
2026-02-18T18:47:07.301+05:30  INFO 6760 --- [admin-service] [  restartedMain] com.zaxxer.hikari.pool.HikariPool        : HikariPool-4 - Added connection com.mysql.cj.jdbc.ConnectionImpl@13ba6e19
2026-02-18T18:47:07.302+05:30  INFO 6760 --- [admin-service] [  restartedMain] com.zaxxer.hikari.HikariDataSource       : HikariPool-4 - Start completed.
2026-02-18T18:47:07.469+05:30  INFO 6760 --- [admin-service] [  restartedMain] o.h.e.t.j.p.i.JtaPlatformInitiator       : HHH000489: No JTA platform available (set 'hibernate.transaction.jta.platform' to enable JTA platform integration)
Hibernate: 
    alter table product_category 
       add column category_description varchar(255)
2026-02-18T18:47:20.845+05:30  INFO 6760 --- [admin-service] [  restartedMain] j.LocalContainerEntityManagerFactoryBean : Initialized JPA EntityManagerFactory for persistence unit 'default'
2026-02-18T18:47:21.274+05:30  WARN 6760 --- [admin-service] [  restartedMain] ConfigServletWebServerApplicationContext : Exception encountered during context initialization - cancelling refresh attempt: org.springframework.beans.factory.UnsatisfiedDependencyException: Error creating bean with name 'productController': Unsatisfied dependency expressed through field 'service': Error creating bean with name 'productServiceImpl': Unsatisfied dependency expressed through field 'productRepository': Error creating bean with name 'productRepository' defined in com.rv.admin.repository.ProductRepository defined in @EnableJpaRepositories declared on JpaRepositoriesRegistrar.EnableJpaRepositoriesConfiguration: Could not create query for public abstract java.util.List com.rv.admin.repository.ProductRepository.filterProducts(java.lang.Integer,java.lang.String,java.lang.Double,java.lang.Double); Reason: Validation failed for query for method public abstract java.util.List com.rv.admin.repository.ProductRepository.filterProducts(java.lang.Integer,java.lang.String,java.lang.Double,java.lang.Double)
2026-02-18T18:47:21.278+05:30  INFO 6760 --- [admin-service] [  restartedMain] j.LocalContainerEntityManagerFactoryBean : Closing JPA EntityManagerFactory for persistence unit 'default'
2026-02-18T18:47:21.279+05:30  INFO 6760 --- [admin-service] [  restartedMain] com.zaxxer.hikari.HikariDataSource       : HikariPool-4 - Shutdown initiated...
2026-02-18T18:47:21.294+05:30  INFO 6760 --- [admin-service] [  restartedMain] com.zaxxer.hikari.HikariDataSource       : HikariPool-4 - Shutdown completed.
2026-02-18T18:47:21.296+05:30  INFO 6760 --- [admin-service] [  restartedMain] o.apache.catalina.core.StandardService   : Stopping service [Tomcat]
2026-02-18T18:47:21.303+05:30  INFO 6760 --- [admin-service] [  restartedMain] .s.b.a.l.ConditionEvaluationReportLogger : 

Error starting ApplicationContext. To display the condition evaluation report re-run your application with 'debug' enabled.
2026-02-18T18:47:21.318+05:30 ERROR 6760 --- [admin-service] [  restartedMain] o.s.boot.SpringApplication               : Application run failed

org.springframework.beans.factory.UnsatisfiedDependencyException: Error creating bean with name 'productController': Unsatisfied dependency expressed through field 'service': Error creating bean with name 'productServiceImpl': Unsatisfied dependency expressed through field 'productRepository': Error creating bean with name 'productRepository' defined in com.rv.admin.repository.ProductRepository defined in @EnableJpaRepositories declared on JpaRepositoriesRegistrar.EnableJpaRepositoriesConfiguration: Could not create query for public abstract java.util.List com.rv.admin.repository.ProductRepository.filterProducts(java.lang.Integer,java.lang.String,java.lang.Double,java.lang.Double); Reason: Validation failed for query for method public abstract java.util.List com.rv.admin.repository.ProductRepository.filterProducts(java.lang.Integer,java.lang.String,java.lang.Double,java.lang.Double)
	at org.springframework.beans.factory.annotation.AutowiredAnnotationBeanPostProcessor$AutowiredFieldElement.resolveFieldValue(AutowiredAnnotationBeanPostProcessor.java:787) ~[spring-beans-6.1.2.jar:6.1.2]
	at org.springframework.beans.factory.annotation.AutowiredAnnotationBeanPostProcessor$AutowiredFieldElement.inject(AutowiredAnnotationBeanPostProcessor.java:767) ~[spring-beans-6.1.2.jar:6.1.2]
	at org.springframework.beans.factory.annotation.InjectionMetadata.inject(InjectionMetadata.java:145) ~[spring-beans-6.1.2.jar:6.1.2]
	at org.springframework.beans.factory.annotation.AutowiredAnnotationBeanPostProcessor.postProcessProperties(AutowiredAnnotationBeanPostProcessor.java:508) ~[spring-beans-6.1.2.jar:6.1.2]
	at org.springframework.beans.factory.support.AbstractAutowireCapableBeanFactory.populateBean(AbstractAutowireCapableBeanFactory.java:1418) ~[spring-beans-6.1.2.jar:6.1.2]
	at org.springframework.beans.factory.support.AbstractAutowireCapableBeanFactory.doCreateBean(AbstractAutowireCapableBeanFactory.java:598) ~[spring-beans-6.1.2.jar:6.1.2]
	at org.springframework.beans.factory.support.AbstractAutowireCapableBeanFactory.createBean(AbstractAutowireCapableBeanFactory.java:521) ~[spring-beans-6.1.2.jar:6.1.2]
	at org.springframework.beans.factory.support.AbstractBeanFactory.lambda$doGetBean$0(AbstractBeanFactory.java:325) ~[spring-beans-6.1.2.jar:6.1.2]
	at org.springframework.beans.factory.support.DefaultSingletonBeanRegistry.getSingleton(DefaultSingletonBeanRegistry.java:234) ~[spring-beans-6.1.2.jar:6.1.2]
	at org.springframework.beans.factory.support.AbstractBeanFactory.doGetBean(AbstractBeanFactory.java:323) ~[spring-beans-6.1.2.jar:6.1.2]
	at org.springframework.beans.factory.support.AbstractBeanFactory.getBean(AbstractBeanFactory.java:199) ~[spring-beans-6.1.2.jar:6.1.2]
	at org.springframework.beans.factory.support.DefaultListableBeanFactory.preInstantiateSingletons(DefaultListableBeanFactory.java:975) ~[spring-beans-6.1.2.jar:6.1.2]
	at org.springframework.context.support.AbstractApplicationContext.finishBeanFactoryInitialization(AbstractApplicationContext.java:960) ~[spring-context-6.1.2.jar:6.1.2]
	at org.springframework.context.support.AbstractApplicationContext.refresh(AbstractApplicationContext.java:625) ~[spring-context-6.1.2.jar:6.1.2]
	at org.springframework.boot.web.servlet.context.ServletWebServerApplicationContext.refresh(ServletWebServerApplicationContext.java:146) ~[spring-boot-3.2.1.jar:3.2.1]
	at org.springframework.boot.SpringApplication.refresh(SpringApplication.java:762) ~[spring-boot-3.2.1.jar:3.2.1]
	at org.springframework.boot.SpringApplication.refreshContext(SpringApplication.java:464) ~[spring-boot-3.2.1.jar:3.2.1]
	at org.springframework.boot.SpringApplication.run(SpringApplication.java:334) ~[spring-boot-3.2.1.jar:3.2.1]
	at org.springframework.boot.SpringApplication.run(SpringApplication.java:1358) ~[spring-boot-3.2.1.jar:3.2.1]
	at org.springframework.boot.SpringApplication.run(SpringApplication.java:1347) ~[spring-boot-3.2.1.jar:3.2.1]
	at com.rv.admin.AdminApplication.main(AdminApplication.java:14) ~[classes/:na]
	at java.base/jdk.internal.reflect.NativeMethodAccessorImpl.invoke0(Native Method) ~[na:na]
	at java.base/jdk.internal.reflect.NativeMethodAccessorImpl.invoke(NativeMethodAccessorImpl.java:77) ~[na:na]
	at java.base/jdk.internal.reflect.DelegatingMethodAccessorImpl.invoke(DelegatingMethodAccessorImpl.java:43) ~[na:na]
	at java.base/java.lang.reflect.Method.invoke(Method.java:568) ~[na:na]
	at org.springframework.boot.devtools.restart.RestartLauncher.run(RestartLauncher.java:50) ~[spring-boot-devtools-3.2.1.jar:3.2.1]
Caused by: org.springframework.beans.factory.UnsatisfiedDependencyException: Error creating bean with name 'productServiceImpl': Unsatisfied dependency expressed through field 'productRepository': Error creating bean with name 'productRepository' defined in com.rv.admin.repository.ProductRepository defined in @EnableJpaRepositories declared on JpaRepositoriesRegistrar.EnableJpaRepositoriesConfiguration: Could not create query for public abstract java.util.List com.rv.admin.repository.ProductRepository.filterProducts(java.lang.Integer,java.lang.String,java.lang.Double,java.lang.Double); Reason: Validation failed for query for method public abstract java.util.List com.rv.admin.repository.ProductRepository.filterProducts(java.lang.Integer,java.lang.String,java.lang.Double,java.lang.Double)
	at org.springframework.beans.factory.annotation.AutowiredAnnotationBeanPostProcessor$AutowiredFieldElement.resolveFieldValue(AutowiredAnnotationBeanPostProcessor.java:787) ~[spring-beans-6.1.2.jar:6.1.2]
	at org.springframework.beans.factory.annotation.AutowiredAnnotationBeanPostProcessor$AutowiredFieldElement.inject(AutowiredAnnotationBeanPostProcessor.java:767) ~[spring-beans-6.1.2.jar:6.1.2]
	at org.springframework.beans.factory.annotation.InjectionMetadata.inject(InjectionMetadata.java:145) ~[spring-beans-6.1.2.jar:6.1.2]
	at org.springframework.beans.factory.annotation.AutowiredAnnotationBeanPostProcessor.postProcessProperties(AutowiredAnnotationBeanPostProcessor.java:508) ~[spring-beans-6.1.2.jar:6.1.2]
	at org.springframework.beans.factory.support.AbstractAutowireCapableBeanFactory.populateBean(AbstractAutowireCapableBeanFactory.java:1418) ~[spring-beans-6.1.2.jar:6.1.2]
	at org.springframework.beans.factory.support.AbstractAutowireCapableBeanFactory.doCreateBean(AbstractAutowireCapableBeanFactory.java:598) ~[spring-beans-6.1.2.jar:6.1.2]
	at org.springframework.beans.factory.support.AbstractAutowireCapableBeanFactory.createBean(AbstractAutowireCapableBeanFactory.java:521) ~[spring-beans-6.1.2.jar:6.1.2]
	at org.springframework.beans.factory.support.AbstractBeanFactory.lambda$doGetBean$0(AbstractBeanFactory.java:325) ~[spring-beans-6.1.2.jar:6.1.2]
	at org.springframework.beans.factory.support.DefaultSingletonBeanRegistry.getSingleton(DefaultSingletonBeanRegistry.java:234) ~[spring-beans-6.1.2.jar:6.1.2]
	at org.springframework.beans.factory.support.AbstractBeanFactory.doGetBean(AbstractBeanFactory.java:323) ~[spring-beans-6.1.2.jar:6.1.2]
	at org.springframework.beans.factory.support.AbstractBeanFactory.getBean(AbstractBeanFactory.java:199) ~[spring-beans-6.1.2.jar:6.1.2]
	at org.springframework.beans.factory.config.DependencyDescriptor.resolveCandidate(DependencyDescriptor.java:254) ~[spring-beans-6.1.2.jar:6.1.2]
	at org.springframework.beans.factory.support.DefaultListableBeanFactory.doResolveDependency(DefaultListableBeanFactory.java:1443) ~[spring-beans-6.1.2.jar:6.1.2]
	at org.springframework.beans.factory.support.DefaultListableBeanFactory.resolveDependency(DefaultListableBeanFactory.java:1353) ~[spring-beans-6.1.2.jar:6.1.2]
	at org.springframework.beans.factory.annotation.AutowiredAnnotationBeanPostProcessor$AutowiredFieldElement.resolveFieldValue(AutowiredAnnotationBeanPostProcessor.java:784) ~[spring-beans-6.1.2.jar:6.1.2]
	... 25 common frames omitted
Caused by: org.springframework.beans.factory.BeanCreationException: Error creating bean with name 'productRepository' defined in com.rv.admin.repository.ProductRepository defined in @EnableJpaRepositories declared on JpaRepositoriesRegistrar.EnableJpaRepositoriesConfiguration: Could not create query for public abstract java.util.List com.rv.admin.repository.ProductRepository.filterProducts(java.lang.Integer,java.lang.String,java.lang.Double,java.lang.Double); Reason: Validation failed for query for method public abstract java.util.List com.rv.admin.repository.ProductRepository.filterProducts(java.lang.Integer,java.lang.String,java.lang.Double,java.lang.Double)
	at org.springframework.beans.factory.support.AbstractAutowireCapableBeanFactory.initializeBean(AbstractAutowireCapableBeanFactory.java:1773) ~[spring-beans-6.1.2.jar:6.1.2]
	at org.springframework.beans.factory.support.AbstractAutowireCapableBeanFactory.doCreateBean(AbstractAutowireCapableBeanFactory.java:599) ~[spring-beans-6.1.2.jar:6.1.2]
	at org.springframework.beans.factory.support.AbstractAutowireCapableBeanFactory.createBean(AbstractAutowireCapableBeanFactory.java:521) ~[spring-beans-6.1.2.jar:6.1.2]
	at org.springframework.beans.factory.support.AbstractBeanFactory.lambda$doGetBean$0(AbstractBeanFactory.java:325) ~[spring-beans-6.1.2.jar:6.1.2]
	at org.springframework.beans.factory.support.DefaultSingletonBeanRegistry.getSingleton(DefaultSingletonBeanRegistry.java:234) ~[spring-beans-6.1.2.jar:6.1.2]
	at org.springframework.beans.factory.support.AbstractBeanFactory.doGetBean(AbstractBeanFactory.java:323) ~[spring-beans-6.1.2.jar:6.1.2]
	at org.springframework.beans.factory.support.AbstractBeanFactory.getBean(AbstractBeanFactory.java:199) ~[spring-beans-6.1.2.jar:6.1.2]
	at org.springframework.beans.factory.config.DependencyDescriptor.resolveCandidate(DependencyDescriptor.java:254) ~[spring-beans-6.1.2.jar:6.1.2]
	at org.springframework.beans.factory.support.DefaultListableBeanFactory.doResolveDependency(DefaultListableBeanFactory.java:1443) ~[spring-beans-6.1.2.jar:6.1.2]
	at org.springframework.beans.factory.support.DefaultListableBeanFactory.resolveDependency(DefaultListableBeanFactory.java:1353) ~[spring-beans-6.1.2.jar:6.1.2]
	at org.springframework.beans.factory.annotation.AutowiredAnnotationBeanPostProcessor$AutowiredFieldElement.resolveFieldValue(AutowiredAnnotationBeanPostProcessor.java:784) ~[spring-beans-6.1.2.jar:6.1.2]
	... 39 common frames omitted
Caused by: org.springframework.data.repository.query.QueryCreationException: Could not create query for public abstract java.util.List com.rv.admin.repository.ProductRepository.filterProducts(java.lang.Integer,java.lang.String,java.lang.Double,java.lang.Double); Reason: Validation failed for query for method public abstract java.util.List com.rv.admin.repository.ProductRepository.filterProducts(java.lang.Integer,java.lang.String,java.lang.Double,java.lang.Double)
	at org.springframework.data.repository.query.QueryCreationException.create(QueryCreationException.java:101) ~[spring-data-commons-3.2.1.jar:3.2.1]
	at org.springframework.data.repository.core.support.QueryExecutorMethodInterceptor.lookupQuery(QueryExecutorMethodInterceptor.java:115) ~[spring-data-commons-3.2.1.jar:3.2.1]
	at org.springframework.data.repository.core.support.QueryExecutorMethodInterceptor.mapMethodsToQuery(QueryExecutorMethodInterceptor.java:99) ~[spring-data-commons-3.2.1.jar:3.2.1]
	at org.springframework.data.repository.core.support.QueryExecutorMethodInterceptor.lambda$new$0(QueryExecutorMethodInterceptor.java:88) ~[spring-data-commons-3.2.1.jar:3.2.1]
	at java.base/java.util.Optional.map(Optional.java:260) ~[na:na]
	at org.springframework.data.repository.core.support.QueryExecutorMethodInterceptor.<init>(QueryExecutorMethodInterceptor.java:88) ~[spring-data-commons-3.2.1.jar:3.2.1]
	at org.springframework.data.repository.core.support.RepositoryFactorySupport.getRepository(RepositoryFactorySupport.java:357) ~[spring-data-commons-3.2.1.jar:3.2.1]
	at org.springframework.data.repository.core.support.RepositoryFactoryBeanSupport.lambda$afterPropertiesSet$5(RepositoryFactoryBeanSupport.java:279) ~[spring-data-commons-3.2.1.jar:3.2.1]
	at org.springframework.data.util.Lazy.getNullable(Lazy.java:135) ~[spring-data-commons-3.2.1.jar:3.2.1]
	at org.springframework.data.util.Lazy.get(Lazy.java:113) ~[spring-data-commons-3.2.1.jar:3.2.1]
	at org.springframework.data.repository.core.support.RepositoryFactoryBeanSupport.afterPropertiesSet(RepositoryFactoryBeanSupport.java:285) ~[spring-data-commons-3.2.1.jar:3.2.1]
	at org.springframework.data.jpa.repository.support.JpaRepositoryFactoryBean.afterPropertiesSet(JpaRepositoryFactoryBean.java:132) ~[spring-data-jpa-3.2.1.jar:3.2.1]
	at org.springframework.beans.factory.support.AbstractAutowireCapableBeanFactory.invokeInitMethods(AbstractAutowireCapableBeanFactory.java:1820) ~[spring-beans-6.1.2.jar:6.1.2]
	at org.springframework.beans.factory.support.AbstractAutowireCapableBeanFactory.initializeBean(AbstractAutowireCapableBeanFactory.java:1769) ~[spring-beans-6.1.2.jar:6.1.2]
	... 49 common frames omitted
Caused by: java.lang.IllegalArgumentException: Validation failed for query for method public abstract java.util.List com.rv.admin.repository.ProductRepository.filterProducts(java.lang.Integer,java.lang.String,java.lang.Double,java.lang.Double)
	at org.springframework.data.jpa.repository.query.SimpleJpaQuery.validateQuery(SimpleJpaQuery.java:100) ~[spring-data-jpa-3.2.1.jar:3.2.1]
	at org.springframework.data.jpa.repository.query.SimpleJpaQuery.<init>(SimpleJpaQuery.java:70) ~[spring-data-jpa-3.2.1.jar:3.2.1]
	at org.springframework.data.jpa.repository.query.JpaQueryFactory.fromMethodWithQueryString(JpaQueryFactory.java:60) ~[spring-data-jpa-3.2.1.jar:3.2.1]
	at org.springframework.data.jpa.repository.query.JpaQueryLookupStrategy$DeclaredQueryLookupStrategy.resolveQuery(JpaQueryLookupStrategy.java:170) ~[spring-data-jpa-3.2.1.jar:3.2.1]
	at org.springframework.data.jpa.repository.query.JpaQueryLookupStrategy$CreateIfNotFoundQueryLookupStrategy.resolveQuery(JpaQueryLookupStrategy.java:252) ~[spring-data-jpa-3.2.1.jar:3.2.1]
	at org.springframework.data.jpa.repository.query.JpaQueryLookupStrategy$AbstractQueryLookupStrategy.resolveQuery(JpaQueryLookupStrategy.java:95) ~[spring-data-jpa-3.2.1.jar:3.2.1]
	at org.springframework.data.repository.core.support.QueryExecutorMethodInterceptor.lookupQuery(QueryExecutorMethodInterceptor.java:111) ~[spring-data-commons-3.2.1.jar:3.2.1]
	... 61 common frames omitted
Caused by: java.lang.IllegalArgumentException: org.hibernate.query.sqm.UnknownPathException: Could not resolve attribute 'productCategoryId' of 'com.rv.admin.entity.ProductCategoryEntity' [    SELECT p FROM product p
    WHERE (:categoryId IS NULL OR p.category.productCategoryId = :categoryId)
      AND (:search IS NULL OR LOWER(p.name) LIKE LOWER(CONCAT('%', :search, '%')))
      AND (:minPrice IS NULL OR p.unitPrice >= :minPrice)
      AND (:maxPrice IS NULL OR p.unitPrice <= :maxPrice)
      AND p.active = true
]
	at org.hibernate.internal.ExceptionConverterImpl.convert(ExceptionConverterImpl.java:143) ~[hibernate-core-6.4.1.Final.jar:6.4.1.Final]
	at org.hibernate.internal.ExceptionConverterImpl.convert(ExceptionConverterImpl.java:167) ~[hibernate-core-6.4.1.Final.jar:6.4.1.Final]
	at org.hibernate.internal.ExceptionConverterImpl.convert(ExceptionConverterImpl.java:173) ~[hibernate-core-6.4.1.Final.jar:6.4.1.Final]
	at org.hibernate.internal.AbstractSharedSessionContract.createQuery(AbstractSharedSessionContract.java:827) ~[hibernate-core-6.4.1.Final.jar:6.4.1.Final]
	at org.hibernate.internal.AbstractSharedSessionContract.createQuery(AbstractSharedSessionContract.java:732) ~[hibernate-core-6.4.1.Final.jar:6.4.1.Final]
	at org.hibernate.internal.AbstractSharedSessionContract.createQuery(AbstractSharedSessionContract.java:133) ~[hibernate-core-6.4.1.Final.jar:6.4.1.Final]
	at java.base/jdk.internal.reflect.NativeMethodAccessorImpl.invoke0(Native Method) ~[na:na]
	at java.base/jdk.internal.reflect.NativeMethodAccessorImpl.invoke(NativeMethodAccessorImpl.java:77) ~[na:na]
	at java.base/jdk.internal.reflect.DelegatingMethodAccessorImpl.invoke(DelegatingMethodAccessorImpl.java:43) ~[na:na]
	at java.base/java.lang.reflect.Method.invoke(Method.java:568) ~[na:na]
	at org.springframework.orm.jpa.ExtendedEntityManagerCreator$ExtendedEntityManagerInvocationHandler.invoke(ExtendedEntityManagerCreator.java:364) ~[spring-orm-6.1.2.jar:6.1.2]
	at jdk.proxy5/jdk.proxy5.$Proxy173.createQuery(Unknown Source) ~[na:na]
	at org.springframework.data.jpa.repository.query.SimpleJpaQuery.validateQuery(SimpleJpaQuery.java:94) ~[spring-data-jpa-3.2.1.jar:3.2.1]
	... 67 common frames omitted
Caused by: org.hibernate.query.sqm.UnknownPathException: Could not resolve attribute 'productCategoryId' of 'com.rv.admin.entity.ProductCategoryEntity' [    SELECT p FROM product p
    WHERE (:categoryId IS NULL OR p.category.productCategoryId = :categoryId)
      AND (:search IS NULL OR LOWER(p.name) LIKE LOWER(CONCAT('%', :search, '%')))
      AND (:minPrice IS NULL OR p.unitPrice >= :minPrice)
      AND (:maxPrice IS NULL OR p.unitPrice <= :maxPrice)
      AND p.active = true
]
	at org.hibernate.query.hql.internal.StandardHqlTranslator.translate(StandardHqlTranslator.java:87) ~[hibernate-core-6.4.1.Final.jar:6.4.1.Final]
	at org.hibernate.query.internal.QueryInterpretationCacheStandardImpl.createHqlInterpretation(QueryInterpretationCacheStandardImpl.java:165) ~[hibernate-core-6.4.1.Final.jar:6.4.1.Final]
	at org.hibernate.query.internal.QueryInterpretationCacheStandardImpl.resolveHqlInterpretation(QueryInterpretationCacheStandardImpl.java:147) ~[hibernate-core-6.4.1.Final.jar:6.4.1.Final]
	at org.hibernate.internal.AbstractSharedSessionContract.interpretHql(AbstractSharedSessionContract.java:769) ~[hibernate-core-6.4.1.Final.jar:6.4.1.Final]
	at org.hibernate.internal.AbstractSharedSessionContract.createQuery(AbstractSharedSessionContract.java:819) ~[hibernate-core-6.4.1.Final.jar:6.4.1.Final]
	... 76 common frames omitted
Caused by: org.hibernate.query.sqm.PathElementException: Could not resolve attribute 'productCategoryId' of 'com.rv.admin.entity.ProductCategoryEntity'
	at org.hibernate.query.sqm.SqmPathSource.getSubPathSource(SqmPathSource.java:95) ~[hibernate-core-6.4.1.Final.jar:6.4.1.Final]
	at org.hibernate.query.sqm.tree.domain.AbstractSqmPath.get(AbstractSqmPath.java:203) ~[hibernate-core-6.4.1.Final.jar:6.4.1.Final]
	at org.hibernate.query.sqm.tree.domain.SqmEntityValuedSimplePath.resolvePathPart(SqmEntityValuedSimplePath.java:56) ~[hibernate-core-6.4.1.Final.jar:6.4.1.Final]
	at org.hibernate.query.hql.internal.DomainPathPart.resolvePathPart(DomainPathPart.java:42) ~[hibernate-core-6.4.1.Final.jar:6.4.1.Final]
	at org.hibernate.query.hql.internal.BasicDotIdentifierConsumer.consumeIdentifier(BasicDotIdentifierConsumer.java:91) ~[hibernate-core-6.4.1.Final.jar:6.4.1.Final]
	at org.hibernate.query.hql.internal.SemanticQueryBuilder.visitSimplePath(SemanticQueryBuilder.java:5050) ~[hibernate-core-6.4.1.Final.jar:6.4.1.Final]
	at org.hibernate.query.hql.internal.SemanticQueryBuilder.visitIndexedPathAccessFragment(SemanticQueryBuilder.java:4999) ~[hibernate-core-6.4.1.Final.jar:6.4.1.Final]
	at org.hibernate.query.hql.internal.SemanticQueryBuilder.visitGeneralPathFragment(SemanticQueryBuilder.java:4974) ~[hibernate-core-6.4.1.Final.jar:6.4.1.Final]
	at org.hibernate.query.hql.internal.SemanticQueryBuilder.visitGeneralPathExpression(SemanticQueryBuilder.java:1776) ~[hibernate-core-6.4.1.Final.jar:6.4.1.Final]
	at org.hibernate.grammars.hql.HqlParser$GeneralPathExpressionContext.accept(HqlParser.java:7699) ~[hibernate-core-6.4.1.Final.jar:6.4.1.Final]
	at org.antlr.v4.runtime.tree.AbstractParseTreeVisitor.visitChildren(AbstractParseTreeVisitor.java:46) ~[antlr4-runtime-4.13.0.jar:4.13.0]
	at org.hibernate.grammars.hql.HqlParserBaseVisitor.visitBarePrimaryExpression(HqlParserBaseVisitor.java:756) ~[hibernate-core-6.4.1.Final.jar:6.4.1.Final]
	at org.hibernate.grammars.hql.HqlParser$BarePrimaryExpressionContext.accept(HqlParser.java:7157) ~[hibernate-core-6.4.1.Final.jar:6.4.1.Final]
	at org.hibernate.query.hql.internal.SemanticQueryBuilder.createComparisonPredicate(SemanticQueryBuilder.java:2429) ~[hibernate-core-6.4.1.Final.jar:6.4.1.Final]
	at org.hibernate.query.hql.internal.SemanticQueryBuilder.visitComparisonPredicate(SemanticQueryBuilder.java:2392) ~[hibernate-core-6.4.1.Final.jar:6.4.1.Final]
	at org.hibernate.query.hql.internal.SemanticQueryBuilder.visitComparisonPredicate(SemanticQueryBuilder.java:269) ~[hibernate-core-6.4.1.Final.jar:6.4.1.Final]
	at org.hibernate.grammars.hql.HqlParser$ComparisonPredicateContext.accept(HqlParser.java:6164) ~[hibernate-core-6.4.1.Final.jar:6.4.1.Final]
	at org.hibernate.query.hql.internal.SemanticQueryBuilder.visitOrPredicate(SemanticQueryBuilder.java:2271) ~[hibernate-core-6.4.1.Final.jar:6.4.1.Final]
	at org.hibernate.query.hql.internal.SemanticQueryBuilder.visitOrPredicate(SemanticQueryBuilder.java:269) ~[hibernate-core-6.4.1.Final.jar:6.4.1.Final]
	at org.hibernate.grammars.hql.HqlParser$OrPredicateContext.accept(HqlParser.java:6255) ~[hibernate-core-6.4.1.Final.jar:6.4.1.Final]
	at org.hibernate.query.hql.internal.SemanticQueryBuilder.visitGroupedPredicate(SemanticQueryBuilder.java:2252) ~[hibernate-core-6.4.1.Final.jar:6.4.1.Final]
	at org.hibernate.query.hql.internal.SemanticQueryBuilder.visitGroupedPredicate(SemanticQueryBuilder.java:269) ~[hibernate-core-6.4.1.Final.jar:6.4.1.Final]
	at org.hibernate.grammars.hql.HqlParser$GroupedPredicateContext.accept(HqlParser.java:6084) ~[hibernate-core-6.4.1.Final.jar:6.4.1.Final]
	at org.hibernate.query.hql.internal.SemanticQueryBuilder.visitAndPredicate(SemanticQueryBuilder.java:2261) ~[hibernate-core-6.4.1.Final.jar:6.4.1.Final]
	at org.hibernate.query.hql.internal.SemanticQueryBuilder.visitAndPredicate(SemanticQueryBuilder.java:269) ~[hibernate-core-6.4.1.Final.jar:6.4.1.Final]
	at org.hibernate.grammars.hql.HqlParser$AndPredicateContext.accept(HqlParser.java:6039) ~[hibernate-core-6.4.1.Final.jar:6.4.1.Final]
	at org.hibernate.query.hql.internal.SemanticQueryBuilder.visitAndPredicate(SemanticQueryBuilder.java:2261) ~[hibernate-core-6.4.1.Final.jar:6.4.1.Final]
	at org.hibernate.query.hql.internal.SemanticQueryBuilder.visitAndPredicate(SemanticQueryBuilder.java:269) ~[hibernate-core-6.4.1.Final.jar:6.4.1.Final]
	at org.hibernate.grammars.hql.HqlParser$AndPredicateContext.accept(HqlParser.java:6039) ~[hibernate-core-6.4.1.Final.jar:6.4.1.Final]
	at org.hibernate.query.hql.internal.SemanticQueryBuilder.visitAndPredicate(SemanticQueryBuilder.java:2261) ~[hibernate-core-6.4.1.Final.jar:6.4.1.Final]
	at org.hibernate.query.hql.internal.SemanticQueryBuilder.visitAndPredicate(SemanticQueryBuilder.java:269) ~[hibernate-core-6.4.1.Final.jar:6.4.1.Final]
	at org.hibernate.grammars.hql.HqlParser$AndPredicateContext.accept(HqlParser.java:6039) ~[hibernate-core-6.4.1.Final.jar:6.4.1.Final]
	at org.hibernate.query.hql.internal.SemanticQueryBuilder.visitAndPredicate(SemanticQueryBuilder.java:2261) ~[hibernate-core-6.4.1.Final.jar:6.4.1.Final]
	at org.hibernate.query.hql.internal.SemanticQueryBuilder.visitAndPredicate(SemanticQueryBuilder.java:269) ~[hibernate-core-6.4.1.Final.jar:6.4.1.Final]
	at org.hibernate.grammars.hql.HqlParser$AndPredicateContext.accept(HqlParser.java:6039) ~[hibernate-core-6.4.1.Final.jar:6.4.1.Final]
	at org.hibernate.query.hql.internal.SemanticQueryBuilder.visitWhereClause(SemanticQueryBuilder.java:2244) ~[hibernate-core-6.4.1.Final.jar:6.4.1.Final]
	at org.hibernate.query.hql.internal.SemanticQueryBuilder.visitWhereClause(SemanticQueryBuilder.java:269) ~[hibernate-core-6.4.1.Final.jar:6.4.1.Final]
	at org.hibernate.grammars.hql.HqlParser$WhereClauseContext.accept(HqlParser.java:5905) ~[hibernate-core-6.4.1.Final.jar:6.4.1.Final]
	at org.hibernate.query.hql.internal.SemanticQueryBuilder.visitQuery(SemanticQueryBuilder.java:1159) ~[hibernate-core-6.4.1.Final.jar:6.4.1.Final]
	at org.hibernate.query.hql.internal.SemanticQueryBuilder.visitQuerySpecExpression(SemanticQueryBuilder.java:941) ~[hibernate-core-6.4.1.Final.jar:6.4.1.Final]
	at org.hibernate.query.hql.internal.SemanticQueryBuilder.visitQuerySpecExpression(SemanticQueryBuilder.java:269) ~[hibernate-core-6.4.1.Final.jar:6.4.1.Final]
	at org.hibernate.grammars.hql.HqlParser$QuerySpecExpressionContext.accept(HqlParser.java:1869) ~[hibernate-core-6.4.1.Final.jar:6.4.1.Final]
	at org.hibernate.query.hql.internal.SemanticQueryBuilder.visitSimpleQueryGroup(SemanticQueryBuilder.java:926) ~[hibernate-core-6.4.1.Final.jar:6.4.1.Final]
	at org.hibernate.query.hql.internal.SemanticQueryBuilder.visitSimpleQueryGroup(SemanticQueryBuilder.java:269) ~[hibernate-core-6.4.1.Final.jar:6.4.1.Final]
	at org.hibernate.grammars.hql.HqlParser$SimpleQueryGroupContext.accept(HqlParser.java:1740) ~[hibernate-core-6.4.1.Final.jar:6.4.1.Final]
	at org.hibernate.query.hql.internal.SemanticQueryBuilder.visitSelectStatement(SemanticQueryBuilder.java:443) ~[hibernate-core-6.4.1.Final.jar:6.4.1.Final]
	at org.hibernate.query.hql.internal.SemanticQueryBuilder.visitStatement(SemanticQueryBuilder.java:402) ~[hibernate-core-6.4.1.Final.jar:6.4.1.Final]
	at org.hibernate.query.hql.internal.SemanticQueryBuilder.buildSemanticModel(SemanticQueryBuilder.java:311) ~[hibernate-core-6.4.1.Final.jar:6.4.1.Final]
	at org.hibernate.query.hql.internal.StandardHqlTranslator.translate(StandardHqlTranslator.java:71) ~[hibernate-core-6.4.1.Final.jar:6.4.1.Final]
	... 80 common frames omitted


  .   ____          _            __ _ _
 /\\ / ___'_ __ _ _(_)_ __  __ _ \ \ \ \
( ( )\___ | '_ | '_| | '_ \/ _` | \ \ \ \
 \\/  ___)| |_)| | | | | || (_| |  ) ) ) )
  '  |____| .__|_| |_|_| |_\__, | / / / /
 =========|_|==============|___/=/_/_/_/
 :: Spring Boot ::                (v3.2.1)

2026-02-18T18:49:24.729+05:30  INFO 6760 --- [admin-service] [  restartedMain] com.rv.admin.AdminApplication            : Starting AdminApplication using Java 17.0.10 with PID 6760 (C:\Users\Rajat\Desktop\Retail Microservices\SwiftCart\admin-service\target\classes started by Rajat in C:\Users\Rajat\Desktop\Retail Microservices\SwiftCart\admin-service)
2026-02-18T18:49:24.730+05:30  INFO 6760 --- [admin-service] [  restartedMain] com.rv.admin.AdminApplication            : No active profile set, falling back to 1 default profile: "default"
2026-02-18T18:49:26.197+05:30  INFO 6760 --- [admin-service] [  restartedMain] .s.d.r.c.RepositoryConfigurationDelegate : Bootstrapping Spring Data JPA repositories in DEFAULT mode.
2026-02-18T18:49:26.284+05:30  INFO 6760 --- [admin-service] [  restartedMain] .s.d.r.c.RepositoryConfigurationDelegate : Finished Spring Data repository scanning in 75 ms. Found 4 JPA repository interfaces.
2026-02-18T18:49:26.581+05:30  INFO 6760 --- [admin-service] [  restartedMain] o.s.cloud.context.scope.GenericScope     : BeanFactory id=edcc02e0-ab30-39a5-82dd-e62045c28c8b
2026-02-18T18:49:26.667+05:30  WARN 6760 --- [admin-service] [  restartedMain] trationDelegate$BeanPostProcessorChecker : Bean 'org.springframework.cloud.client.loadbalancer.LoadBalancerAutoConfiguration$LoadBalancerInterceptorConfig' of type [org.springframework.cloud.client.loadbalancer.LoadBalancerAutoConfiguration$LoadBalancerInterceptorConfig] is not eligible for getting processed by all BeanPostProcessors (for example: not eligible for auto-proxying). The currently created BeanPostProcessor [lbRestClientPostProcessor] is declared through a non-static factory method on that class; consider declaring it as static instead.
2026-02-18T18:49:26.672+05:30  WARN 6760 --- [admin-service] [  restartedMain] trationDelegate$BeanPostProcessorChecker : Bean 'org.springframework.cloud.loadbalancer.config.BlockingLoadBalancerClientAutoConfiguration' of type [org.springframework.cloud.loadbalancer.config.BlockingLoadBalancerClientAutoConfiguration] is not eligible for getting processed by all BeanPostProcessors (for example: not eligible for auto-proxying). Is this bean getting eagerly injected into a currently created BeanPostProcessor [lbRestClientPostProcessor]? Check the corresponding BeanPostProcessor declaration and its dependencies.
2026-02-18T18:49:26.675+05:30  WARN 6760 --- [admin-service] [  restartedMain] trationDelegate$BeanPostProcessorChecker : Bean 'org.springframework.cloud.loadbalancer.config.LoadBalancerAutoConfiguration' of type [org.springframework.cloud.loadbalancer.config.LoadBalancerAutoConfiguration] is not eligible for getting processed by all BeanPostProcessors (for example: not eligible for auto-proxying). Is this bean getting eagerly injected into a currently created BeanPostProcessor [lbRestClientPostProcessor]? Check the corresponding BeanPostProcessor declaration and its dependencies.
2026-02-18T18:49:26.682+05:30  WARN 6760 --- [admin-service] [  restartedMain] trationDelegate$BeanPostProcessorChecker : Bean 'org.springframework.cloud.commons.config.CommonsConfigAutoConfiguration' of type [org.springframework.cloud.commons.config.CommonsConfigAutoConfiguration] is not eligible for getting processed by all BeanPostProcessors (for example: not eligible for auto-proxying). Is this bean getting eagerly injected into a currently created BeanPostProcessor [lbRestClientPostProcessor]? Check the corresponding BeanPostProcessor declaration and its dependencies.
2026-02-18T18:49:26.685+05:30  WARN 6760 --- [admin-service] [  restartedMain] trationDelegate$BeanPostProcessorChecker : Bean 'org.springframework.cloud.client.loadbalancer.LoadBalancerDefaultMappingsProviderAutoConfiguration' of type [org.springframework.cloud.client.loadbalancer.LoadBalancerDefaultMappingsProviderAutoConfiguration] is not eligible for getting processed by all BeanPostProcessors (for example: not eligible for auto-proxying). Is this bean getting eagerly injected into a currently created BeanPostProcessor [lbRestClientPostProcessor]? Check the corresponding BeanPostProcessor declaration and its dependencies.
2026-02-18T18:49:26.687+05:30  WARN 6760 --- [admin-service] [  restartedMain] trationDelegate$BeanPostProcessorChecker : Bean 'loadBalancerClientsDefaultsMappingsProvider' of type [org.springframework.cloud.client.loadbalancer.LoadBalancerDefaultMappingsProviderAutoConfiguration$$Lambda$612/0x00000233c93ce9c8] is not eligible for getting processed by all BeanPostProcessors (for example: not eligible for auto-proxying). Is this bean getting eagerly injected into a currently created BeanPostProcessor [lbRestClientPostProcessor]? Check the corresponding BeanPostProcessor declaration and its dependencies.
2026-02-18T18:49:26.690+05:30  WARN 6760 --- [admin-service] [  restartedMain] trationDelegate$BeanPostProcessorChecker : Bean 'defaultsBindHandlerAdvisor' of type [org.springframework.cloud.commons.config.DefaultsBindHandlerAdvisor] is not eligible for getting processed by all BeanPostProcessors (for example: not eligible for auto-proxying). Is this bean getting eagerly injected into a currently created BeanPostProcessor [lbRestClientPostProcessor]? Check the corresponding BeanPostProcessor declaration and its dependencies.
2026-02-18T18:49:26.703+05:30  WARN 6760 --- [admin-service] [  restartedMain] trationDelegate$BeanPostProcessorChecker : Bean 'spring.cloud.loadbalancer-org.springframework.cloud.client.loadbalancer.LoadBalancerClientsProperties' of type [org.springframework.cloud.client.loadbalancer.LoadBalancerClientsProperties] is not eligible for getting processed by all BeanPostProcessors (for example: not eligible for auto-proxying). Is this bean getting eagerly injected into a currently created BeanPostProcessor [lbRestClientPostProcessor]? Check the corresponding BeanPostProcessor declaration and its dependencies.
2026-02-18T18:49:26.709+05:30  WARN 6760 --- [admin-service] [  restartedMain] trationDelegate$BeanPostProcessorChecker : Bean 'default.org.springframework.cloud.loadbalancer.config.LoadBalancerAutoConfiguration.LoadBalancerClientSpecification' of type [org.springframework.cloud.loadbalancer.annotation.LoadBalancerClientSpecification] is not eligible for getting processed by all BeanPostProcessors (for example: not eligible for auto-proxying). Is this bean getting eagerly injected into a currently created BeanPostProcessor [lbRestClientPostProcessor]? Check the corresponding BeanPostProcessor declaration and its dependencies.
2026-02-18T18:49:26.711+05:30  WARN 6760 --- [admin-service] [  restartedMain] trationDelegate$BeanPostProcessorChecker : Bean 'default.org.springframework.cloud.loadbalancer.config.BlockingLoadBalancerClientAutoConfiguration.LoadBalancerClientSpecification' of type [org.springframework.cloud.loadbalancer.annotation.LoadBalancerClientSpecification] is not eligible for getting processed by all BeanPostProcessors (for example: not eligible for auto-proxying). Is this bean getting eagerly injected into a currently created BeanPostProcessor [lbRestClientPostProcessor]? Check the corresponding BeanPostProcessor declaration and its dependencies.
2026-02-18T18:49:26.714+05:30  WARN 6760 --- [admin-service] [  restartedMain] trationDelegate$BeanPostProcessorChecker : Bean 'default.org.springframework.cloud.netflix.eureka.loadbalancer.LoadBalancerEurekaAutoConfiguration.LoadBalancerClientSpecification' of type [org.springframework.cloud.loadbalancer.annotation.LoadBalancerClientSpecification] is not eligible for getting processed by all BeanPostProcessors (for example: not eligible for auto-proxying). Is this bean getting eagerly injected into a currently created BeanPostProcessor [lbRestClientPostProcessor]? Check the corresponding BeanPostProcessor declaration and its dependencies.
2026-02-18T18:49:26.715+05:30  WARN 6760 --- [admin-service] [  restartedMain] trationDelegate$BeanPostProcessorChecker : Bean 'loadBalancerClientFactory' of type [org.springframework.cloud.loadbalancer.support.LoadBalancerClientFactory] is not eligible for getting processed by all BeanPostProcessors (for example: not eligible for auto-proxying). Is this bean getting eagerly injected into a currently created BeanPostProcessor [lbRestClientPostProcessor]? Check the corresponding BeanPostProcessor declaration and its dependencies.
2026-02-18T18:49:26.719+05:30  WARN 6760 --- [admin-service] [  restartedMain] trationDelegate$BeanPostProcessorChecker : Bean 'blockingLoadBalancerClient' of type [org.springframework.cloud.loadbalancer.blocking.client.BlockingLoadBalancerClient] is not eligible for getting processed by all BeanPostProcessors (for example: not eligible for auto-proxying). Is this bean getting eagerly injected into a currently created BeanPostProcessor [lbRestClientPostProcessor]? Check the corresponding BeanPostProcessor declaration and its dependencies.
2026-02-18T18:49:26.732+05:30  WARN 6760 --- [admin-service] [  restartedMain] trationDelegate$BeanPostProcessorChecker : Bean 'loadBalancerServiceInstanceCookieTransformer' of type [org.springframework.cloud.loadbalancer.core.LoadBalancerServiceInstanceCookieTransformer] is not eligible for getting processed by all BeanPostProcessors (for example: not eligible for auto-proxying). Is this bean getting eagerly injected into a currently created BeanPostProcessor [lbRestClientPostProcessor]? Check the corresponding BeanPostProcessor declaration and its dependencies.
2026-02-18T18:49:26.737+05:30  WARN 6760 --- [admin-service] [  restartedMain] trationDelegate$BeanPostProcessorChecker : Bean 'xForwarderHeadersTransformer' of type [org.springframework.cloud.loadbalancer.blocking.XForwardedHeadersTransformer] is not eligible for getting processed by all BeanPostProcessors (for example: not eligible for auto-proxying). Is this bean getting eagerly injected into a currently created BeanPostProcessor [lbRestClientPostProcessor]? Check the corresponding BeanPostProcessor declaration and its dependencies.
2026-02-18T18:49:26.739+05:30  WARN 6760 --- [admin-service] [  restartedMain] trationDelegate$BeanPostProcessorChecker : Bean 'org.springframework.cloud.client.loadbalancer.LoadBalancerAutoConfiguration' of type [org.springframework.cloud.client.loadbalancer.LoadBalancerAutoConfiguration] is not eligible for getting processed by all BeanPostProcessors (for example: not eligible for auto-proxying). Is this bean getting eagerly injected into a currently created BeanPostProcessor [lbRestClientPostProcessor]? Check the corresponding BeanPostProcessor declaration and its dependencies.
2026-02-18T18:49:26.744+05:30  WARN 6760 --- [admin-service] [  restartedMain] trationDelegate$BeanPostProcessorChecker : Bean 'loadBalancerRequestFactory' of type [org.springframework.cloud.client.loadbalancer.LoadBalancerRequestFactory] is not eligible for getting processed by all BeanPostProcessors (for example: not eligible for auto-proxying). Is this bean getting eagerly injected into a currently created BeanPostProcessor [lbRestClientPostProcessor]? Check the corresponding BeanPostProcessor declaration and its dependencies.
2026-02-18T18:49:26.746+05:30  WARN 6760 --- [admin-service] [  restartedMain] trationDelegate$BeanPostProcessorChecker : Bean 'loadBalancerInterceptor' of type [org.springframework.cloud.client.loadbalancer.LoadBalancerInterceptor] is not eligible for getting processed by all BeanPostProcessors (for example: not eligible for auto-proxying). Is this bean getting eagerly injected into a currently created BeanPostProcessor [lbRestClientPostProcessor]? Check the corresponding BeanPostProcessor declaration and its dependencies.
2026-02-18T18:49:26.979+05:30  INFO 6760 --- [admin-service] [  restartedMain] o.s.b.w.embedded.tomcat.TomcatWebServer  : Tomcat initialized with port 8022 (http)
2026-02-18T18:49:26.981+05:30  INFO 6760 --- [admin-service] [  restartedMain] o.apache.catalina.core.StandardService   : Starting service [Tomcat]
2026-02-18T18:49:26.982+05:30  INFO 6760 --- [admin-service] [  restartedMain] o.apache.catalina.core.StandardEngine    : Starting Servlet engine: [Apache Tomcat/10.1.17]
2026-02-18T18:49:27.042+05:30  INFO 6760 --- [admin-service] [  restartedMain] o.a.c.c.C.[Tomcat-3].[localhost].[/]     : Initializing Spring embedded WebApplicationContext
2026-02-18T18:49:27.042+05:30  INFO 6760 --- [admin-service] [  restartedMain] w.s.c.ServletWebServerApplicationContext : Root WebApplicationContext: initialization completed in 2302 ms
2026-02-18T18:49:27.142+05:30  INFO 6760 --- [admin-service] [  restartedMain] o.hibernate.jpa.internal.util.LogHelper  : HHH000204: Processing PersistenceUnitInfo [name: default]
2026-02-18T18:49:27.153+05:30  INFO 6760 --- [admin-service] [  restartedMain] o.h.c.internal.RegionFactoryInitiator    : HHH000026: Second-level cache disabled
2026-02-18T18:49:27.170+05:30  INFO 6760 --- [admin-service] [  restartedMain] o.s.o.j.p.SpringPersistenceUnitInfo      : No LoadTimeWeaver setup: ignoring JPA class transformer
2026-02-18T18:49:27.176+05:30  INFO 6760 --- [admin-service] [  restartedMain] com.zaxxer.hikari.HikariDataSource       : HikariPool-5 - Starting...
2026-02-18T18:49:27.576+05:30  INFO 6760 --- [admin-service] [  restartedMain] com.zaxxer.hikari.pool.HikariPool        : HikariPool-5 - Added connection com.mysql.cj.jdbc.ConnectionImpl@4ac0b7d1
2026-02-18T18:49:27.580+05:30  INFO 6760 --- [admin-service] [  restartedMain] com.zaxxer.hikari.HikariDataSource       : HikariPool-5 - Start completed.
2026-02-18T18:49:27.774+05:30  INFO 6760 --- [admin-service] [  restartedMain] o.h.e.t.j.p.i.JtaPlatformInitiator       : HHH000489: No JTA platform available (set 'hibernate.transaction.jta.platform' to enable JTA platform integration)
2026-02-18T18:49:31.973+05:30  INFO 6760 --- [admin-service] [  restartedMain] j.LocalContainerEntityManagerFactoryBean : Initialized JPA EntityManagerFactory for persistence unit 'default'
2026-02-18T18:49:32.544+05:30  WARN 6760 --- [admin-service] [  restartedMain] ConfigServletWebServerApplicationContext : Exception encountered during context initialization - cancelling refresh attempt: org.springframework.beans.factory.UnsatisfiedDependencyException: Error creating bean with name 'productController': Unsatisfied dependency expressed through field 'service': Error creating bean with name 'productServiceImpl': Unsatisfied dependency expressed through field 'productRepository': Error creating bean with name 'productRepository' defined in com.rv.admin.repository.ProductRepository defined in @EnableJpaRepositories declared on JpaRepositoriesRegistrar.EnableJpaRepositoriesConfiguration: Could not create query for public abstract java.util.List com.rv.admin.repository.ProductRepository.filterProducts(java.lang.Integer,java.lang.String,java.lang.Double,java.lang.Double); Reason: Validation failed for query for method public abstract java.util.List com.rv.admin.repository.ProductRepository.filterProducts(java.lang.Integer,java.lang.String,java.lang.Double,java.lang.Double)
2026-02-18T18:49:32.549+05:30  INFO 6760 --- [admin-service] [  restartedMain] j.LocalContainerEntityManagerFactoryBean : Closing JPA EntityManagerFactory for persistence unit 'default'
2026-02-18T18:49:32.550+05:30  INFO 6760 --- [admin-service] [  restartedMain] com.zaxxer.hikari.HikariDataSource       : HikariPool-5 - Shutdown initiated...
2026-02-18T18:49:32.566+05:30  INFO 6760 --- [admin-service] [  restartedMain] com.zaxxer.hikari.HikariDataSource       : HikariPool-5 - Shutdown completed.
2026-02-18T18:49:32.567+05:30  INFO 6760 --- [admin-service] [  restartedMain] o.apache.catalina.core.StandardService   : Stopping service [Tomcat]
2026-02-18T18:49:32.581+05:30  INFO 6760 --- [admin-service] [  restartedMain] .s.b.a.l.ConditionEvaluationReportLogger : 

Error starting ApplicationContext. To display the condition evaluation report re-run your application with 'debug' enabled.
2026-02-18T18:49:32.587+05:30 ERROR 6760 --- [admin-service] [  restartedMain] o.s.boot.SpringApplication               : Application run failed

org.springframework.beans.factory.UnsatisfiedDependencyException: Error creating bean with name 'productController': Unsatisfied dependency expressed through field 'service': Error creating bean with name 'productServiceImpl': Unsatisfied dependency expressed through field 'productRepository': Error creating bean with name 'productRepository' defined in com.rv.admin.repository.ProductRepository defined in @EnableJpaRepositories declared on JpaRepositoriesRegistrar.EnableJpaRepositoriesConfiguration: Could not create query for public abstract java.util.List com.rv.admin.repository.ProductRepository.filterProducts(java.lang.Integer,java.lang.String,java.lang.Double,java.lang.Double); Reason: Validation failed for query for method public abstract java.util.List com.rv.admin.repository.ProductRepository.filterProducts(java.lang.Integer,java.lang.String,java.lang.Double,java.lang.Double)
	at org.springframework.beans.factory.annotation.AutowiredAnnotationBeanPostProcessor$AutowiredFieldElement.resolveFieldValue(AutowiredAnnotationBeanPostProcessor.java:787) ~[spring-beans-6.1.2.jar:6.1.2]
	at org.springframework.beans.factory.annotation.AutowiredAnnotationBeanPostProcessor$AutowiredFieldElement.inject(AutowiredAnnotationBeanPostProcessor.java:767) ~[spring-beans-6.1.2.jar:6.1.2]
	at org.springframework.beans.factory.annotation.InjectionMetadata.inject(InjectionMetadata.java:145) ~[spring-beans-6.1.2.jar:6.1.2]
	at org.springframework.beans.factory.annotation.AutowiredAnnotationBeanPostProcessor.postProcessProperties(AutowiredAnnotationBeanPostProcessor.java:508) ~[spring-beans-6.1.2.jar:6.1.2]
	at org.springframework.beans.factory.support.AbstractAutowireCapableBeanFactory.populateBean(AbstractAutowireCapableBeanFactory.java:1418) ~[spring-beans-6.1.2.jar:6.1.2]
	at org.springframework.beans.factory.support.AbstractAutowireCapableBeanFactory.doCreateBean(AbstractAutowireCapableBeanFactory.java:598) ~[spring-beans-6.1.2.jar:6.1.2]
	at org.springframework.beans.factory.support.AbstractAutowireCapableBeanFactory.createBean(AbstractAutowireCapableBeanFactory.java:521) ~[spring-beans-6.1.2.jar:6.1.2]
	at org.springframework.beans.factory.support.AbstractBeanFactory.lambda$doGetBean$0(AbstractBeanFactory.java:325) ~[spring-beans-6.1.2.jar:6.1.2]
	at org.springframework.beans.factory.support.DefaultSingletonBeanRegistry.getSingleton(DefaultSingletonBeanRegistry.java:234) ~[spring-beans-6.1.2.jar:6.1.2]
	at org.springframework.beans.factory.support.AbstractBeanFactory.doGetBean(AbstractBeanFactory.java:323) ~[spring-beans-6.1.2.jar:6.1.2]
	at org.springframework.beans.factory.support.AbstractBeanFactory.getBean(AbstractBeanFactory.java:199) ~[spring-beans-6.1.2.jar:6.1.2]
	at org.springframework.beans.factory.support.DefaultListableBeanFactory.preInstantiateSingletons(DefaultListableBeanFactory.java:975) ~[spring-beans-6.1.2.jar:6.1.2]
	at org.springframework.context.support.AbstractApplicationContext.finishBeanFactoryInitialization(AbstractApplicationContext.java:960) ~[spring-context-6.1.2.jar:6.1.2]
	at org.springframework.context.support.AbstractApplicationContext.refresh(AbstractApplicationContext.java:625) ~[spring-context-6.1.2.jar:6.1.2]
	at org.springframework.boot.web.servlet.context.ServletWebServerApplicationContext.refresh(ServletWebServerApplicationContext.java:146) ~[spring-boot-3.2.1.jar:3.2.1]
	at org.springframework.boot.SpringApplication.refresh(SpringApplication.java:762) ~[spring-boot-3.2.1.jar:3.2.1]
	at org.springframework.boot.SpringApplication.refreshContext(SpringApplication.java:464) ~[spring-boot-3.2.1.jar:3.2.1]
	at org.springframework.boot.SpringApplication.run(SpringApplication.java:334) ~[spring-boot-3.2.1.jar:3.2.1]
	at org.springframework.boot.SpringApplication.run(SpringApplication.java:1358) ~[spring-boot-3.2.1.jar:3.2.1]
	at org.springframework.boot.SpringApplication.run(SpringApplication.java:1347) ~[spring-boot-3.2.1.jar:3.2.1]
	at com.rv.admin.AdminApplication.main(AdminApplication.java:14) ~[classes/:na]
	at java.base/jdk.internal.reflect.NativeMethodAccessorImpl.invoke0(Native Method) ~[na:na]
	at java.base/jdk.internal.reflect.NativeMethodAccessorImpl.invoke(NativeMethodAccessorImpl.java:77) ~[na:na]
	at java.base/jdk.internal.reflect.DelegatingMethodAccessorImpl.invoke(DelegatingMethodAccessorImpl.java:43) ~[na:na]
	at java.base/java.lang.reflect.Method.invoke(Method.java:568) ~[na:na]
	at org.springframework.boot.devtools.restart.RestartLauncher.run(RestartLauncher.java:50) ~[spring-boot-devtools-3.2.1.jar:3.2.1]
Caused by: org.springframework.beans.factory.UnsatisfiedDependencyException: Error creating bean with name 'productServiceImpl': Unsatisfied dependency expressed through field 'productRepository': Error creating bean with name 'productRepository' defined in com.rv.admin.repository.ProductRepository defined in @EnableJpaRepositories declared on JpaRepositoriesRegistrar.EnableJpaRepositoriesConfiguration: Could not create query for public abstract java.util.List com.rv.admin.repository.ProductRepository.filterProducts(java.lang.Integer,java.lang.String,java.lang.Double,java.lang.Double); Reason: Validation failed for query for method public abstract java.util.List com.rv.admin.repository.ProductRepository.filterProducts(java.lang.Integer,java.lang.String,java.lang.Double,java.lang.Double)
	at org.springframework.beans.factory.annotation.AutowiredAnnotationBeanPostProcessor$AutowiredFieldElement.resolveFieldValue(AutowiredAnnotationBeanPostProcessor.java:787) ~[spring-beans-6.1.2.jar:6.1.2]
	at org.springframework.beans.factory.annotation.AutowiredAnnotationBeanPostProcessor$AutowiredFieldElement.inject(AutowiredAnnotationBeanPostProcessor.java:767) ~[spring-beans-6.1.2.jar:6.1.2]
	at org.springframework.beans.factory.annotation.InjectionMetadata.inject(InjectionMetadata.java:145) ~[spring-beans-6.1.2.jar:6.1.2]
	at org.springframework.beans.factory.annotation.AutowiredAnnotationBeanPostProcessor.postProcessProperties(AutowiredAnnotationBeanPostProcessor.java:508) ~[spring-beans-6.1.2.jar:6.1.2]
	at org.springframework.beans.factory.support.AbstractAutowireCapableBeanFactory.populateBean(AbstractAutowireCapableBeanFactory.java:1418) ~[spring-beans-6.1.2.jar:6.1.2]
	at org.springframework.beans.factory.support.AbstractAutowireCapableBeanFactory.doCreateBean(AbstractAutowireCapableBeanFactory.java:598) ~[spring-beans-6.1.2.jar:6.1.2]
	at org.springframework.beans.factory.support.AbstractAutowireCapableBeanFactory.createBean(AbstractAutowireCapableBeanFactory.java:521) ~[spring-beans-6.1.2.jar:6.1.2]
	at org.springframework.beans.factory.support.AbstractBeanFactory.lambda$doGetBean$0(AbstractBeanFactory.java:325) ~[spring-beans-6.1.2.jar:6.1.2]
	at org.springframework.beans.factory.support.DefaultSingletonBeanRegistry.getSingleton(DefaultSingletonBeanRegistry.java:234) ~[spring-beans-6.1.2.jar:6.1.2]
	at org.springframework.beans.factory.support.AbstractBeanFactory.doGetBean(AbstractBeanFactory.java:323) ~[spring-beans-6.1.2.jar:6.1.2]
	at org.springframework.beans.factory.support.AbstractBeanFactory.getBean(AbstractBeanFactory.java:199) ~[spring-beans-6.1.2.jar:6.1.2]
	at org.springframework.beans.factory.config.DependencyDescriptor.resolveCandidate(DependencyDescriptor.java:254) ~[spring-beans-6.1.2.jar:6.1.2]
	at org.springframework.beans.factory.support.DefaultListableBeanFactory.doResolveDependency(DefaultListableBeanFactory.java:1443) ~[spring-beans-6.1.2.jar:6.1.2]
	at org.springframework.beans.factory.support.DefaultListableBeanFactory.resolveDependency(DefaultListableBeanFactory.java:1353) ~[spring-beans-6.1.2.jar:6.1.2]
	at org.springframework.beans.factory.annotation.AutowiredAnnotationBeanPostProcessor$AutowiredFieldElement.resolveFieldValue(AutowiredAnnotationBeanPostProcessor.java:784) ~[spring-beans-6.1.2.jar:6.1.2]
	... 25 common frames omitted
Caused by: org.springframework.beans.factory.BeanCreationException: Error creating bean with name 'productRepository' defined in com.rv.admin.repository.ProductRepository defined in @EnableJpaRepositories declared on JpaRepositoriesRegistrar.EnableJpaRepositoriesConfiguration: Could not create query for public abstract java.util.List com.rv.admin.repository.ProductRepository.filterProducts(java.lang.Integer,java.lang.String,java.lang.Double,java.lang.Double); Reason: Validation failed for query for method public abstract java.util.List com.rv.admin.repository.ProductRepository.filterProducts(java.lang.Integer,java.lang.String,java.lang.Double,java.lang.Double)
	at org.springframework.beans.factory.support.AbstractAutowireCapableBeanFactory.initializeBean(AbstractAutowireCapableBeanFactory.java:1773) ~[spring-beans-6.1.2.jar:6.1.2]
	at org.springframework.beans.factory.support.AbstractAutowireCapableBeanFactory.doCreateBean(AbstractAutowireCapableBeanFactory.java:599) ~[spring-beans-6.1.2.jar:6.1.2]
	at org.springframework.beans.factory.support.AbstractAutowireCapableBeanFactory.createBean(AbstractAutowireCapableBeanFactory.java:521) ~[spring-beans-6.1.2.jar:6.1.2]
	at org.springframework.beans.factory.support.AbstractBeanFactory.lambda$doGetBean$0(AbstractBeanFactory.java:325) ~[spring-beans-6.1.2.jar:6.1.2]
	at org.springframework.beans.factory.support.DefaultSingletonBeanRegistry.getSingleton(DefaultSingletonBeanRegistry.java:234) ~[spring-beans-6.1.2.jar:6.1.2]
	at org.springframework.beans.factory.support.AbstractBeanFactory.doGetBean(AbstractBeanFactory.java:323) ~[spring-beans-6.1.2.jar:6.1.2]
	at org.springframework.beans.factory.support.AbstractBeanFactory.getBean(AbstractBeanFactory.java:199) ~[spring-beans-6.1.2.jar:6.1.2]
	at org.springframework.beans.factory.config.DependencyDescriptor.resolveCandidate(DependencyDescriptor.java:254) ~[spring-beans-6.1.2.jar:6.1.2]
	at org.springframework.beans.factory.support.DefaultListableBeanFactory.doResolveDependency(DefaultListableBeanFactory.java:1443) ~[spring-beans-6.1.2.jar:6.1.2]
	at org.springframework.beans.factory.support.DefaultListableBeanFactory.resolveDependency(DefaultListableBeanFactory.java:1353) ~[spring-beans-6.1.2.jar:6.1.2]
	at org.springframework.beans.factory.annotation.AutowiredAnnotationBeanPostProcessor$AutowiredFieldElement.resolveFieldValue(AutowiredAnnotationBeanPostProcessor.java:784) ~[spring-beans-6.1.2.jar:6.1.2]
	... 39 common frames omitted
Caused by: org.springframework.data.repository.query.QueryCreationException: Could not create query for public abstract java.util.List com.rv.admin.repository.ProductRepository.filterProducts(java.lang.Integer,java.lang.String,java.lang.Double,java.lang.Double); Reason: Validation failed for query for method public abstract java.util.List com.rv.admin.repository.ProductRepository.filterProducts(java.lang.Integer,java.lang.String,java.lang.Double,java.lang.Double)
	at org.springframework.data.repository.query.QueryCreationException.create(QueryCreationException.java:101) ~[spring-data-commons-3.2.1.jar:3.2.1]
	at org.springframework.data.repository.core.support.QueryExecutorMethodInterceptor.lookupQuery(QueryExecutorMethodInterceptor.java:115) ~[spring-data-commons-3.2.1.jar:3.2.1]
	at org.springframework.data.repository.core.support.QueryExecutorMethodInterceptor.mapMethodsToQuery(QueryExecutorMethodInterceptor.java:99) ~[spring-data-commons-3.2.1.jar:3.2.1]
	at org.springframework.data.repository.core.support.QueryExecutorMethodInterceptor.lambda$new$0(QueryExecutorMethodInterceptor.java:88) ~[spring-data-commons-3.2.1.jar:3.2.1]
	at java.base/java.util.Optional.map(Optional.java:260) ~[na:na]
	at org.springframework.data.repository.core.support.QueryExecutorMethodInterceptor.<init>(QueryExecutorMethodInterceptor.java:88) ~[spring-data-commons-3.2.1.jar:3.2.1]
	at org.springframework.data.repository.core.support.RepositoryFactorySupport.getRepository(RepositoryFactorySupport.java:357) ~[spring-data-commons-3.2.1.jar:3.2.1]
	at org.springframework.data.repository.core.support.RepositoryFactoryBeanSupport.lambda$afterPropertiesSet$5(RepositoryFactoryBeanSupport.java:279) ~[spring-data-commons-3.2.1.jar:3.2.1]
	at org.springframework.data.util.Lazy.getNullable(Lazy.java:135) ~[spring-data-commons-3.2.1.jar:3.2.1]
	at org.springframework.data.util.Lazy.get(Lazy.java:113) ~[spring-data-commons-3.2.1.jar:3.2.1]
	at org.springframework.data.repository.core.support.RepositoryFactoryBeanSupport.afterPropertiesSet(RepositoryFactoryBeanSupport.java:285) ~[spring-data-commons-3.2.1.jar:3.2.1]
	at org.springframework.data.jpa.repository.support.JpaRepositoryFactoryBean.afterPropertiesSet(JpaRepositoryFactoryBean.java:132) ~[spring-data-jpa-3.2.1.jar:3.2.1]
	at org.springframework.beans.factory.support.AbstractAutowireCapableBeanFactory.invokeInitMethods(AbstractAutowireCapableBeanFactory.java:1820) ~[spring-beans-6.1.2.jar:6.1.2]
	at org.springframework.beans.factory.support.AbstractAutowireCapableBeanFactory.initializeBean(AbstractAutowireCapableBeanFactory.java:1769) ~[spring-beans-6.1.2.jar:6.1.2]
	... 49 common frames omitted
Caused by: java.lang.IllegalArgumentException: Validation failed for query for method public abstract java.util.List com.rv.admin.repository.ProductRepository.filterProducts(java.lang.Integer,java.lang.String,java.lang.Double,java.lang.Double)
	at org.springframework.data.jpa.repository.query.SimpleJpaQuery.validateQuery(SimpleJpaQuery.java:100) ~[spring-data-jpa-3.2.1.jar:3.2.1]
	at org.springframework.data.jpa.repository.query.SimpleJpaQuery.<init>(SimpleJpaQuery.java:70) ~[spring-data-jpa-3.2.1.jar:3.2.1]
	at org.springframework.data.jpa.repository.query.JpaQueryFactory.fromMethodWithQueryString(JpaQueryFactory.java:60) ~[spring-data-jpa-3.2.1.jar:3.2.1]
	at org.springframework.data.jpa.repository.query.JpaQueryLookupStrategy$DeclaredQueryLookupStrategy.resolveQuery(JpaQueryLookupStrategy.java:170) ~[spring-data-jpa-3.2.1.jar:3.2.1]
	at org.springframework.data.jpa.repository.query.JpaQueryLookupStrategy$CreateIfNotFoundQueryLookupStrategy.resolveQuery(JpaQueryLookupStrategy.java:252) ~[spring-data-jpa-3.2.1.jar:3.2.1]
	at org.springframework.data.jpa.repository.query.JpaQueryLookupStrategy$AbstractQueryLookupStrategy.resolveQuery(JpaQueryLookupStrategy.java:95) ~[spring-data-jpa-3.2.1.jar:3.2.1]
	at org.springframework.data.repository.core.support.QueryExecutorMethodInterceptor.lookupQuery(QueryExecutorMethodInterceptor.java:111) ~[spring-data-commons-3.2.1.jar:3.2.1]
	... 61 common frames omitted
Caused by: java.lang.IllegalArgumentException: org.hibernate.query.sqm.UnknownPathException: Could not resolve attribute 'productCategoryId' of 'com.rv.admin.entity.ProductCategoryEntity' [    SELECT p FROM product p
    WHERE (:categoryId IS NULL OR p.category.productCategoryId = :categoryId)
      AND (:search IS NULL OR LOWER(p.name) LIKE LOWER(CONCAT('%', :search, '%')))
      AND (:minPrice IS NULL OR p.unitPrice >= :minPrice)
      AND (:maxPrice IS NULL OR p.unitPrice <= :maxPrice)
      AND p.active = true
]
	at org.hibernate.internal.ExceptionConverterImpl.convert(ExceptionConverterImpl.java:143) ~[hibernate-core-6.4.1.Final.jar:6.4.1.Final]
	at org.hibernate.internal.ExceptionConverterImpl.convert(ExceptionConverterImpl.java:167) ~[hibernate-core-6.4.1.Final.jar:6.4.1.Final]
	at org.hibernate.internal.ExceptionConverterImpl.convert(ExceptionConverterImpl.java:173) ~[hibernate-core-6.4.1.Final.jar:6.4.1.Final]
	at org.hibernate.internal.AbstractSharedSessionContract.createQuery(AbstractSharedSessionContract.java:827) ~[hibernate-core-6.4.1.Final.jar:6.4.1.Final]
	at org.hibernate.internal.AbstractSharedSessionContract.createQuery(AbstractSharedSessionContract.java:732) ~[hibernate-core-6.4.1.Final.jar:6.4.1.Final]
	at org.hibernate.internal.AbstractSharedSessionContract.createQuery(AbstractSharedSessionContract.java:133) ~[hibernate-core-6.4.1.Final.jar:6.4.1.Final]
	at java.base/jdk.internal.reflect.NativeMethodAccessorImpl.invoke0(Native Method) ~[na:na]
	at java.base/jdk.internal.reflect.NativeMethodAccessorImpl.invoke(NativeMethodAccessorImpl.java:77) ~[na:na]
	at java.base/jdk.internal.reflect.DelegatingMethodAccessorImpl.invoke(DelegatingMethodAccessorImpl.java:43) ~[na:na]
	at java.base/java.lang.reflect.Method.invoke(Method.java:568) ~[na:na]
	at org.springframework.orm.jpa.ExtendedEntityManagerCreator$ExtendedEntityManagerInvocationHandler.invoke(ExtendedEntityManagerCreator.java:364) ~[spring-orm-6.1.2.jar:6.1.2]
	at jdk.proxy6/jdk.proxy6.$Proxy177.createQuery(Unknown Source) ~[na:na]
	at org.springframework.data.jpa.repository.query.SimpleJpaQuery.validateQuery(SimpleJpaQuery.java:94) ~[spring-data-jpa-3.2.1.jar:3.2.1]
	... 67 common frames omitted
Caused by: org.hibernate.query.sqm.UnknownPathException: Could not resolve attribute 'productCategoryId' of 'com.rv.admin.entity.ProductCategoryEntity' [    SELECT p FROM product p
    WHERE (:categoryId IS NULL OR p.category.productCategoryId = :categoryId)
      AND (:search IS NULL OR LOWER(p.name) LIKE LOWER(CONCAT('%', :search, '%')))
      AND (:minPrice IS NULL OR p.unitPrice >= :minPrice)
      AND (:maxPrice IS NULL OR p.unitPrice <= :maxPrice)
      AND p.active = true
]
	at org.hibernate.query.hql.internal.StandardHqlTranslator.translate(StandardHqlTranslator.java:87) ~[hibernate-core-6.4.1.Final.jar:6.4.1.Final]
	at org.hibernate.query.internal.QueryInterpretationCacheStandardImpl.createHqlInterpretation(QueryInterpretationCacheStandardImpl.java:165) ~[hibernate-core-6.4.1.Final.jar:6.4.1.Final]
	at org.hibernate.query.internal.QueryInterpretationCacheStandardImpl.resolveHqlInterpretation(QueryInterpretationCacheStandardImpl.java:147) ~[hibernate-core-6.4.1.Final.jar:6.4.1.Final]
	at org.hibernate.internal.AbstractSharedSessionContract.interpretHql(AbstractSharedSessionContract.java:769) ~[hibernate-core-6.4.1.Final.jar:6.4.1.Final]
	at org.hibernate.internal.AbstractSharedSessionContract.createQuery(AbstractSharedSessionContract.java:819) ~[hibernate-core-6.4.1.Final.jar:6.4.1.Final]
	... 76 common frames omitted
Caused by: org.hibernate.query.sqm.PathElementException: Could not resolve attribute 'productCategoryId' of 'com.rv.admin.entity.ProductCategoryEntity'
	at org.hibernate.query.sqm.SqmPathSource.getSubPathSource(SqmPathSource.java:95) ~[hibernate-core-6.4.1.Final.jar:6.4.1.Final]
	at org.hibernate.query.sqm.tree.domain.AbstractSqmPath.get(AbstractSqmPath.java:203) ~[hibernate-core-6.4.1.Final.jar:6.4.1.Final]
	at org.hibernate.query.sqm.tree.domain.SqmEntityValuedSimplePath.resolvePathPart(SqmEntityValuedSimplePath.java:56) ~[hibernate-core-6.4.1.Final.jar:6.4.1.Final]
	at org.hibernate.query.hql.internal.DomainPathPart.resolvePathPart(DomainPathPart.java:42) ~[hibernate-core-6.4.1.Final.jar:6.4.1.Final]
	at org.hibernate.query.hql.internal.BasicDotIdentifierConsumer.consumeIdentifier(BasicDotIdentifierConsumer.java:91) ~[hibernate-core-6.4.1.Final.jar:6.4.1.Final]
	at org.hibernate.query.hql.internal.SemanticQueryBuilder.visitSimplePath(SemanticQueryBuilder.java:5050) ~[hibernate-core-6.4.1.Final.jar:6.4.1.Final]
	at org.hibernate.query.hql.internal.SemanticQueryBuilder.visitIndexedPathAccessFragment(SemanticQueryBuilder.java:4999) ~[hibernate-core-6.4.1.Final.jar:6.4.1.Final]
	at org.hibernate.query.hql.internal.SemanticQueryBuilder.visitGeneralPathFragment(SemanticQueryBuilder.java:4974) ~[hibernate-core-6.4.1.Final.jar:6.4.1.Final]
	at org.hibernate.query.hql.internal.SemanticQueryBuilder.visitGeneralPathExpression(SemanticQueryBuilder.java:1776) ~[hibernate-core-6.4.1.Final.jar:6.4.1.Final]
	at org.hibernate.grammars.hql.HqlParser$GeneralPathExpressionContext.accept(HqlParser.java:7699) ~[hibernate-core-6.4.1.Final.jar:6.4.1.Final]
	at org.antlr.v4.runtime.tree.AbstractParseTreeVisitor.visitChildren(AbstractParseTreeVisitor.java:46) ~[antlr4-runtime-4.13.0.jar:4.13.0]
	at org.hibernate.grammars.hql.HqlParserBaseVisitor.visitBarePrimaryExpression(HqlParserBaseVisitor.java:756) ~[hibernate-core-6.4.1.Final.jar:6.4.1.Final]
	at org.hibernate.grammars.hql.HqlParser$BarePrimaryExpressionContext.accept(HqlParser.java:7157) ~[hibernate-core-6.4.1.Final.jar:6.4.1.Final]
	at org.hibernate.query.hql.internal.SemanticQueryBuilder.createComparisonPredicate(SemanticQueryBuilder.java:2429) ~[hibernate-core-6.4.1.Final.jar:6.4.1.Final]
	at org.hibernate.query.hql.internal.SemanticQueryBuilder.visitComparisonPredicate(SemanticQueryBuilder.java:2392) ~[hibernate-core-6.4.1.Final.jar:6.4.1.Final]
	at org.hibernate.query.hql.internal.SemanticQueryBuilder.visitComparisonPredicate(SemanticQueryBuilder.java:269) ~[hibernate-core-6.4.1.Final.jar:6.4.1.Final]
	at org.hibernate.grammars.hql.HqlParser$ComparisonPredicateContext.accept(HqlParser.java:6164) ~[hibernate-core-6.4.1.Final.jar:6.4.1.Final]
	at org.hibernate.query.hql.internal.SemanticQueryBuilder.visitOrPredicate(SemanticQueryBuilder.java:2271) ~[hibernate-core-6.4.1.Final.jar:6.4.1.Final]
	at org.hibernate.query.hql.internal.SemanticQueryBuilder.visitOrPredicate(SemanticQueryBuilder.java:269) ~[hibernate-core-6.4.1.Final.jar:6.4.1.Final]
	at org.hibernate.grammars.hql.HqlParser$OrPredicateContext.accept(HqlParser.java:6255) ~[hibernate-core-6.4.1.Final.jar:6.4.1.Final]
	at org.hibernate.query.hql.internal.SemanticQueryBuilder.visitGroupedPredicate(SemanticQueryBuilder.java:2252) ~[hibernate-core-6.4.1.Final.jar:6.4.1.Final]
	at org.hibernate.query.hql.internal.SemanticQueryBuilder.visitGroupedPredicate(SemanticQueryBuilder.java:269) ~[hibernate-core-6.4.1.Final.jar:6.4.1.Final]
	at org.hibernate.grammars.hql.HqlParser$GroupedPredicateContext.accept(HqlParser.java:6084) ~[hibernate-core-6.4.1.Final.jar:6.4.1.Final]
	at org.hibernate.query.hql.internal.SemanticQueryBuilder.visitAndPredicate(SemanticQueryBuilder.java:2261) ~[hibernate-core-6.4.1.Final.jar:6.4.1.Final]
	at org.hibernate.query.hql.internal.SemanticQueryBuilder.visitAndPredicate(SemanticQueryBuilder.java:269) ~[hibernate-core-6.4.1.Final.jar:6.4.1.Final]
	at org.hibernate.grammars.hql.HqlParser$AndPredicateContext.accept(HqlParser.java:6039) ~[hibernate-core-6.4.1.Final.jar:6.4.1.Final]
	at org.hibernate.query.hql.internal.SemanticQueryBuilder.visitAndPredicate(SemanticQueryBuilder.java:2261) ~[hibernate-core-6.4.1.Final.jar:6.4.1.Final]
	at org.hibernate.query.hql.internal.SemanticQueryBuilder.visitAndPredicate(SemanticQueryBuilder.java:269) ~[hibernate-core-6.4.1.Final.jar:6.4.1.Final]
	at org.hibernate.grammars.hql.HqlParser$AndPredicateContext.accept(HqlParser.java:6039) ~[hibernate-core-6.4.1.Final.jar:6.4.1.Final]
	at org.hibernate.query.hql.internal.SemanticQueryBuilder.visitAndPredicate(SemanticQueryBuilder.java:2261) ~[hibernate-core-6.4.1.Final.jar:6.4.1.Final]
	at org.hibernate.query.hql.internal.SemanticQueryBuilder.visitAndPredicate(SemanticQueryBuilder.java:269) ~[hibernate-core-6.4.1.Final.jar:6.4.1.Final]
	at org.hibernate.grammars.hql.HqlParser$AndPredicateContext.accept(HqlParser.java:6039) ~[hibernate-core-6.4.1.Final.jar:6.4.1.Final]
	at org.hibernate.query.hql.internal.SemanticQueryBuilder.visitAndPredicate(SemanticQueryBuilder.java:2261) ~[hibernate-core-6.4.1.Final.jar:6.4.1.Final]
	at org.hibernate.query.hql.internal.SemanticQueryBuilder.visitAndPredicate(SemanticQueryBuilder.java:269) ~[hibernate-core-6.4.1.Final.jar:6.4.1.Final]
	at org.hibernate.grammars.hql.HqlParser$AndPredicateContext.accept(HqlParser.java:6039) ~[hibernate-core-6.4.1.Final.jar:6.4.1.Final]
	at org.hibernate.query.hql.internal.SemanticQueryBuilder.visitWhereClause(SemanticQueryBuilder.java:2244) ~[hibernate-core-6.4.1.Final.jar:6.4.1.Final]
	at org.hibernate.query.hql.internal.SemanticQueryBuilder.visitWhereClause(SemanticQueryBuilder.java:269) ~[hibernate-core-6.4.1.Final.jar:6.4.1.Final]
	at org.hibernate.grammars.hql.HqlParser$WhereClauseContext.accept(HqlParser.java:5905) ~[hibernate-core-6.4.1.Final.jar:6.4.1.Final]
	at org.hibernate.query.hql.internal.SemanticQueryBuilder.visitQuery(SemanticQueryBuilder.java:1159) ~[hibernate-core-6.4.1.Final.jar:6.4.1.Final]
	at org.hibernate.query.hql.internal.SemanticQueryBuilder.visitQuerySpecExpression(SemanticQueryBuilder.java:941) ~[hibernate-core-6.4.1.Final.jar:6.4.1.Final]
	at org.hibernate.query.hql.internal.SemanticQueryBuilder.visitQuerySpecExpression(SemanticQueryBuilder.java:269) ~[hibernate-core-6.4.1.Final.jar:6.4.1.Final]
	at org.hibernate.grammars.hql.HqlParser$QuerySpecExpressionContext.accept(HqlParser.java:1869) ~[hibernate-core-6.4.1.Final.jar:6.4.1.Final]
	at org.hibernate.query.hql.internal.SemanticQueryBuilder.visitSimpleQueryGroup(SemanticQueryBuilder.java:926) ~[hibernate-core-6.4.1.Final.jar:6.4.1.Final]
	at org.hibernate.query.hql.internal.SemanticQueryBuilder.visitSimpleQueryGroup(SemanticQueryBuilder.java:269) ~[hibernate-core-6.4.1.Final.jar:6.4.1.Final]
	at org.hibernate.grammars.hql.HqlParser$SimpleQueryGroupContext.accept(HqlParser.java:1740) ~[hibernate-core-6.4.1.Final.jar:6.4.1.Final]
	at org.hibernate.query.hql.internal.SemanticQueryBuilder.visitSelectStatement(SemanticQueryBuilder.java:443) ~[hibernate-core-6.4.1.Final.jar:6.4.1.Final]
	at org.hibernate.query.hql.internal.SemanticQueryBuilder.visitStatement(SemanticQueryBuilder.java:402) ~[hibernate-core-6.4.1.Final.jar:6.4.1.Final]
	at org.hibernate.query.hql.internal.SemanticQueryBuilder.buildSemanticModel(SemanticQueryBuilder.java:311) ~[hibernate-core-6.4.1.Final.jar:6.4.1.Final]
	at org.hibernate.query.hql.internal.StandardHqlTranslator.translate(StandardHqlTranslator.java:71) ~[hibernate-core-6.4.1.Final.jar:6.4.1.Final]
	... 80 common frames omitted


  .   ____          _            __ _ _
 /\\ / ___'_ __ _ _(_)_ __  __ _ \ \ \ \
( ( )\___ | '_ | '_| | '_ \/ _` | \ \ \ \
 \\/  ___)| |_)| | | | | || (_| |  ) ) ) )
  '  |____| .__|_| |_|_| |_\__, | / / / /
 =========|_|==============|___/=/_/_/_/
 :: Spring Boot ::                (v3.2.1)

2026-02-18T18:50:48.152+05:30  INFO 6760 --- [admin-service] [  restartedMain] com.rv.admin.AdminApplication            : Starting AdminApplication using Java 17.0.10 with PID 6760 (C:\Users\Rajat\Desktop\Retail Microservices\SwiftCart\admin-service\target\classes started by Rajat in C:\Users\Rajat\Desktop\Retail Microservices\SwiftCart\admin-service)
2026-02-18T18:50:48.153+05:30  INFO 6760 --- [admin-service] [  restartedMain] com.rv.admin.AdminApplication            : No active profile set, falling back to 1 default profile: "default"
2026-02-18T18:50:48.762+05:30  INFO 6760 --- [admin-service] [  restartedMain] .s.d.r.c.RepositoryConfigurationDelegate : Bootstrapping Spring Data JPA repositories in DEFAULT mode.
2026-02-18T18:50:48.806+05:30  INFO 6760 --- [admin-service] [  restartedMain] .s.d.r.c.RepositoryConfigurationDelegate : Finished Spring Data repository scanning in 42 ms. Found 4 JPA repository interfaces.
2026-02-18T18:50:48.985+05:30  INFO 6760 --- [admin-service] [  restartedMain] o.s.cloud.context.scope.GenericScope     : BeanFactory id=da755679-1d3d-356a-9f70-37c1cfaa84a0
2026-02-18T18:50:49.023+05:30  WARN 6760 --- [admin-service] [  restartedMain] trationDelegate$BeanPostProcessorChecker : Bean 'org.springframework.cloud.client.loadbalancer.LoadBalancerAutoConfiguration$LoadBalancerInterceptorConfig' of type [org.springframework.cloud.client.loadbalancer.LoadBalancerAutoConfiguration$LoadBalancerInterceptorConfig] is not eligible for getting processed by all BeanPostProcessors (for example: not eligible for auto-proxying). The currently created BeanPostProcessor [lbRestClientPostProcessor] is declared through a non-static factory method on that class; consider declaring it as static instead.
2026-02-18T18:50:49.026+05:30  WARN 6760 --- [admin-service] [  restartedMain] trationDelegate$BeanPostProcessorChecker : Bean 'org.springframework.cloud.loadbalancer.config.BlockingLoadBalancerClientAutoConfiguration' of type [org.springframework.cloud.loadbalancer.config.BlockingLoadBalancerClientAutoConfiguration] is not eligible for getting processed by all BeanPostProcessors (for example: not eligible for auto-proxying). Is this bean getting eagerly injected into a currently created BeanPostProcessor [lbRestClientPostProcessor]? Check the corresponding BeanPostProcessor declaration and its dependencies.
2026-02-18T18:50:49.028+05:30  WARN 6760 --- [admin-service] [  restartedMain] trationDelegate$BeanPostProcessorChecker : Bean 'org.springframework.cloud.loadbalancer.config.LoadBalancerAutoConfiguration' of type [org.springframework.cloud.loadbalancer.config.LoadBalancerAutoConfiguration] is not eligible for getting processed by all BeanPostProcessors (for example: not eligible for auto-proxying). Is this bean getting eagerly injected into a currently created BeanPostProcessor [lbRestClientPostProcessor]? Check the corresponding BeanPostProcessor declaration and its dependencies.
2026-02-18T18:50:49.031+05:30  WARN 6760 --- [admin-service] [  restartedMain] trationDelegate$BeanPostProcessorChecker : Bean 'org.springframework.cloud.commons.config.CommonsConfigAutoConfiguration' of type [org.springframework.cloud.commons.config.CommonsConfigAutoConfiguration] is not eligible for getting processed by all BeanPostProcessors (for example: not eligible for auto-proxying). Is this bean getting eagerly injected into a currently created BeanPostProcessor [lbRestClientPostProcessor]? Check the corresponding BeanPostProcessor declaration and its dependencies.
2026-02-18T18:50:49.032+05:30  WARN 6760 --- [admin-service] [  restartedMain] trationDelegate$BeanPostProcessorChecker : Bean 'org.springframework.cloud.client.loadbalancer.LoadBalancerDefaultMappingsProviderAutoConfiguration' of type [org.springframework.cloud.client.loadbalancer.LoadBalancerDefaultMappingsProviderAutoConfiguration] is not eligible for getting processed by all BeanPostProcessors (for example: not eligible for auto-proxying). Is this bean getting eagerly injected into a currently created BeanPostProcessor [lbRestClientPostProcessor]? Check the corresponding BeanPostProcessor declaration and its dependencies.
2026-02-18T18:50:49.033+05:30  WARN 6760 --- [admin-service] [  restartedMain] trationDelegate$BeanPostProcessorChecker : Bean 'loadBalancerClientsDefaultsMappingsProvider' of type [org.springframework.cloud.client.loadbalancer.LoadBalancerDefaultMappingsProviderAutoConfiguration$$Lambda$612/0x00000233c93ce9c8] is not eligible for getting processed by all BeanPostProcessors (for example: not eligible for auto-proxying). Is this bean getting eagerly injected into a currently created BeanPostProcessor [lbRestClientPostProcessor]? Check the corresponding BeanPostProcessor declaration and its dependencies.
2026-02-18T18:50:49.034+05:30  WARN 6760 --- [admin-service] [  restartedMain] trationDelegate$BeanPostProcessorChecker : Bean 'defaultsBindHandlerAdvisor' of type [org.springframework.cloud.commons.config.DefaultsBindHandlerAdvisor] is not eligible for getting processed by all BeanPostProcessors (for example: not eligible for auto-proxying). Is this bean getting eagerly injected into a currently created BeanPostProcessor [lbRestClientPostProcessor]? Check the corresponding BeanPostProcessor declaration and its dependencies.
2026-02-18T18:50:49.040+05:30  WARN 6760 --- [admin-service] [  restartedMain] trationDelegate$BeanPostProcessorChecker : Bean 'spring.cloud.loadbalancer-org.springframework.cloud.client.loadbalancer.LoadBalancerClientsProperties' of type [org.springframework.cloud.client.loadbalancer.LoadBalancerClientsProperties] is not eligible for getting processed by all BeanPostProcessors (for example: not eligible for auto-proxying). Is this bean getting eagerly injected into a currently created BeanPostProcessor [lbRestClientPostProcessor]? Check the corresponding BeanPostProcessor declaration and its dependencies.
2026-02-18T18:50:49.044+05:30  WARN 6760 --- [admin-service] [  restartedMain] trationDelegate$BeanPostProcessorChecker : Bean 'default.org.springframework.cloud.loadbalancer.config.LoadBalancerAutoConfiguration.LoadBalancerClientSpecification' of type [org.springframework.cloud.loadbalancer.annotation.LoadBalancerClientSpecification] is not eligible for getting processed by all BeanPostProcessors (for example: not eligible for auto-proxying). Is this bean getting eagerly injected into a currently created BeanPostProcessor [lbRestClientPostProcessor]? Check the corresponding BeanPostProcessor declaration and its dependencies.
2026-02-18T18:50:49.046+05:30  WARN 6760 --- [admin-service] [  restartedMain] trationDelegate$BeanPostProcessorChecker : Bean 'default.org.springframework.cloud.loadbalancer.config.BlockingLoadBalancerClientAutoConfiguration.LoadBalancerClientSpecification' of type [org.springframework.cloud.loadbalancer.annotation.LoadBalancerClientSpecification] is not eligible for getting processed by all BeanPostProcessors (for example: not eligible for auto-proxying). Is this bean getting eagerly injected into a currently created BeanPostProcessor [lbRestClientPostProcessor]? Check the corresponding BeanPostProcessor declaration and its dependencies.
2026-02-18T18:50:49.047+05:30  WARN 6760 --- [admin-service] [  restartedMain] trationDelegate$BeanPostProcessorChecker : Bean 'default.org.springframework.cloud.netflix.eureka.loadbalancer.LoadBalancerEurekaAutoConfiguration.LoadBalancerClientSpecification' of type [org.springframework.cloud.loadbalancer.annotation.LoadBalancerClientSpecification] is not eligible for getting processed by all BeanPostProcessors (for example: not eligible for auto-proxying). Is this bean getting eagerly injected into a currently created BeanPostProcessor [lbRestClientPostProcessor]? Check the corresponding BeanPostProcessor declaration and its dependencies.
2026-02-18T18:50:49.048+05:30  WARN 6760 --- [admin-service] [  restartedMain] trationDelegate$BeanPostProcessorChecker : Bean 'loadBalancerClientFactory' of type [org.springframework.cloud.loadbalancer.support.LoadBalancerClientFactory] is not eligible for getting processed by all BeanPostProcessors (for example: not eligible for auto-proxying). Is this bean getting eagerly injected into a currently created BeanPostProcessor [lbRestClientPostProcessor]? Check the corresponding BeanPostProcessor declaration and its dependencies.
2026-02-18T18:50:49.049+05:30  WARN 6760 --- [admin-service] [  restartedMain] trationDelegate$BeanPostProcessorChecker : Bean 'blockingLoadBalancerClient' of type [org.springframework.cloud.loadbalancer.blocking.client.BlockingLoadBalancerClient] is not eligible for getting processed by all BeanPostProcessors (for example: not eligible for auto-proxying). Is this bean getting eagerly injected into a currently created BeanPostProcessor [lbRestClientPostProcessor]? Check the corresponding BeanPostProcessor declaration and its dependencies.
2026-02-18T18:50:49.056+05:30  WARN 6760 --- [admin-service] [  restartedMain] trationDelegate$BeanPostProcessorChecker : Bean 'loadBalancerServiceInstanceCookieTransformer' of type [org.springframework.cloud.loadbalancer.core.LoadBalancerServiceInstanceCookieTransformer] is not eligible for getting processed by all BeanPostProcessors (for example: not eligible for auto-proxying). Is this bean getting eagerly injected into a currently created BeanPostProcessor [lbRestClientPostProcessor]? Check the corresponding BeanPostProcessor declaration and its dependencies.
2026-02-18T18:50:49.058+05:30  WARN 6760 --- [admin-service] [  restartedMain] trationDelegate$BeanPostProcessorChecker : Bean 'xForwarderHeadersTransformer' of type [org.springframework.cloud.loadbalancer.blocking.XForwardedHeadersTransformer] is not eligible for getting processed by all BeanPostProcessors (for example: not eligible for auto-proxying). Is this bean getting eagerly injected into a currently created BeanPostProcessor [lbRestClientPostProcessor]? Check the corresponding BeanPostProcessor declaration and its dependencies.
2026-02-18T18:50:49.059+05:30  WARN 6760 --- [admin-service] [  restartedMain] trationDelegate$BeanPostProcessorChecker : Bean 'org.springframework.cloud.client.loadbalancer.LoadBalancerAutoConfiguration' of type [org.springframework.cloud.client.loadbalancer.LoadBalancerAutoConfiguration] is not eligible for getting processed by all BeanPostProcessors (for example: not eligible for auto-proxying). Is this bean getting eagerly injected into a currently created BeanPostProcessor [lbRestClientPostProcessor]? Check the corresponding BeanPostProcessor declaration and its dependencies.
2026-02-18T18:50:49.061+05:30  WARN 6760 --- [admin-service] [  restartedMain] trationDelegate$BeanPostProcessorChecker : Bean 'loadBalancerRequestFactory' of type [org.springframework.cloud.client.loadbalancer.LoadBalancerRequestFactory] is not eligible for getting processed by all BeanPostProcessors (for example: not eligible for auto-proxying). Is this bean getting eagerly injected into a currently created BeanPostProcessor [lbRestClientPostProcessor]? Check the corresponding BeanPostProcessor declaration and its dependencies.
2026-02-18T18:50:49.062+05:30  WARN 6760 --- [admin-service] [  restartedMain] trationDelegate$BeanPostProcessorChecker : Bean 'loadBalancerInterceptor' of type [org.springframework.cloud.client.loadbalancer.LoadBalancerInterceptor] is not eligible for getting processed by all BeanPostProcessors (for example: not eligible for auto-proxying). Is this bean getting eagerly injected into a currently created BeanPostProcessor [lbRestClientPostProcessor]? Check the corresponding BeanPostProcessor declaration and its dependencies.
2026-02-18T18:50:49.182+05:30  INFO 6760 --- [admin-service] [  restartedMain] o.s.b.w.embedded.tomcat.TomcatWebServer  : Tomcat initialized with port 8022 (http)
2026-02-18T18:50:49.184+05:30  INFO 6760 --- [admin-service] [  restartedMain] o.apache.catalina.core.StandardService   : Starting service [Tomcat]
2026-02-18T18:50:49.185+05:30  INFO 6760 --- [admin-service] [  restartedMain] o.apache.catalina.core.StandardEngine    : Starting Servlet engine: [Apache Tomcat/10.1.17]
2026-02-18T18:50:49.339+05:30  INFO 6760 --- [admin-service] [  restartedMain] o.a.c.c.C.[Tomcat-4].[localhost].[/]     : Initializing Spring embedded WebApplicationContext
2026-02-18T18:50:49.343+05:30  INFO 6760 --- [admin-service] [  restartedMain] w.s.c.ServletWebServerApplicationContext : Root WebApplicationContext: initialization completed in 1183 ms
2026-02-18T18:50:49.460+05:30  INFO 6760 --- [admin-service] [  restartedMain] o.hibernate.jpa.internal.util.LogHelper  : HHH000204: Processing PersistenceUnitInfo [name: default]
2026-02-18T18:50:49.470+05:30  INFO 6760 --- [admin-service] [  restartedMain] o.h.c.internal.RegionFactoryInitiator    : HHH000026: Second-level cache disabled
2026-02-18T18:50:49.479+05:30  INFO 6760 --- [admin-service] [  restartedMain] o.s.o.j.p.SpringPersistenceUnitInfo      : No LoadTimeWeaver setup: ignoring JPA class transformer
2026-02-18T18:50:49.481+05:30  INFO 6760 --- [admin-service] [  restartedMain] com.zaxxer.hikari.HikariDataSource       : HikariPool-6 - Starting...
2026-02-18T18:50:49.527+05:30  INFO 6760 --- [admin-service] [  restartedMain] com.zaxxer.hikari.pool.HikariPool        : HikariPool-6 - Added connection com.mysql.cj.jdbc.ConnectionImpl@1e313730
2026-02-18T18:50:49.528+05:30  INFO 6760 --- [admin-service] [  restartedMain] com.zaxxer.hikari.HikariDataSource       : HikariPool-6 - Start completed.
2026-02-18T18:50:49.667+05:30  INFO 6760 --- [admin-service] [  restartedMain] o.h.e.t.j.p.i.JtaPlatformInitiator       : HHH000489: No JTA platform available (set 'hibernate.transaction.jta.platform' to enable JTA platform integration)
2026-02-18T18:50:50.030+05:30  INFO 6760 --- [admin-service] [  restartedMain] j.LocalContainerEntityManagerFactoryBean : Initialized JPA EntityManagerFactory for persistence unit 'default'
2026-02-18T18:50:50.054+05:30  WARN 6760 --- [admin-service] [  restartedMain] ConfigServletWebServerApplicationContext : Exception encountered during context initialization - cancelling refresh attempt: org.springframework.beans.factory.BeanCreationException: Error creating bean with name 'productCategoryRestController': Lookup method resolution failed
2026-02-18T18:50:50.054+05:30  INFO 6760 --- [admin-service] [  restartedMain] j.LocalContainerEntityManagerFactoryBean : Closing JPA EntityManagerFactory for persistence unit 'default'
2026-02-18T18:50:50.056+05:30  INFO 6760 --- [admin-service] [  restartedMain] com.zaxxer.hikari.HikariDataSource       : HikariPool-6 - Shutdown initiated...
2026-02-18T18:50:50.104+05:30  INFO 6760 --- [admin-service] [  restartedMain] com.zaxxer.hikari.HikariDataSource       : HikariPool-6 - Shutdown completed.
2026-02-18T18:50:50.104+05:30  INFO 6760 --- [admin-service] [  restartedMain] o.apache.catalina.core.StandardService   : Stopping service [Tomcat]
2026-02-18T18:50:50.122+05:30  INFO 6760 --- [admin-service] [  restartedMain] .s.b.a.l.ConditionEvaluationReportLogger : 

Error starting ApplicationContext. To display the condition evaluation report re-run your application with 'debug' enabled.
2026-02-18T18:50:50.130+05:30 ERROR 6760 --- [admin-service] [  restartedMain] o.s.boot.SpringApplication               : Application run failed

org.springframework.beans.factory.BeanCreationException: Error creating bean with name 'productCategoryRestController': Lookup method resolution failed
	at org.springframework.beans.factory.annotation.AutowiredAnnotationBeanPostProcessor.checkLookupMethods(AutowiredAnnotationBeanPostProcessor.java:497) ~[spring-beans-6.1.2.jar:6.1.2]
	at org.springframework.beans.factory.annotation.AutowiredAnnotationBeanPostProcessor.determineCandidateConstructors(AutowiredAnnotationBeanPostProcessor.java:367) ~[spring-beans-6.1.2.jar:6.1.2]
	at org.springframework.beans.factory.support.AbstractAutowireCapableBeanFactory.determineConstructorsFromBeanPostProcessors(AbstractAutowireCapableBeanFactory.java:1293) ~[spring-beans-6.1.2.jar:6.1.2]
	at org.springframework.beans.factory.support.AbstractAutowireCapableBeanFactory.createBeanInstance(AbstractAutowireCapableBeanFactory.java:1188) ~[spring-beans-6.1.2.jar:6.1.2]
	at org.springframework.beans.factory.support.AbstractAutowireCapableBeanFactory.doCreateBean(AbstractAutowireCapableBeanFactory.java:561) ~[spring-beans-6.1.2.jar:6.1.2]
	at org.springframework.beans.factory.support.AbstractAutowireCapableBeanFactory.createBean(AbstractAutowireCapableBeanFactory.java:521) ~[spring-beans-6.1.2.jar:6.1.2]
	at org.springframework.beans.factory.support.AbstractBeanFactory.lambda$doGetBean$0(AbstractBeanFactory.java:325) ~[spring-beans-6.1.2.jar:6.1.2]
	at org.springframework.beans.factory.support.DefaultSingletonBeanRegistry.getSingleton(DefaultSingletonBeanRegistry.java:234) ~[spring-beans-6.1.2.jar:6.1.2]
	at org.springframework.beans.factory.support.AbstractBeanFactory.doGetBean(AbstractBeanFactory.java:323) ~[spring-beans-6.1.2.jar:6.1.2]
	at org.springframework.beans.factory.support.AbstractBeanFactory.getBean(AbstractBeanFactory.java:199) ~[spring-beans-6.1.2.jar:6.1.2]
	at org.springframework.beans.factory.support.DefaultListableBeanFactory.preInstantiateSingletons(DefaultListableBeanFactory.java:975) ~[spring-beans-6.1.2.jar:6.1.2]
	at org.springframework.context.support.AbstractApplicationContext.finishBeanFactoryInitialization(AbstractApplicationContext.java:960) ~[spring-context-6.1.2.jar:6.1.2]
	at org.springframework.context.support.AbstractApplicationContext.refresh(AbstractApplicationContext.java:625) ~[spring-context-6.1.2.jar:6.1.2]
	at org.springframework.boot.web.servlet.context.ServletWebServerApplicationContext.refresh(ServletWebServerApplicationContext.java:146) ~[spring-boot-3.2.1.jar:3.2.1]
	at org.springframework.boot.SpringApplication.refresh(SpringApplication.java:762) ~[spring-boot-3.2.1.jar:3.2.1]
	at org.springframework.boot.SpringApplication.refreshContext(SpringApplication.java:464) ~[spring-boot-3.2.1.jar:3.2.1]
	at org.springframework.boot.SpringApplication.run(SpringApplication.java:334) ~[spring-boot-3.2.1.jar:3.2.1]
	at org.springframework.boot.SpringApplication.run(SpringApplication.java:1358) ~[spring-boot-3.2.1.jar:3.2.1]
	at org.springframework.boot.SpringApplication.run(SpringApplication.java:1347) ~[spring-boot-3.2.1.jar:3.2.1]
	at com.rv.admin.AdminApplication.main(AdminApplication.java:14) ~[classes/:na]
	at java.base/jdk.internal.reflect.NativeMethodAccessorImpl.invoke0(Native Method) ~[na:na]
	at java.base/jdk.internal.reflect.NativeMethodAccessorImpl.invoke(NativeMethodAccessorImpl.java:77) ~[na:na]
	at java.base/jdk.internal.reflect.DelegatingMethodAccessorImpl.invoke(DelegatingMethodAccessorImpl.java:43) ~[na:na]
	at java.base/java.lang.reflect.Method.invoke(Method.java:568) ~[na:na]
	at org.springframework.boot.devtools.restart.RestartLauncher.run(RestartLauncher.java:50) ~[spring-boot-devtools-3.2.1.jar:3.2.1]
Caused by: java.lang.IllegalStateException: Failed to introspect Class [com.rv.admin.controller.ProductCategoryRestController] from ClassLoader [org.springframework.boot.devtools.restart.classloader.RestartClassLoader@4bd526f9]
	at org.springframework.util.ReflectionUtils.getDeclaredMethods(ReflectionUtils.java:483) ~[spring-core-6.1.2.jar:6.1.2]
	at org.springframework.util.ReflectionUtils.doWithLocalMethods(ReflectionUtils.java:320) ~[spring-core-6.1.2.jar:6.1.2]
	at org.springframework.beans.factory.annotation.AutowiredAnnotationBeanPostProcessor.checkLookupMethods(AutowiredAnnotationBeanPostProcessor.java:475) ~[spring-beans-6.1.2.jar:6.1.2]
	... 24 common frames omitted
Caused by: java.lang.NoClassDefFoundError: ProductCategoryDto
	at java.base/java.lang.Class.getDeclaredMethods0(Native Method) ~[na:na]
	at java.base/java.lang.Class.privateGetDeclaredMethods(Class.java:3402) ~[na:na]
	at java.base/java.lang.Class.getDeclaredMethods(Class.java:2504) ~[na:na]
	at org.springframework.util.ReflectionUtils.getDeclaredMethods(ReflectionUtils.java:465) ~[spring-core-6.1.2.jar:6.1.2]
	... 26 common frames omitted
Caused by: java.lang.ClassNotFoundException: ProductCategoryDto
	at java.base/jdk.internal.loader.BuiltinClassLoader.loadClass(BuiltinClassLoader.java:641) ~[na:na]
	at java.base/jdk.internal.loader.ClassLoaders$AppClassLoader.loadClass(ClassLoaders.java:188) ~[na:na]
	at java.base/java.lang.ClassLoader.loadClass(ClassLoader.java:520) ~[na:na]
	at java.base/java.lang.Class.forName0(Native Method) ~[na:na]
	at java.base/java.lang.Class.forName(Class.java:467) ~[na:na]
	at org.springframework.boot.devtools.restart.classloader.RestartClassLoader.loadClass(RestartClassLoader.java:121) ~[spring-boot-devtools-3.2.1.jar:3.2.1]
	at java.base/java.lang.ClassLoader.loadClass(ClassLoader.java:520) ~[na:na]
	... 30 common frames omitted


  .   ____          _            __ _ _
 /\\ / ___'_ __ _ _(_)_ __  __ _ \ \ \ \
( ( )\___ | '_ | '_| | '_ \/ _` | \ \ \ \
 \\/  ___)| |_)| | | | | || (_| |  ) ) ) )
  '  |____| .__|_| |_|_| |_\__, | / / / /
 =========|_|==============|___/=/_/_/_/
 :: Spring Boot ::                (v3.2.1)

2026-02-18T18:51:09.065+05:30  INFO 6760 --- [admin-service] [  restartedMain] com.rv.admin.AdminApplication            : Starting AdminApplication using Java 17.0.10 with PID 6760 (C:\Users\Rajat\Desktop\Retail Microservices\SwiftCart\admin-service\target\classes started by Rajat in C:\Users\Rajat\Desktop\Retail Microservices\SwiftCart\admin-service)
2026-02-18T18:51:09.065+05:30  INFO 6760 --- [admin-service] [  restartedMain] com.rv.admin.AdminApplication            : No active profile set, falling back to 1 default profile: "default"
2026-02-18T18:51:09.649+05:30  INFO 6760 --- [admin-service] [  restartedMain] .s.d.r.c.RepositoryConfigurationDelegate : Bootstrapping Spring Data JPA repositories in DEFAULT mode.
2026-02-18T18:51:10.581+05:30  INFO 6760 --- [admin-service] [  restartedMain] .s.d.r.c.RepositoryConfigurationDelegate : Finished Spring Data repository scanning in 920 ms. Found 4 JPA repository interfaces.
2026-02-18T18:51:10.762+05:30  INFO 6760 --- [admin-service] [  restartedMain] o.s.cloud.context.scope.GenericScope     : BeanFactory id=da755679-1d3d-356a-9f70-37c1cfaa84a0
2026-02-18T18:51:10.805+05:30  WARN 6760 --- [admin-service] [  restartedMain] trationDelegate$BeanPostProcessorChecker : Bean 'org.springframework.cloud.client.loadbalancer.LoadBalancerAutoConfiguration$LoadBalancerInterceptorConfig' of type [org.springframework.cloud.client.loadbalancer.LoadBalancerAutoConfiguration$LoadBalancerInterceptorConfig] is not eligible for getting processed by all BeanPostProcessors (for example: not eligible for auto-proxying). The currently created BeanPostProcessor [lbRestClientPostProcessor] is declared through a non-static factory method on that class; consider declaring it as static instead.
2026-02-18T18:51:10.805+05:30  WARN 6760 --- [admin-service] [  restartedMain] trationDelegate$BeanPostProcessorChecker : Bean 'org.springframework.cloud.loadbalancer.config.BlockingLoadBalancerClientAutoConfiguration' of type [org.springframework.cloud.loadbalancer.config.BlockingLoadBalancerClientAutoConfiguration] is not eligible for getting processed by all BeanPostProcessors (for example: not eligible for auto-proxying). Is this bean getting eagerly injected into a currently created BeanPostProcessor [lbRestClientPostProcessor]? Check the corresponding BeanPostProcessor declaration and its dependencies.
2026-02-18T18:51:10.805+05:30  WARN 6760 --- [admin-service] [  restartedMain] trationDelegate$BeanPostProcessorChecker : Bean 'org.springframework.cloud.loadbalancer.config.LoadBalancerAutoConfiguration' of type [org.springframework.cloud.loadbalancer.config.LoadBalancerAutoConfiguration] is not eligible for getting processed by all BeanPostProcessors (for example: not eligible for auto-proxying). Is this bean getting eagerly injected into a currently created BeanPostProcessor [lbRestClientPostProcessor]? Check the corresponding BeanPostProcessor declaration and its dependencies.
2026-02-18T18:51:10.805+05:30  WARN 6760 --- [admin-service] [  restartedMain] trationDelegate$BeanPostProcessorChecker : Bean 'org.springframework.cloud.commons.config.CommonsConfigAutoConfiguration' of type [org.springframework.cloud.commons.config.CommonsConfigAutoConfiguration] is not eligible for getting processed by all BeanPostProcessors (for example: not eligible for auto-proxying). Is this bean getting eagerly injected into a currently created BeanPostProcessor [lbRestClientPostProcessor]? Check the corresponding BeanPostProcessor declaration and its dependencies.
2026-02-18T18:51:10.805+05:30  WARN 6760 --- [admin-service] [  restartedMain] trationDelegate$BeanPostProcessorChecker : Bean 'org.springframework.cloud.client.loadbalancer.LoadBalancerDefaultMappingsProviderAutoConfiguration' of type [org.springframework.cloud.client.loadbalancer.LoadBalancerDefaultMappingsProviderAutoConfiguration] is not eligible for getting processed by all BeanPostProcessors (for example: not eligible for auto-proxying). Is this bean getting eagerly injected into a currently created BeanPostProcessor [lbRestClientPostProcessor]? Check the corresponding BeanPostProcessor declaration and its dependencies.
2026-02-18T18:51:10.805+05:30  WARN 6760 --- [admin-service] [  restartedMain] trationDelegate$BeanPostProcessorChecker : Bean 'loadBalancerClientsDefaultsMappingsProvider' of type [org.springframework.cloud.client.loadbalancer.LoadBalancerDefaultMappingsProviderAutoConfiguration$$Lambda$612/0x00000233c93ce9c8] is not eligible for getting processed by all BeanPostProcessors (for example: not eligible for auto-proxying). Is this bean getting eagerly injected into a currently created BeanPostProcessor [lbRestClientPostProcessor]? Check the corresponding BeanPostProcessor declaration and its dependencies.
2026-02-18T18:51:10.805+05:30  WARN 6760 --- [admin-service] [  restartedMain] trationDelegate$BeanPostProcessorChecker : Bean 'defaultsBindHandlerAdvisor' of type [org.springframework.cloud.commons.config.DefaultsBindHandlerAdvisor] is not eligible for getting processed by all BeanPostProcessors (for example: not eligible for auto-proxying). Is this bean getting eagerly injected into a currently created BeanPostProcessor [lbRestClientPostProcessor]? Check the corresponding BeanPostProcessor declaration and its dependencies.
2026-02-18T18:51:10.821+05:30  WARN 6760 --- [admin-service] [  restartedMain] trationDelegate$BeanPostProcessorChecker : Bean 'spring.cloud.loadbalancer-org.springframework.cloud.client.loadbalancer.LoadBalancerClientsProperties' of type [org.springframework.cloud.client.loadbalancer.LoadBalancerClientsProperties] is not eligible for getting processed by all BeanPostProcessors (for example: not eligible for auto-proxying). Is this bean getting eagerly injected into a currently created BeanPostProcessor [lbRestClientPostProcessor]? Check the corresponding BeanPostProcessor declaration and its dependencies.
2026-02-18T18:51:10.821+05:30  WARN 6760 --- [admin-service] [  restartedMain] trationDelegate$BeanPostProcessorChecker : Bean 'default.org.springframework.cloud.loadbalancer.config.LoadBalancerAutoConfiguration.LoadBalancerClientSpecification' of type [org.springframework.cloud.loadbalancer.annotation.LoadBalancerClientSpecification] is not eligible for getting processed by all BeanPostProcessors (for example: not eligible for auto-proxying). Is this bean getting eagerly injected into a currently created BeanPostProcessor [lbRestClientPostProcessor]? Check the corresponding BeanPostProcessor declaration and its dependencies.
2026-02-18T18:51:10.821+05:30  WARN 6760 --- [admin-service] [  restartedMain] trationDelegate$BeanPostProcessorChecker : Bean 'default.org.springframework.cloud.loadbalancer.config.BlockingLoadBalancerClientAutoConfiguration.LoadBalancerClientSpecification' of type [org.springframework.cloud.loadbalancer.annotation.LoadBalancerClientSpecification] is not eligible for getting processed by all BeanPostProcessors (for example: not eligible for auto-proxying). Is this bean getting eagerly injected into a currently created BeanPostProcessor [lbRestClientPostProcessor]? Check the corresponding BeanPostProcessor declaration and its dependencies.
2026-02-18T18:51:10.821+05:30  WARN 6760 --- [admin-service] [  restartedMain] trationDelegate$BeanPostProcessorChecker : Bean 'default.org.springframework.cloud.netflix.eureka.loadbalancer.LoadBalancerEurekaAutoConfiguration.LoadBalancerClientSpecification' of type [org.springframework.cloud.loadbalancer.annotation.LoadBalancerClientSpecification] is not eligible for getting processed by all BeanPostProcessors (for example: not eligible for auto-proxying). Is this bean getting eagerly injected into a currently created BeanPostProcessor [lbRestClientPostProcessor]? Check the corresponding BeanPostProcessor declaration and its dependencies.
2026-02-18T18:51:10.821+05:30  WARN 6760 --- [admin-service] [  restartedMain] trationDelegate$BeanPostProcessorChecker : Bean 'loadBalancerClientFactory' of type [org.springframework.cloud.loadbalancer.support.LoadBalancerClientFactory] is not eligible for getting processed by all BeanPostProcessors (for example: not eligible for auto-proxying). Is this bean getting eagerly injected into a currently created BeanPostProcessor [lbRestClientPostProcessor]? Check the corresponding BeanPostProcessor declaration and its dependencies.
2026-02-18T18:51:10.821+05:30  WARN 6760 --- [admin-service] [  restartedMain] trationDelegate$BeanPostProcessorChecker : Bean 'blockingLoadBalancerClient' of type [org.springframework.cloud.loadbalancer.blocking.client.BlockingLoadBalancerClient] is not eligible for getting processed by all BeanPostProcessors (for example: not eligible for auto-proxying). Is this bean getting eagerly injected into a currently created BeanPostProcessor [lbRestClientPostProcessor]? Check the corresponding BeanPostProcessor declaration and its dependencies.
2026-02-18T18:51:10.846+05:30  WARN 6760 --- [admin-service] [  restartedMain] trationDelegate$BeanPostProcessorChecker : Bean 'loadBalancerServiceInstanceCookieTransformer' of type [org.springframework.cloud.loadbalancer.core.LoadBalancerServiceInstanceCookieTransformer] is not eligible for getting processed by all BeanPostProcessors (for example: not eligible for auto-proxying). Is this bean getting eagerly injected into a currently created BeanPostProcessor [lbRestClientPostProcessor]? Check the corresponding BeanPostProcessor declaration and its dependencies.
2026-02-18T18:51:10.849+05:30  WARN 6760 --- [admin-service] [  restartedMain] trationDelegate$BeanPostProcessorChecker : Bean 'xForwarderHeadersTransformer' of type [org.springframework.cloud.loadbalancer.blocking.XForwardedHeadersTransformer] is not eligible for getting processed by all BeanPostProcessors (for example: not eligible for auto-proxying). Is this bean getting eagerly injected into a currently created BeanPostProcessor [lbRestClientPostProcessor]? Check the corresponding BeanPostProcessor declaration and its dependencies.
2026-02-18T18:51:10.852+05:30  WARN 6760 --- [admin-service] [  restartedMain] trationDelegate$BeanPostProcessorChecker : Bean 'org.springframework.cloud.client.loadbalancer.LoadBalancerAutoConfiguration' of type [org.springframework.cloud.client.loadbalancer.LoadBalancerAutoConfiguration] is not eligible for getting processed by all BeanPostProcessors (for example: not eligible for auto-proxying). Is this bean getting eagerly injected into a currently created BeanPostProcessor [lbRestClientPostProcessor]? Check the corresponding BeanPostProcessor declaration and its dependencies.
2026-02-18T18:51:10.855+05:30  WARN 6760 --- [admin-service] [  restartedMain] trationDelegate$BeanPostProcessorChecker : Bean 'loadBalancerRequestFactory' of type [org.springframework.cloud.client.loadbalancer.LoadBalancerRequestFactory] is not eligible for getting processed by all BeanPostProcessors (for example: not eligible for auto-proxying). Is this bean getting eagerly injected into a currently created BeanPostProcessor [lbRestClientPostProcessor]? Check the corresponding BeanPostProcessor declaration and its dependencies.
2026-02-18T18:51:10.855+05:30  WARN 6760 --- [admin-service] [  restartedMain] trationDelegate$BeanPostProcessorChecker : Bean 'loadBalancerInterceptor' of type [org.springframework.cloud.client.loadbalancer.LoadBalancerInterceptor] is not eligible for getting processed by all BeanPostProcessors (for example: not eligible for auto-proxying). Is this bean getting eagerly injected into a currently created BeanPostProcessor [lbRestClientPostProcessor]? Check the corresponding BeanPostProcessor declaration and its dependencies.
2026-02-18T18:51:11.125+05:30  INFO 6760 --- [admin-service] [  restartedMain] o.s.b.w.embedded.tomcat.TomcatWebServer  : Tomcat initialized with port 8022 (http)
2026-02-18T18:51:11.136+05:30  INFO 6760 --- [admin-service] [  restartedMain] o.apache.catalina.core.StandardService   : Starting service [Tomcat]
2026-02-18T18:51:11.136+05:30  INFO 6760 --- [admin-service] [  restartedMain] o.apache.catalina.core.StandardEngine    : Starting Servlet engine: [Apache Tomcat/10.1.17]
2026-02-18T18:51:11.227+05:30  INFO 6760 --- [admin-service] [  restartedMain] o.a.c.c.C.[Tomcat-5].[localhost].[/]     : Initializing Spring embedded WebApplicationContext
2026-02-18T18:51:11.228+05:30  INFO 6760 --- [admin-service] [  restartedMain] w.s.c.ServletWebServerApplicationContext : Root WebApplicationContext: initialization completed in 2159 ms
2026-02-18T18:51:11.316+05:30  INFO 6760 --- [admin-service] [  restartedMain] o.hibernate.jpa.internal.util.LogHelper  : HHH000204: Processing PersistenceUnitInfo [name: default]
2026-02-18T18:51:11.323+05:30  INFO 6760 --- [admin-service] [  restartedMain] o.h.c.internal.RegionFactoryInitiator    : HHH000026: Second-level cache disabled
2026-02-18T18:51:11.330+05:30  INFO 6760 --- [admin-service] [  restartedMain] o.s.o.j.p.SpringPersistenceUnitInfo      : No LoadTimeWeaver setup: ignoring JPA class transformer
2026-02-18T18:51:11.332+05:30  INFO 6760 --- [admin-service] [  restartedMain] com.zaxxer.hikari.HikariDataSource       : HikariPool-7 - Starting...
2026-02-18T18:51:12.408+05:30  INFO 6760 --- [admin-service] [  restartedMain] com.zaxxer.hikari.pool.HikariPool        : HikariPool-7 - Added connection com.mysql.cj.jdbc.ConnectionImpl@3dacb78c
2026-02-18T18:51:12.420+05:30  INFO 6760 --- [admin-service] [  restartedMain] com.zaxxer.hikari.HikariDataSource       : HikariPool-7 - Start completed.
2026-02-18T18:51:12.664+05:30  INFO 6760 --- [admin-service] [  restartedMain] o.h.e.t.j.p.i.JtaPlatformInitiator       : HHH000489: No JTA platform available (set 'hibernate.transaction.jta.platform' to enable JTA platform integration)
2026-02-18T18:51:18.845+05:30  INFO 6760 --- [admin-service] [  restartedMain] j.LocalContainerEntityManagerFactoryBean : Initialized JPA EntityManagerFactory for persistence unit 'default'
2026-02-18T18:51:18.872+05:30  WARN 6760 --- [admin-service] [  restartedMain] ConfigServletWebServerApplicationContext : Exception encountered during context initialization - cancelling refresh attempt: org.springframework.beans.factory.BeanCreationException: Error creating bean with name 'productCategoryRestController': Lookup method resolution failed
2026-02-18T18:51:18.873+05:30  INFO 6760 --- [admin-service] [  restartedMain] j.LocalContainerEntityManagerFactoryBean : Closing JPA EntityManagerFactory for persistence unit 'default'
2026-02-18T18:51:18.875+05:30  INFO 6760 --- [admin-service] [  restartedMain] com.zaxxer.hikari.HikariDataSource       : HikariPool-7 - Shutdown initiated...
2026-02-18T18:51:18.896+05:30  INFO 6760 --- [admin-service] [  restartedMain] com.zaxxer.hikari.HikariDataSource       : HikariPool-7 - Shutdown completed.
2026-02-18T18:51:18.899+05:30  INFO 6760 --- [admin-service] [  restartedMain] o.apache.catalina.core.StandardService   : Stopping service [Tomcat]
2026-02-18T18:51:18.933+05:30  INFO 6760 --- [admin-service] [  restartedMain] .s.b.a.l.ConditionEvaluationReportLogger : 

Error starting ApplicationContext. To display the condition evaluation report re-run your application with 'debug' enabled.
2026-02-18T18:51:18.951+05:30 ERROR 6760 --- [admin-service] [  restartedMain] o.s.boot.SpringApplication               : Application run failed

org.springframework.beans.factory.BeanCreationException: Error creating bean with name 'productCategoryRestController': Lookup method resolution failed
	at org.springframework.beans.factory.annotation.AutowiredAnnotationBeanPostProcessor.checkLookupMethods(AutowiredAnnotationBeanPostProcessor.java:497) ~[spring-beans-6.1.2.jar:6.1.2]
	at org.springframework.beans.factory.annotation.AutowiredAnnotationBeanPostProcessor.determineCandidateConstructors(AutowiredAnnotationBeanPostProcessor.java:367) ~[spring-beans-6.1.2.jar:6.1.2]
	at org.springframework.beans.factory.support.AbstractAutowireCapableBeanFactory.determineConstructorsFromBeanPostProcessors(AbstractAutowireCapableBeanFactory.java:1293) ~[spring-beans-6.1.2.jar:6.1.2]
	at org.springframework.beans.factory.support.AbstractAutowireCapableBeanFactory.createBeanInstance(AbstractAutowireCapableBeanFactory.java:1188) ~[spring-beans-6.1.2.jar:6.1.2]
	at org.springframework.beans.factory.support.AbstractAutowireCapableBeanFactory.doCreateBean(AbstractAutowireCapableBeanFactory.java:561) ~[spring-beans-6.1.2.jar:6.1.2]
	at org.springframework.beans.factory.support.AbstractAutowireCapableBeanFactory.createBean(AbstractAutowireCapableBeanFactory.java:521) ~[spring-beans-6.1.2.jar:6.1.2]
	at org.springframework.beans.factory.support.AbstractBeanFactory.lambda$doGetBean$0(AbstractBeanFactory.java:325) ~[spring-beans-6.1.2.jar:6.1.2]
	at org.springframework.beans.factory.support.DefaultSingletonBeanRegistry.getSingleton(DefaultSingletonBeanRegistry.java:234) ~[spring-beans-6.1.2.jar:6.1.2]
	at org.springframework.beans.factory.support.AbstractBeanFactory.doGetBean(AbstractBeanFactory.java:323) ~[spring-beans-6.1.2.jar:6.1.2]
	at org.springframework.beans.factory.support.AbstractBeanFactory.getBean(AbstractBeanFactory.java:199) ~[spring-beans-6.1.2.jar:6.1.2]
	at org.springframework.beans.factory.support.DefaultListableBeanFactory.preInstantiateSingletons(DefaultListableBeanFactory.java:975) ~[spring-beans-6.1.2.jar:6.1.2]
	at org.springframework.context.support.AbstractApplicationContext.finishBeanFactoryInitialization(AbstractApplicationContext.java:960) ~[spring-context-6.1.2.jar:6.1.2]
	at org.springframework.context.support.AbstractApplicationContext.refresh(AbstractApplicationContext.java:625) ~[spring-context-6.1.2.jar:6.1.2]
	at org.springframework.boot.web.servlet.context.ServletWebServerApplicationContext.refresh(ServletWebServerApplicationContext.java:146) ~[spring-boot-3.2.1.jar:3.2.1]
	at org.springframework.boot.SpringApplication.refresh(SpringApplication.java:762) ~[spring-boot-3.2.1.jar:3.2.1]
	at org.springframework.boot.SpringApplication.refreshContext(SpringApplication.java:464) ~[spring-boot-3.2.1.jar:3.2.1]
	at org.springframework.boot.SpringApplication.run(SpringApplication.java:334) ~[spring-boot-3.2.1.jar:3.2.1]
	at org.springframework.boot.SpringApplication.run(SpringApplication.java:1358) ~[spring-boot-3.2.1.jar:3.2.1]
	at org.springframework.boot.SpringApplication.run(SpringApplication.java:1347) ~[spring-boot-3.2.1.jar:3.2.1]
	at com.rv.admin.AdminApplication.main(AdminApplication.java:14) ~[classes/:na]
	at java.base/jdk.internal.reflect.NativeMethodAccessorImpl.invoke0(Native Method) ~[na:na]
	at java.base/jdk.internal.reflect.NativeMethodAccessorImpl.invoke(NativeMethodAccessorImpl.java:77) ~[na:na]
	at java.base/jdk.internal.reflect.DelegatingMethodAccessorImpl.invoke(DelegatingMethodAccessorImpl.java:43) ~[na:na]
	at java.base/java.lang.reflect.Method.invoke(Method.java:568) ~[na:na]
	at org.springframework.boot.devtools.restart.RestartLauncher.run(RestartLauncher.java:50) ~[spring-boot-devtools-3.2.1.jar:3.2.1]
Caused by: java.lang.IllegalStateException: Failed to introspect Class [com.rv.admin.controller.ProductCategoryRestController] from ClassLoader [org.springframework.boot.devtools.restart.classloader.RestartClassLoader@42edbf32]
	at org.springframework.util.ReflectionUtils.getDeclaredMethods(ReflectionUtils.java:483) ~[spring-core-6.1.2.jar:6.1.2]
	at org.springframework.util.ReflectionUtils.doWithLocalMethods(ReflectionUtils.java:320) ~[spring-core-6.1.2.jar:6.1.2]
	at org.springframework.beans.factory.annotation.AutowiredAnnotationBeanPostProcessor.checkLookupMethods(AutowiredAnnotationBeanPostProcessor.java:475) ~[spring-beans-6.1.2.jar:6.1.2]
	... 24 common frames omitted
Caused by: java.lang.NoClassDefFoundError: ProductCategoryDto
	at java.base/java.lang.Class.getDeclaredMethods0(Native Method) ~[na:na]
	at java.base/java.lang.Class.privateGetDeclaredMethods(Class.java:3402) ~[na:na]
	at java.base/java.lang.Class.getDeclaredMethods(Class.java:2504) ~[na:na]
	at org.springframework.util.ReflectionUtils.getDeclaredMethods(ReflectionUtils.java:465) ~[spring-core-6.1.2.jar:6.1.2]
	... 26 common frames omitted
Caused by: java.lang.ClassNotFoundException: ProductCategoryDto
	at java.base/jdk.internal.loader.BuiltinClassLoader.loadClass(BuiltinClassLoader.java:641) ~[na:na]
	at java.base/jdk.internal.loader.ClassLoaders$AppClassLoader.loadClass(ClassLoaders.java:188) ~[na:na]
	at java.base/java.lang.ClassLoader.loadClass(ClassLoader.java:520) ~[na:na]
	at java.base/java.lang.Class.forName0(Native Method) ~[na:na]
	at java.base/java.lang.Class.forName(Class.java:467) ~[na:na]
	at org.springframework.boot.devtools.restart.classloader.RestartClassLoader.loadClass(RestartClassLoader.java:121) ~[spring-boot-devtools-3.2.1.jar:3.2.1]
	at java.base/java.lang.ClassLoader.loadClass(ClassLoader.java:520) ~[na:na]
	... 30 common frames omitted


  .   ____          _            __ _ _
 /\\ / ___'_ __ _ _(_)_ __  __ _ \ \ \ \
( ( )\___ | '_ | '_| | '_ \/ _` | \ \ \ \
 \\/  ___)| |_)| | | | | || (_| |  ) ) ) )
  '  |____| .__|_| |_|_| |_\__, | / / / /
 =========|_|==============|___/=/_/_/_/
 :: Spring Boot ::                (v3.2.1)

2026-02-18T18:51:29.286+05:30  INFO 6760 --- [admin-service] [  restartedMain] com.rv.admin.AdminApplication            : Starting AdminApplication using Java 17.0.10 with PID 6760 (C:\Users\Rajat\Desktop\Retail Microservices\SwiftCart\admin-service\target\classes started by Rajat in C:\Users\Rajat\Desktop\Retail Microservices\SwiftCart\admin-service)
2026-02-18T18:51:29.287+05:30  INFO 6760 --- [admin-service] [  restartedMain] com.rv.admin.AdminApplication            : No active profile set, falling back to 1 default profile: "default"
2026-02-18T18:51:29.811+05:30  INFO 6760 --- [admin-service] [  restartedMain] .s.d.r.c.RepositoryConfigurationDelegate : Bootstrapping Spring Data JPA repositories in DEFAULT mode.
2026-02-18T18:51:29.907+05:30  INFO 6760 --- [admin-service] [  restartedMain] .s.d.r.c.RepositoryConfigurationDelegate : Finished Spring Data repository scanning in 82 ms. Found 4 JPA repository interfaces.
2026-02-18T18:51:30.138+05:30  INFO 6760 --- [admin-service] [  restartedMain] o.s.cloud.context.scope.GenericScope     : BeanFactory id=da755679-1d3d-356a-9f70-37c1cfaa84a0
2026-02-18T18:51:30.177+05:30  WARN 6760 --- [admin-service] [  restartedMain] trationDelegate$BeanPostProcessorChecker : Bean 'org.springframework.cloud.client.loadbalancer.LoadBalancerAutoConfiguration$LoadBalancerInterceptorConfig' of type [org.springframework.cloud.client.loadbalancer.LoadBalancerAutoConfiguration$LoadBalancerInterceptorConfig] is not eligible for getting processed by all BeanPostProcessors (for example: not eligible for auto-proxying). The currently created BeanPostProcessor [lbRestClientPostProcessor] is declared through a non-static factory method on that class; consider declaring it as static instead.
2026-02-18T18:51:30.179+05:30  WARN 6760 --- [admin-service] [  restartedMain] trationDelegate$BeanPostProcessorChecker : Bean 'org.springframework.cloud.loadbalancer.config.BlockingLoadBalancerClientAutoConfiguration' of type [org.springframework.cloud.loadbalancer.config.BlockingLoadBalancerClientAutoConfiguration] is not eligible for getting processed by all BeanPostProcessors (for example: not eligible for auto-proxying). Is this bean getting eagerly injected into a currently created BeanPostProcessor [lbRestClientPostProcessor]? Check the corresponding BeanPostProcessor declaration and its dependencies.
2026-02-18T18:51:30.182+05:30  WARN 6760 --- [admin-service] [  restartedMain] trationDelegate$BeanPostProcessorChecker : Bean 'org.springframework.cloud.loadbalancer.config.LoadBalancerAutoConfiguration' of type [org.springframework.cloud.loadbalancer.config.LoadBalancerAutoConfiguration] is not eligible for getting processed by all BeanPostProcessors (for example: not eligible for auto-proxying). Is this bean getting eagerly injected into a currently created BeanPostProcessor [lbRestClientPostProcessor]? Check the corresponding BeanPostProcessor declaration and its dependencies.
2026-02-18T18:51:30.186+05:30  WARN 6760 --- [admin-service] [  restartedMain] trationDelegate$BeanPostProcessorChecker : Bean 'org.springframework.cloud.commons.config.CommonsConfigAutoConfiguration' of type [org.springframework.cloud.commons.config.CommonsConfigAutoConfiguration] is not eligible for getting processed by all BeanPostProcessors (for example: not eligible for auto-proxying). Is this bean getting eagerly injected into a currently created BeanPostProcessor [lbRestClientPostProcessor]? Check the corresponding BeanPostProcessor declaration and its dependencies.
2026-02-18T18:51:30.186+05:30  WARN 6760 --- [admin-service] [  restartedMain] trationDelegate$BeanPostProcessorChecker : Bean 'org.springframework.cloud.client.loadbalancer.LoadBalancerDefaultMappingsProviderAutoConfiguration' of type [org.springframework.cloud.client.loadbalancer.LoadBalancerDefaultMappingsProviderAutoConfiguration] is not eligible for getting processed by all BeanPostProcessors (for example: not eligible for auto-proxying). Is this bean getting eagerly injected into a currently created BeanPostProcessor [lbRestClientPostProcessor]? Check the corresponding BeanPostProcessor declaration and its dependencies.
2026-02-18T18:51:30.186+05:30  WARN 6760 --- [admin-service] [  restartedMain] trationDelegate$BeanPostProcessorChecker : Bean 'loadBalancerClientsDefaultsMappingsProvider' of type [org.springframework.cloud.client.loadbalancer.LoadBalancerDefaultMappingsProviderAutoConfiguration$$Lambda$612/0x00000233c93ce9c8] is not eligible for getting processed by all BeanPostProcessors (for example: not eligible for auto-proxying). Is this bean getting eagerly injected into a currently created BeanPostProcessor [lbRestClientPostProcessor]? Check the corresponding BeanPostProcessor declaration and its dependencies.
2026-02-18T18:51:30.188+05:30  WARN 6760 --- [admin-service] [  restartedMain] trationDelegate$BeanPostProcessorChecker : Bean 'defaultsBindHandlerAdvisor' of type [org.springframework.cloud.commons.config.DefaultsBindHandlerAdvisor] is not eligible for getting processed by all BeanPostProcessors (for example: not eligible for auto-proxying). Is this bean getting eagerly injected into a currently created BeanPostProcessor [lbRestClientPostProcessor]? Check the corresponding BeanPostProcessor declaration and its dependencies.
2026-02-18T18:51:30.195+05:30  WARN 6760 --- [admin-service] [  restartedMain] trationDelegate$BeanPostProcessorChecker : Bean 'spring.cloud.loadbalancer-org.springframework.cloud.client.loadbalancer.LoadBalancerClientsProperties' of type [org.springframework.cloud.client.loadbalancer.LoadBalancerClientsProperties] is not eligible for getting processed by all BeanPostProcessors (for example: not eligible for auto-proxying). Is this bean getting eagerly injected into a currently created BeanPostProcessor [lbRestClientPostProcessor]? Check the corresponding BeanPostProcessor declaration and its dependencies.
2026-02-18T18:51:30.197+05:30  WARN 6760 --- [admin-service] [  restartedMain] trationDelegate$BeanPostProcessorChecker : Bean 'default.org.springframework.cloud.loadbalancer.config.LoadBalancerAutoConfiguration.LoadBalancerClientSpecification' of type [org.springframework.cloud.loadbalancer.annotation.LoadBalancerClientSpecification] is not eligible for getting processed by all BeanPostProcessors (for example: not eligible for auto-proxying). Is this bean getting eagerly injected into a currently created BeanPostProcessor [lbRestClientPostProcessor]? Check the corresponding BeanPostProcessor declaration and its dependencies.
2026-02-18T18:51:30.197+05:30  WARN 6760 --- [admin-service] [  restartedMain] trationDelegate$BeanPostProcessorChecker : Bean 'default.org.springframework.cloud.loadbalancer.config.BlockingLoadBalancerClientAutoConfiguration.LoadBalancerClientSpecification' of type [org.springframework.cloud.loadbalancer.annotation.LoadBalancerClientSpecification] is not eligible for getting processed by all BeanPostProcessors (for example: not eligible for auto-proxying). Is this bean getting eagerly injected into a currently created BeanPostProcessor [lbRestClientPostProcessor]? Check the corresponding BeanPostProcessor declaration and its dependencies.
2026-02-18T18:51:30.199+05:30  WARN 6760 --- [admin-service] [  restartedMain] trationDelegate$BeanPostProcessorChecker : Bean 'default.org.springframework.cloud.netflix.eureka.loadbalancer.LoadBalancerEurekaAutoConfiguration.LoadBalancerClientSpecification' of type [org.springframework.cloud.loadbalancer.annotation.LoadBalancerClientSpecification] is not eligible for getting processed by all BeanPostProcessors (for example: not eligible for auto-proxying). Is this bean getting eagerly injected into a currently created BeanPostProcessor [lbRestClientPostProcessor]? Check the corresponding BeanPostProcessor declaration and its dependencies.
2026-02-18T18:51:30.199+05:30  WARN 6760 --- [admin-service] [  restartedMain] trationDelegate$BeanPostProcessorChecker : Bean 'loadBalancerClientFactory' of type [org.springframework.cloud.loadbalancer.support.LoadBalancerClientFactory] is not eligible for getting processed by all BeanPostProcessors (for example: not eligible for auto-proxying). Is this bean getting eagerly injected into a currently created BeanPostProcessor [lbRestClientPostProcessor]? Check the corresponding BeanPostProcessor declaration and its dependencies.
2026-02-18T18:51:30.199+05:30  WARN 6760 --- [admin-service] [  restartedMain] trationDelegate$BeanPostProcessorChecker : Bean 'blockingLoadBalancerClient' of type [org.springframework.cloud.loadbalancer.blocking.client.BlockingLoadBalancerClient] is not eligible for getting processed by all BeanPostProcessors (for example: not eligible for auto-proxying). Is this bean getting eagerly injected into a currently created BeanPostProcessor [lbRestClientPostProcessor]? Check the corresponding BeanPostProcessor declaration and its dependencies.
2026-02-18T18:51:30.206+05:30  WARN 6760 --- [admin-service] [  restartedMain] trationDelegate$BeanPostProcessorChecker : Bean 'loadBalancerServiceInstanceCookieTransformer' of type [org.springframework.cloud.loadbalancer.core.LoadBalancerServiceInstanceCookieTransformer] is not eligible for getting processed by all BeanPostProcessors (for example: not eligible for auto-proxying). Is this bean getting eagerly injected into a currently created BeanPostProcessor [lbRestClientPostProcessor]? Check the corresponding BeanPostProcessor declaration and its dependencies.
2026-02-18T18:51:30.209+05:30  WARN 6760 --- [admin-service] [  restartedMain] trationDelegate$BeanPostProcessorChecker : Bean 'xForwarderHeadersTransformer' of type [org.springframework.cloud.loadbalancer.blocking.XForwardedHeadersTransformer] is not eligible for getting processed by all BeanPostProcessors (for example: not eligible for auto-proxying). Is this bean getting eagerly injected into a currently created BeanPostProcessor [lbRestClientPostProcessor]? Check the corresponding BeanPostProcessor declaration and its dependencies.
2026-02-18T18:51:30.209+05:30  WARN 6760 --- [admin-service] [  restartedMain] trationDelegate$BeanPostProcessorChecker : Bean 'org.springframework.cloud.client.loadbalancer.LoadBalancerAutoConfiguration' of type [org.springframework.cloud.client.loadbalancer.LoadBalancerAutoConfiguration] is not eligible for getting processed by all BeanPostProcessors (for example: not eligible for auto-proxying). Is this bean getting eagerly injected into a currently created BeanPostProcessor [lbRestClientPostProcessor]? Check the corresponding BeanPostProcessor declaration and its dependencies.
2026-02-18T18:51:30.209+05:30  WARN 6760 --- [admin-service] [  restartedMain] trationDelegate$BeanPostProcessorChecker : Bean 'loadBalancerRequestFactory' of type [org.springframework.cloud.client.loadbalancer.LoadBalancerRequestFactory] is not eligible for getting processed by all BeanPostProcessors (for example: not eligible for auto-proxying). Is this bean getting eagerly injected into a currently created BeanPostProcessor [lbRestClientPostProcessor]? Check the corresponding BeanPostProcessor declaration and its dependencies.
2026-02-18T18:51:30.209+05:30  WARN 6760 --- [admin-service] [  restartedMain] trationDelegate$BeanPostProcessorChecker : Bean 'loadBalancerInterceptor' of type [org.springframework.cloud.client.loadbalancer.LoadBalancerInterceptor] is not eligible for getting processed by all BeanPostProcessors (for example: not eligible for auto-proxying). Is this bean getting eagerly injected into a currently created BeanPostProcessor [lbRestClientPostProcessor]? Check the corresponding BeanPostProcessor declaration and its dependencies.
2026-02-18T18:51:30.336+05:30  INFO 6760 --- [admin-service] [  restartedMain] o.s.b.w.embedded.tomcat.TomcatWebServer  : Tomcat initialized with port 8022 (http)
2026-02-18T18:51:30.339+05:30  INFO 6760 --- [admin-service] [  restartedMain] o.apache.catalina.core.StandardService   : Starting service [Tomcat]
2026-02-18T18:51:30.339+05:30  INFO 6760 --- [admin-service] [  restartedMain] o.apache.catalina.core.StandardEngine    : Starting Servlet engine: [Apache Tomcat/10.1.17]
2026-02-18T18:51:30.389+05:30  INFO 6760 --- [admin-service] [  restartedMain] o.a.c.c.C.[Tomcat-6].[localhost].[/]     : Initializing Spring embedded WebApplicationContext
2026-02-18T18:51:30.389+05:30  INFO 6760 --- [admin-service] [  restartedMain] w.s.c.ServletWebServerApplicationContext : Root WebApplicationContext: initialization completed in 1101 ms
2026-02-18T18:51:30.492+05:30  INFO 6760 --- [admin-service] [  restartedMain] o.hibernate.jpa.internal.util.LogHelper  : HHH000204: Processing PersistenceUnitInfo [name: default]
2026-02-18T18:51:30.502+05:30  INFO 6760 --- [admin-service] [  restartedMain] o.h.c.internal.RegionFactoryInitiator    : HHH000026: Second-level cache disabled
2026-02-18T18:51:30.505+05:30  INFO 6760 --- [admin-service] [  restartedMain] o.s.o.j.p.SpringPersistenceUnitInfo      : No LoadTimeWeaver setup: ignoring JPA class transformer
2026-02-18T18:51:30.511+05:30  INFO 6760 --- [admin-service] [  restartedMain] com.zaxxer.hikari.HikariDataSource       : HikariPool-8 - Starting...
2026-02-18T18:51:30.580+05:30  INFO 6760 --- [admin-service] [  restartedMain] com.zaxxer.hikari.pool.HikariPool        : HikariPool-8 - Added connection com.mysql.cj.jdbc.ConnectionImpl@2c2b7f9
2026-02-18T18:51:30.580+05:30  INFO 6760 --- [admin-service] [  restartedMain] com.zaxxer.hikari.HikariDataSource       : HikariPool-8 - Start completed.
2026-02-18T18:51:30.760+05:30  INFO 6760 --- [admin-service] [  restartedMain] o.h.e.t.j.p.i.JtaPlatformInitiator       : HHH000489: No JTA platform available (set 'hibernate.transaction.jta.platform' to enable JTA platform integration)
2026-02-18T18:51:30.894+05:30  INFO 6760 --- [admin-service] [  restartedMain] j.LocalContainerEntityManagerFactoryBean : Initialized JPA EntityManagerFactory for persistence unit 'default'
2026-02-18T18:51:30.914+05:30  WARN 6760 --- [admin-service] [  restartedMain] ConfigServletWebServerApplicationContext : Exception encountered during context initialization - cancelling refresh attempt: org.springframework.beans.factory.BeanCreationException: Error creating bean with name 'productCategoryRestController': Lookup method resolution failed
2026-02-18T18:51:30.914+05:30  INFO 6760 --- [admin-service] [  restartedMain] j.LocalContainerEntityManagerFactoryBean : Closing JPA EntityManagerFactory for persistence unit 'default'
2026-02-18T18:51:30.915+05:30  INFO 6760 --- [admin-service] [  restartedMain] com.zaxxer.hikari.HikariDataSource       : HikariPool-8 - Shutdown initiated...
2026-02-18T18:51:30.961+05:30  INFO 6760 --- [admin-service] [  restartedMain] com.zaxxer.hikari.HikariDataSource       : HikariPool-8 - Shutdown completed.
2026-02-18T18:51:30.963+05:30  INFO 6760 --- [admin-service] [  restartedMain] o.apache.catalina.core.StandardService   : Stopping service [Tomcat]
2026-02-18T18:51:30.980+05:30  INFO 6760 --- [admin-service] [  restartedMain] .s.b.a.l.ConditionEvaluationReportLogger : 

Error starting ApplicationContext. To display the condition evaluation report re-run your application with 'debug' enabled.
2026-02-18T18:51:30.988+05:30 ERROR 6760 --- [admin-service] [  restartedMain] o.s.boot.SpringApplication               : Application run failed

org.springframework.beans.factory.BeanCreationException: Error creating bean with name 'productCategoryRestController': Lookup method resolution failed
	at org.springframework.beans.factory.annotation.AutowiredAnnotationBeanPostProcessor.checkLookupMethods(AutowiredAnnotationBeanPostProcessor.java:497) ~[spring-beans-6.1.2.jar:6.1.2]
	at org.springframework.beans.factory.annotation.AutowiredAnnotationBeanPostProcessor.determineCandidateConstructors(AutowiredAnnotationBeanPostProcessor.java:367) ~[spring-beans-6.1.2.jar:6.1.2]
	at org.springframework.beans.factory.support.AbstractAutowireCapableBeanFactory.determineConstructorsFromBeanPostProcessors(AbstractAutowireCapableBeanFactory.java:1293) ~[spring-beans-6.1.2.jar:6.1.2]
	at org.springframework.beans.factory.support.AbstractAutowireCapableBeanFactory.createBeanInstance(AbstractAutowireCapableBeanFactory.java:1188) ~[spring-beans-6.1.2.jar:6.1.2]
	at org.springframework.beans.factory.support.AbstractAutowireCapableBeanFactory.doCreateBean(AbstractAutowireCapableBeanFactory.java:561) ~[spring-beans-6.1.2.jar:6.1.2]
	at org.springframework.beans.factory.support.AbstractAutowireCapableBeanFactory.createBean(AbstractAutowireCapableBeanFactory.java:521) ~[spring-beans-6.1.2.jar:6.1.2]
	at org.springframework.beans.factory.support.AbstractBeanFactory.lambda$doGetBean$0(AbstractBeanFactory.java:325) ~[spring-beans-6.1.2.jar:6.1.2]
	at org.springframework.beans.factory.support.DefaultSingletonBeanRegistry.getSingleton(DefaultSingletonBeanRegistry.java:234) ~[spring-beans-6.1.2.jar:6.1.2]
	at org.springframework.beans.factory.support.AbstractBeanFactory.doGetBean(AbstractBeanFactory.java:323) ~[spring-beans-6.1.2.jar:6.1.2]
	at org.springframework.beans.factory.support.AbstractBeanFactory.getBean(AbstractBeanFactory.java:199) ~[spring-beans-6.1.2.jar:6.1.2]
	at org.springframework.beans.factory.support.DefaultListableBeanFactory.preInstantiateSingletons(DefaultListableBeanFactory.java:975) ~[spring-beans-6.1.2.jar:6.1.2]
	at org.springframework.context.support.AbstractApplicationContext.finishBeanFactoryInitialization(AbstractApplicationContext.java:960) ~[spring-context-6.1.2.jar:6.1.2]
	at org.springframework.context.support.AbstractApplicationContext.refresh(AbstractApplicationContext.java:625) ~[spring-context-6.1.2.jar:6.1.2]
	at org.springframework.boot.web.servlet.context.ServletWebServerApplicationContext.refresh(ServletWebServerApplicationContext.java:146) ~[spring-boot-3.2.1.jar:3.2.1]
	at org.springframework.boot.SpringApplication.refresh(SpringApplication.java:762) ~[spring-boot-3.2.1.jar:3.2.1]
	at org.springframework.boot.SpringApplication.refreshContext(SpringApplication.java:464) ~[spring-boot-3.2.1.jar:3.2.1]
	at org.springframework.boot.SpringApplication.run(SpringApplication.java:334) ~[spring-boot-3.2.1.jar:3.2.1]
	at org.springframework.boot.SpringApplication.run(SpringApplication.java:1358) ~[spring-boot-3.2.1.jar:3.2.1]
	at org.springframework.boot.SpringApplication.run(SpringApplication.java:1347) ~[spring-boot-3.2.1.jar:3.2.1]
	at com.rv.admin.AdminApplication.main(AdminApplication.java:14) ~[classes/:na]
	at java.base/jdk.internal.reflect.NativeMethodAccessorImpl.invoke0(Native Method) ~[na:na]
	at java.base/jdk.internal.reflect.NativeMethodAccessorImpl.invoke(NativeMethodAccessorImpl.java:77) ~[na:na]
	at java.base/jdk.internal.reflect.DelegatingMethodAccessorImpl.invoke(DelegatingMethodAccessorImpl.java:43) ~[na:na]
	at java.base/java.lang.reflect.Method.invoke(Method.java:568) ~[na:na]
	at org.springframework.boot.devtools.restart.RestartLauncher.run(RestartLauncher.java:50) ~[spring-boot-devtools-3.2.1.jar:3.2.1]
Caused by: java.lang.IllegalStateException: Failed to introspect Class [com.rv.admin.controller.ProductCategoryRestController] from ClassLoader [org.springframework.boot.devtools.restart.classloader.RestartClassLoader@5041ebb4]
	at org.springframework.util.ReflectionUtils.getDeclaredMethods(ReflectionUtils.java:483) ~[spring-core-6.1.2.jar:6.1.2]
	at org.springframework.util.ReflectionUtils.doWithLocalMethods(ReflectionUtils.java:320) ~[spring-core-6.1.2.jar:6.1.2]
	at org.springframework.beans.factory.annotation.AutowiredAnnotationBeanPostProcessor.checkLookupMethods(AutowiredAnnotationBeanPostProcessor.java:475) ~[spring-beans-6.1.2.jar:6.1.2]
	... 24 common frames omitted
Caused by: java.lang.NoClassDefFoundError: ProductCategoryDto
	at java.base/java.lang.Class.getDeclaredMethods0(Native Method) ~[na:na]
	at java.base/java.lang.Class.privateGetDeclaredMethods(Class.java:3402) ~[na:na]
	at java.base/java.lang.Class.getDeclaredMethods(Class.java:2504) ~[na:na]
	at org.springframework.util.ReflectionUtils.getDeclaredMethods(ReflectionUtils.java:465) ~[spring-core-6.1.2.jar:6.1.2]
	... 26 common frames omitted
Caused by: java.lang.ClassNotFoundException: ProductCategoryDto
	at java.base/jdk.internal.loader.BuiltinClassLoader.loadClass(BuiltinClassLoader.java:641) ~[na:na]
	at java.base/jdk.internal.loader.ClassLoaders$AppClassLoader.loadClass(ClassLoaders.java:188) ~[na:na]
	at java.base/java.lang.ClassLoader.loadClass(ClassLoader.java:520) ~[na:na]
	at java.base/java.lang.Class.forName0(Native Method) ~[na:na]
	at java.base/java.lang.Class.forName(Class.java:467) ~[na:na]
	at org.springframework.boot.devtools.restart.classloader.RestartClassLoader.loadClass(RestartClassLoader.java:121) ~[spring-boot-devtools-3.2.1.jar:3.2.1]
	at java.base/java.lang.ClassLoader.loadClass(ClassLoader.java:520) ~[na:na]
	... 30 common frames omitted


  .   ____          _            __ _ _
 /\\ / ___'_ __ _ _(_)_ __  __ _ \ \ \ \
( ( )\___ | '_ | '_| | '_ \/ _` | \ \ \ \
 \\/  ___)| |_)| | | | | || (_| |  ) ) ) )
  '  |____| .__|_| |_|_| |_\__, | / / / /
 =========|_|==============|___/=/_/_/_/
 :: Spring Boot ::                (v3.2.1)

2026-02-18T18:52:30.212+05:30  INFO 6760 --- [admin-service] [  restartedMain] com.rv.admin.AdminApplication            : Starting AdminApplication using Java 17.0.10 with PID 6760 (C:\Users\Rajat\Desktop\Retail Microservices\SwiftCart\admin-service\target\classes started by Rajat in C:\Users\Rajat\Desktop\Retail Microservices\SwiftCart\admin-service)
2026-02-18T18:52:30.212+05:30  INFO 6760 --- [admin-service] [  restartedMain] com.rv.admin.AdminApplication            : No active profile set, falling back to 1 default profile: "default"
2026-02-18T18:52:30.716+05:30  INFO 6760 --- [admin-service] [  restartedMain] .s.d.r.c.RepositoryConfigurationDelegate : Bootstrapping Spring Data JPA repositories in DEFAULT mode.
2026-02-18T18:52:30.764+05:30  INFO 6760 --- [admin-service] [  restartedMain] .s.d.r.c.RepositoryConfigurationDelegate : Finished Spring Data repository scanning in 45 ms. Found 4 JPA repository interfaces.
2026-02-18T18:52:30.925+05:30  INFO 6760 --- [admin-service] [  restartedMain] o.s.cloud.context.scope.GenericScope     : BeanFactory id=da755679-1d3d-356a-9f70-37c1cfaa84a0
2026-02-18T18:52:30.977+05:30  WARN 6760 --- [admin-service] [  restartedMain] trationDelegate$BeanPostProcessorChecker : Bean 'org.springframework.cloud.client.loadbalancer.LoadBalancerAutoConfiguration$LoadBalancerInterceptorConfig' of type [org.springframework.cloud.client.loadbalancer.LoadBalancerAutoConfiguration$LoadBalancerInterceptorConfig] is not eligible for getting processed by all BeanPostProcessors (for example: not eligible for auto-proxying). The currently created BeanPostProcessor [lbRestClientPostProcessor] is declared through a non-static factory method on that class; consider declaring it as static instead.
2026-02-18T18:52:30.977+05:30  WARN 6760 --- [admin-service] [  restartedMain] trationDelegate$BeanPostProcessorChecker : Bean 'org.springframework.cloud.loadbalancer.config.BlockingLoadBalancerClientAutoConfiguration' of type [org.springframework.cloud.loadbalancer.config.BlockingLoadBalancerClientAutoConfiguration] is not eligible for getting processed by all BeanPostProcessors (for example: not eligible for auto-proxying). Is this bean getting eagerly injected into a currently created BeanPostProcessor [lbRestClientPostProcessor]? Check the corresponding BeanPostProcessor declaration and its dependencies.
2026-02-18T18:52:30.977+05:30  WARN 6760 --- [admin-service] [  restartedMain] trationDelegate$BeanPostProcessorChecker : Bean 'org.springframework.cloud.loadbalancer.config.LoadBalancerAutoConfiguration' of type [org.springframework.cloud.loadbalancer.config.LoadBalancerAutoConfiguration] is not eligible for getting processed by all BeanPostProcessors (for example: not eligible for auto-proxying). Is this bean getting eagerly injected into a currently created BeanPostProcessor [lbRestClientPostProcessor]? Check the corresponding BeanPostProcessor declaration and its dependencies.
2026-02-18T18:52:30.977+05:30  WARN 6760 --- [admin-service] [  restartedMain] trationDelegate$BeanPostProcessorChecker : Bean 'org.springframework.cloud.commons.config.CommonsConfigAutoConfiguration' of type [org.springframework.cloud.commons.config.CommonsConfigAutoConfiguration] is not eligible for getting processed by all BeanPostProcessors (for example: not eligible for auto-proxying). Is this bean getting eagerly injected into a currently created BeanPostProcessor [lbRestClientPostProcessor]? Check the corresponding BeanPostProcessor declaration and its dependencies.
2026-02-18T18:52:30.986+05:30  WARN 6760 --- [admin-service] [  restartedMain] trationDelegate$BeanPostProcessorChecker : Bean 'org.springframework.cloud.client.loadbalancer.LoadBalancerDefaultMappingsProviderAutoConfiguration' of type [org.springframework.cloud.client.loadbalancer.LoadBalancerDefaultMappingsProviderAutoConfiguration] is not eligible for getting processed by all BeanPostProcessors (for example: not eligible for auto-proxying). Is this bean getting eagerly injected into a currently created BeanPostProcessor [lbRestClientPostProcessor]? Check the corresponding BeanPostProcessor declaration and its dependencies.
2026-02-18T18:52:30.987+05:30  WARN 6760 --- [admin-service] [  restartedMain] trationDelegate$BeanPostProcessorChecker : Bean 'loadBalancerClientsDefaultsMappingsProvider' of type [org.springframework.cloud.client.loadbalancer.LoadBalancerDefaultMappingsProviderAutoConfiguration$$Lambda$612/0x00000233c93ce9c8] is not eligible for getting processed by all BeanPostProcessors (for example: not eligible for auto-proxying). Is this bean getting eagerly injected into a currently created BeanPostProcessor [lbRestClientPostProcessor]? Check the corresponding BeanPostProcessor declaration and its dependencies.
2026-02-18T18:52:30.987+05:30  WARN 6760 --- [admin-service] [  restartedMain] trationDelegate$BeanPostProcessorChecker : Bean 'defaultsBindHandlerAdvisor' of type [org.springframework.cloud.commons.config.DefaultsBindHandlerAdvisor] is not eligible for getting processed by all BeanPostProcessors (for example: not eligible for auto-proxying). Is this bean getting eagerly injected into a currently created BeanPostProcessor [lbRestClientPostProcessor]? Check the corresponding BeanPostProcessor declaration and its dependencies.
2026-02-18T18:52:30.994+05:30  WARN 6760 --- [admin-service] [  restartedMain] trationDelegate$BeanPostProcessorChecker : Bean 'spring.cloud.loadbalancer-org.springframework.cloud.client.loadbalancer.LoadBalancerClientsProperties' of type [org.springframework.cloud.client.loadbalancer.LoadBalancerClientsProperties] is not eligible for getting processed by all BeanPostProcessors (for example: not eligible for auto-proxying). Is this bean getting eagerly injected into a currently created BeanPostProcessor [lbRestClientPostProcessor]? Check the corresponding BeanPostProcessor declaration and its dependencies.
2026-02-18T18:52:30.997+05:30  WARN 6760 --- [admin-service] [  restartedMain] trationDelegate$BeanPostProcessorChecker : Bean 'default.org.springframework.cloud.loadbalancer.config.LoadBalancerAutoConfiguration.LoadBalancerClientSpecification' of type [org.springframework.cloud.loadbalancer.annotation.LoadBalancerClientSpecification] is not eligible for getting processed by all BeanPostProcessors (for example: not eligible for auto-proxying). Is this bean getting eagerly injected into a currently created BeanPostProcessor [lbRestClientPostProcessor]? Check the corresponding BeanPostProcessor declaration and its dependencies.
2026-02-18T18:52:30.997+05:30  WARN 6760 --- [admin-service] [  restartedMain] trationDelegate$BeanPostProcessorChecker : Bean 'default.org.springframework.cloud.loadbalancer.config.BlockingLoadBalancerClientAutoConfiguration.LoadBalancerClientSpecification' of type [org.springframework.cloud.loadbalancer.annotation.LoadBalancerClientSpecification] is not eligible for getting processed by all BeanPostProcessors (for example: not eligible for auto-proxying). Is this bean getting eagerly injected into a currently created BeanPostProcessor [lbRestClientPostProcessor]? Check the corresponding BeanPostProcessor declaration and its dependencies.
2026-02-18T18:52:30.997+05:30  WARN 6760 --- [admin-service] [  restartedMain] trationDelegate$BeanPostProcessorChecker : Bean 'default.org.springframework.cloud.netflix.eureka.loadbalancer.LoadBalancerEurekaAutoConfiguration.LoadBalancerClientSpecification' of type [org.springframework.cloud.loadbalancer.annotation.LoadBalancerClientSpecification] is not eligible for getting processed by all BeanPostProcessors (for example: not eligible for auto-proxying). Is this bean getting eagerly injected into a currently created BeanPostProcessor [lbRestClientPostProcessor]? Check the corresponding BeanPostProcessor declaration and its dependencies.
2026-02-18T18:52:30.997+05:30  WARN 6760 --- [admin-service] [  restartedMain] trationDelegate$BeanPostProcessorChecker : Bean 'loadBalancerClientFactory' of type [org.springframework.cloud.loadbalancer.support.LoadBalancerClientFactory] is not eligible for getting processed by all BeanPostProcessors (for example: not eligible for auto-proxying). Is this bean getting eagerly injected into a currently created BeanPostProcessor [lbRestClientPostProcessor]? Check the corresponding BeanPostProcessor declaration and its dependencies.
2026-02-18T18:52:30.997+05:30  WARN 6760 --- [admin-service] [  restartedMain] trationDelegate$BeanPostProcessorChecker : Bean 'blockingLoadBalancerClient' of type [org.springframework.cloud.loadbalancer.blocking.client.BlockingLoadBalancerClient] is not eligible for getting processed by all BeanPostProcessors (for example: not eligible for auto-proxying). Is this bean getting eagerly injected into a currently created BeanPostProcessor [lbRestClientPostProcessor]? Check the corresponding BeanPostProcessor declaration and its dependencies.
2026-02-18T18:52:31.005+05:30  WARN 6760 --- [admin-service] [  restartedMain] trationDelegate$BeanPostProcessorChecker : Bean 'loadBalancerServiceInstanceCookieTransformer' of type [org.springframework.cloud.loadbalancer.core.LoadBalancerServiceInstanceCookieTransformer] is not eligible for getting processed by all BeanPostProcessors (for example: not eligible for auto-proxying). Is this bean getting eagerly injected into a currently created BeanPostProcessor [lbRestClientPostProcessor]? Check the corresponding BeanPostProcessor declaration and its dependencies.
2026-02-18T18:52:31.005+05:30  WARN 6760 --- [admin-service] [  restartedMain] trationDelegate$BeanPostProcessorChecker : Bean 'xForwarderHeadersTransformer' of type [org.springframework.cloud.loadbalancer.blocking.XForwardedHeadersTransformer] is not eligible for getting processed by all BeanPostProcessors (for example: not eligible for auto-proxying). Is this bean getting eagerly injected into a currently created BeanPostProcessor [lbRestClientPostProcessor]? Check the corresponding BeanPostProcessor declaration and its dependencies.
2026-02-18T18:52:31.005+05:30  WARN 6760 --- [admin-service] [  restartedMain] trationDelegate$BeanPostProcessorChecker : Bean 'org.springframework.cloud.client.loadbalancer.LoadBalancerAutoConfiguration' of type [org.springframework.cloud.client.loadbalancer.LoadBalancerAutoConfiguration] is not eligible for getting processed by all BeanPostProcessors (for example: not eligible for auto-proxying). Is this bean getting eagerly injected into a currently created BeanPostProcessor [lbRestClientPostProcessor]? Check the corresponding BeanPostProcessor declaration and its dependencies.
2026-02-18T18:52:31.005+05:30  WARN 6760 --- [admin-service] [  restartedMain] trationDelegate$BeanPostProcessorChecker : Bean 'loadBalancerRequestFactory' of type [org.springframework.cloud.client.loadbalancer.LoadBalancerRequestFactory] is not eligible for getting processed by all BeanPostProcessors (for example: not eligible for auto-proxying). Is this bean getting eagerly injected into a currently created BeanPostProcessor [lbRestClientPostProcessor]? Check the corresponding BeanPostProcessor declaration and its dependencies.
2026-02-18T18:52:31.005+05:30  WARN 6760 --- [admin-service] [  restartedMain] trationDelegate$BeanPostProcessorChecker : Bean 'loadBalancerInterceptor' of type [org.springframework.cloud.client.loadbalancer.LoadBalancerInterceptor] is not eligible for getting processed by all BeanPostProcessors (for example: not eligible for auto-proxying). Is this bean getting eagerly injected into a currently created BeanPostProcessor [lbRestClientPostProcessor]? Check the corresponding BeanPostProcessor declaration and its dependencies.
2026-02-18T18:52:31.296+05:30  INFO 6760 --- [admin-service] [  restartedMain] o.s.b.w.embedded.tomcat.TomcatWebServer  : Tomcat initialized with port 8022 (http)
2026-02-18T18:52:31.304+05:30  INFO 6760 --- [admin-service] [  restartedMain] o.apache.catalina.core.StandardService   : Starting service [Tomcat]
2026-02-18T18:52:31.304+05:30  INFO 6760 --- [admin-service] [  restartedMain] o.apache.catalina.core.StandardEngine    : Starting Servlet engine: [Apache Tomcat/10.1.17]
2026-02-18T18:52:31.463+05:30  INFO 6760 --- [admin-service] [  restartedMain] o.a.c.c.C.[Tomcat-7].[localhost].[/]     : Initializing Spring embedded WebApplicationContext
2026-02-18T18:52:31.470+05:30  INFO 6760 --- [admin-service] [  restartedMain] w.s.c.ServletWebServerApplicationContext : Root WebApplicationContext: initialization completed in 1253 ms
2026-02-18T18:52:31.654+05:30  INFO 6760 --- [admin-service] [  restartedMain] o.hibernate.jpa.internal.util.LogHelper  : HHH000204: Processing PersistenceUnitInfo [name: default]
2026-02-18T18:52:31.673+05:30  INFO 6760 --- [admin-service] [  restartedMain] o.h.c.internal.RegionFactoryInitiator    : HHH000026: Second-level cache disabled
2026-02-18T18:52:31.690+05:30  INFO 6760 --- [admin-service] [  restartedMain] o.s.o.j.p.SpringPersistenceUnitInfo      : No LoadTimeWeaver setup: ignoring JPA class transformer
2026-02-18T18:52:31.690+05:30  INFO 6760 --- [admin-service] [  restartedMain] com.zaxxer.hikari.HikariDataSource       : HikariPool-9 - Starting...
2026-02-18T18:52:31.787+05:30  INFO 6760 --- [admin-service] [  restartedMain] com.zaxxer.hikari.pool.HikariPool        : HikariPool-9 - Added connection com.mysql.cj.jdbc.ConnectionImpl@7be28a3a
2026-02-18T18:52:31.790+05:30  INFO 6760 --- [admin-service] [  restartedMain] com.zaxxer.hikari.HikariDataSource       : HikariPool-9 - Start completed.
2026-02-18T18:52:32.016+05:30  INFO 6760 --- [admin-service] [  restartedMain] o.h.e.t.j.p.i.JtaPlatformInitiator       : HHH000489: No JTA platform available (set 'hibernate.transaction.jta.platform' to enable JTA platform integration)
2026-02-18T18:52:32.395+05:30  INFO 6760 --- [admin-service] [  restartedMain] j.LocalContainerEntityManagerFactoryBean : Initialized JPA EntityManagerFactory for persistence unit 'default'
2026-02-18T18:52:32.446+05:30  WARN 6760 --- [admin-service] [  restartedMain] ConfigServletWebServerApplicationContext : Exception encountered during context initialization - cancelling refresh attempt: org.springframework.beans.factory.BeanCreationException: Error creating bean with name 'productCategoryRestController': Lookup method resolution failed
2026-02-18T18:52:32.448+05:30  INFO 6760 --- [admin-service] [  restartedMain] j.LocalContainerEntityManagerFactoryBean : Closing JPA EntityManagerFactory for persistence unit 'default'
2026-02-18T18:52:32.449+05:30  INFO 6760 --- [admin-service] [  restartedMain] com.zaxxer.hikari.HikariDataSource       : HikariPool-9 - Shutdown initiated...
2026-02-18T18:52:32.474+05:30  INFO 6760 --- [admin-service] [  restartedMain] com.zaxxer.hikari.HikariDataSource       : HikariPool-9 - Shutdown completed.
2026-02-18T18:52:32.477+05:30  INFO 6760 --- [admin-service] [  restartedMain] o.apache.catalina.core.StandardService   : Stopping service [Tomcat]
2026-02-18T18:52:32.499+05:30  INFO 6760 --- [admin-service] [  restartedMain] .s.b.a.l.ConditionEvaluationReportLogger : 

Error starting ApplicationContext. To display the condition evaluation report re-run your application with 'debug' enabled.
2026-02-18T18:52:32.506+05:30 ERROR 6760 --- [admin-service] [  restartedMain] o.s.boot.SpringApplication               : Application run failed

org.springframework.beans.factory.BeanCreationException: Error creating bean with name 'productCategoryRestController': Lookup method resolution failed
	at org.springframework.beans.factory.annotation.AutowiredAnnotationBeanPostProcessor.checkLookupMethods(AutowiredAnnotationBeanPostProcessor.java:497) ~[spring-beans-6.1.2.jar:6.1.2]
	at org.springframework.beans.factory.annotation.AutowiredAnnotationBeanPostProcessor.determineCandidateConstructors(AutowiredAnnotationBeanPostProcessor.java:367) ~[spring-beans-6.1.2.jar:6.1.2]
	at org.springframework.beans.factory.support.AbstractAutowireCapableBeanFactory.determineConstructorsFromBeanPostProcessors(AbstractAutowireCapableBeanFactory.java:1293) ~[spring-beans-6.1.2.jar:6.1.2]
	at org.springframework.beans.factory.support.AbstractAutowireCapableBeanFactory.createBeanInstance(AbstractAutowireCapableBeanFactory.java:1188) ~[spring-beans-6.1.2.jar:6.1.2]
	at org.springframework.beans.factory.support.AbstractAutowireCapableBeanFactory.doCreateBean(AbstractAutowireCapableBeanFactory.java:561) ~[spring-beans-6.1.2.jar:6.1.2]
	at org.springframework.beans.factory.support.AbstractAutowireCapableBeanFactory.createBean(AbstractAutowireCapableBeanFactory.java:521) ~[spring-beans-6.1.2.jar:6.1.2]
	at org.springframework.beans.factory.support.AbstractBeanFactory.lambda$doGetBean$0(AbstractBeanFactory.java:325) ~[spring-beans-6.1.2.jar:6.1.2]
	at org.springframework.beans.factory.support.DefaultSingletonBeanRegistry.getSingleton(DefaultSingletonBeanRegistry.java:234) ~[spring-beans-6.1.2.jar:6.1.2]
	at org.springframework.beans.factory.support.AbstractBeanFactory.doGetBean(AbstractBeanFactory.java:323) ~[spring-beans-6.1.2.jar:6.1.2]
	at org.springframework.beans.factory.support.AbstractBeanFactory.getBean(AbstractBeanFactory.java:199) ~[spring-beans-6.1.2.jar:6.1.2]
	at org.springframework.beans.factory.support.DefaultListableBeanFactory.preInstantiateSingletons(DefaultListableBeanFactory.java:975) ~[spring-beans-6.1.2.jar:6.1.2]
	at org.springframework.context.support.AbstractApplicationContext.finishBeanFactoryInitialization(AbstractApplicationContext.java:960) ~[spring-context-6.1.2.jar:6.1.2]
	at org.springframework.context.support.AbstractApplicationContext.refresh(AbstractApplicationContext.java:625) ~[spring-context-6.1.2.jar:6.1.2]
	at org.springframework.boot.web.servlet.context.ServletWebServerApplicationContext.refresh(ServletWebServerApplicationContext.java:146) ~[spring-boot-3.2.1.jar:3.2.1]
	at org.springframework.boot.SpringApplication.refresh(SpringApplication.java:762) ~[spring-boot-3.2.1.jar:3.2.1]
	at org.springframework.boot.SpringApplication.refreshContext(SpringApplication.java:464) ~[spring-boot-3.2.1.jar:3.2.1]
	at org.springframework.boot.SpringApplication.run(SpringApplication.java:334) ~[spring-boot-3.2.1.jar:3.2.1]
	at org.springframework.boot.SpringApplication.run(SpringApplication.java:1358) ~[spring-boot-3.2.1.jar:3.2.1]
	at org.springframework.boot.SpringApplication.run(SpringApplication.java:1347) ~[spring-boot-3.2.1.jar:3.2.1]
	at com.rv.admin.AdminApplication.main(AdminApplication.java:14) ~[classes/:na]
	at java.base/jdk.internal.reflect.NativeMethodAccessorImpl.invoke0(Native Method) ~[na:na]
	at java.base/jdk.internal.reflect.NativeMethodAccessorImpl.invoke(NativeMethodAccessorImpl.java:77) ~[na:na]
	at java.base/jdk.internal.reflect.DelegatingMethodAccessorImpl.invoke(DelegatingMethodAccessorImpl.java:43) ~[na:na]
	at java.base/java.lang.reflect.Method.invoke(Method.java:568) ~[na:na]
	at org.springframework.boot.devtools.restart.RestartLauncher.run(RestartLauncher.java:50) ~[spring-boot-devtools-3.2.1.jar:3.2.1]
Caused by: java.lang.IllegalStateException: Failed to introspect Class [com.rv.admin.controller.ProductCategoryRestController] from ClassLoader [org.springframework.boot.devtools.restart.classloader.RestartClassLoader@1ce71763]
	at org.springframework.util.ReflectionUtils.getDeclaredMethods(ReflectionUtils.java:483) ~[spring-core-6.1.2.jar:6.1.2]
	at org.springframework.util.ReflectionUtils.doWithLocalMethods(ReflectionUtils.java:320) ~[spring-core-6.1.2.jar:6.1.2]
	at org.springframework.beans.factory.annotation.AutowiredAnnotationBeanPostProcessor.checkLookupMethods(AutowiredAnnotationBeanPostProcessor.java:475) ~[spring-beans-6.1.2.jar:6.1.2]
	... 24 common frames omitted
Caused by: java.lang.NoClassDefFoundError: ProductCategoryDto
	at java.base/java.lang.Class.getDeclaredMethods0(Native Method) ~[na:na]
	at java.base/java.lang.Class.privateGetDeclaredMethods(Class.java:3402) ~[na:na]
	at java.base/java.lang.Class.getDeclaredMethods(Class.java:2504) ~[na:na]
	at org.springframework.util.ReflectionUtils.getDeclaredMethods(ReflectionUtils.java:465) ~[spring-core-6.1.2.jar:6.1.2]
	... 26 common frames omitted
Caused by: java.lang.ClassNotFoundException: ProductCategoryDto
	at java.base/jdk.internal.loader.BuiltinClassLoader.loadClass(BuiltinClassLoader.java:641) ~[na:na]
	at java.base/jdk.internal.loader.ClassLoaders$AppClassLoader.loadClass(ClassLoaders.java:188) ~[na:na]
	at java.base/java.lang.ClassLoader.loadClass(ClassLoader.java:520) ~[na:na]
	at java.base/java.lang.Class.forName0(Native Method) ~[na:na]
	at java.base/java.lang.Class.forName(Class.java:467) ~[na:na]
	at org.springframework.boot.devtools.restart.classloader.RestartClassLoader.loadClass(RestartClassLoader.java:121) ~[spring-boot-devtools-3.2.1.jar:3.2.1]
	at java.base/java.lang.ClassLoader.loadClass(ClassLoader.java:520) ~[na:na]
	... 30 common frames omitted


  .   ____          _            __ _ _
 /\\ / ___'_ __ _ _(_)_ __  __ _ \ \ \ \
( ( )\___ | '_ | '_| | '_ \/ _` | \ \ \ \
 \\/  ___)| |_)| | | | | || (_| |  ) ) ) )
  '  |____| .__|_| |_|_| |_\__, | / / / /
 =========|_|==============|___/=/_/_/_/
 :: Spring Boot ::                (v3.2.1)

2026-02-18T18:53:10.196+05:30  INFO 6760 --- [admin-service] [  restartedMain] com.rv.admin.AdminApplication            : Starting AdminApplication using Java 17.0.10 with PID 6760 (C:\Users\Rajat\Desktop\Retail Microservices\SwiftCart\admin-service\target\classes started by Rajat in C:\Users\Rajat\Desktop\Retail Microservices\SwiftCart\admin-service)
2026-02-18T18:53:10.197+05:30  INFO 6760 --- [admin-service] [  restartedMain] com.rv.admin.AdminApplication            : No active profile set, falling back to 1 default profile: "default"
2026-02-18T18:53:11.157+05:30  INFO 6760 --- [admin-service] [  restartedMain] .s.d.r.c.RepositoryConfigurationDelegate : Bootstrapping Spring Data JPA repositories in DEFAULT mode.
2026-02-18T18:53:11.279+05:30  INFO 6760 --- [admin-service] [  restartedMain] .s.d.r.c.RepositoryConfigurationDelegate : Finished Spring Data repository scanning in 112 ms. Found 4 JPA repository interfaces.
2026-02-18T18:53:11.461+05:30  INFO 6760 --- [admin-service] [  restartedMain] o.s.cloud.context.scope.GenericScope     : BeanFactory id=da755679-1d3d-356a-9f70-37c1cfaa84a0
2026-02-18T18:53:11.507+05:30  WARN 6760 --- [admin-service] [  restartedMain] trationDelegate$BeanPostProcessorChecker : Bean 'org.springframework.cloud.client.loadbalancer.LoadBalancerAutoConfiguration$LoadBalancerInterceptorConfig' of type [org.springframework.cloud.client.loadbalancer.LoadBalancerAutoConfiguration$LoadBalancerInterceptorConfig] is not eligible for getting processed by all BeanPostProcessors (for example: not eligible for auto-proxying). The currently created BeanPostProcessor [lbRestClientPostProcessor] is declared through a non-static factory method on that class; consider declaring it as static instead.
2026-02-18T18:53:11.508+05:30  WARN 6760 --- [admin-service] [  restartedMain] trationDelegate$BeanPostProcessorChecker : Bean 'org.springframework.cloud.loadbalancer.config.BlockingLoadBalancerClientAutoConfiguration' of type [org.springframework.cloud.loadbalancer.config.BlockingLoadBalancerClientAutoConfiguration] is not eligible for getting processed by all BeanPostProcessors (for example: not eligible for auto-proxying). Is this bean getting eagerly injected into a currently created BeanPostProcessor [lbRestClientPostProcessor]? Check the corresponding BeanPostProcessor declaration and its dependencies.
2026-02-18T18:53:11.512+05:30  WARN 6760 --- [admin-service] [  restartedMain] trationDelegate$BeanPostProcessorChecker : Bean 'org.springframework.cloud.loadbalancer.config.LoadBalancerAutoConfiguration' of type [org.springframework.cloud.loadbalancer.config.LoadBalancerAutoConfiguration] is not eligible for getting processed by all BeanPostProcessors (for example: not eligible for auto-proxying). Is this bean getting eagerly injected into a currently created BeanPostProcessor [lbRestClientPostProcessor]? Check the corresponding BeanPostProcessor declaration and its dependencies.
2026-02-18T18:53:11.513+05:30  WARN 6760 --- [admin-service] [  restartedMain] trationDelegate$BeanPostProcessorChecker : Bean 'org.springframework.cloud.commons.config.CommonsConfigAutoConfiguration' of type [org.springframework.cloud.commons.config.CommonsConfigAutoConfiguration] is not eligible for getting processed by all BeanPostProcessors (for example: not eligible for auto-proxying). Is this bean getting eagerly injected into a currently created BeanPostProcessor [lbRestClientPostProcessor]? Check the corresponding BeanPostProcessor declaration and its dependencies.
2026-02-18T18:53:11.516+05:30  WARN 6760 --- [admin-service] [  restartedMain] trationDelegate$BeanPostProcessorChecker : Bean 'org.springframework.cloud.client.loadbalancer.LoadBalancerDefaultMappingsProviderAutoConfiguration' of type [org.springframework.cloud.client.loadbalancer.LoadBalancerDefaultMappingsProviderAutoConfiguration] is not eligible for getting processed by all BeanPostProcessors (for example: not eligible for auto-proxying). Is this bean getting eagerly injected into a currently created BeanPostProcessor [lbRestClientPostProcessor]? Check the corresponding BeanPostProcessor declaration and its dependencies.
2026-02-18T18:53:11.516+05:30  WARN 6760 --- [admin-service] [  restartedMain] trationDelegate$BeanPostProcessorChecker : Bean 'loadBalancerClientsDefaultsMappingsProvider' of type [org.springframework.cloud.client.loadbalancer.LoadBalancerDefaultMappingsProviderAutoConfiguration$$Lambda$612/0x00000233c93ce9c8] is not eligible for getting processed by all BeanPostProcessors (for example: not eligible for auto-proxying). Is this bean getting eagerly injected into a currently created BeanPostProcessor [lbRestClientPostProcessor]? Check the corresponding BeanPostProcessor declaration and its dependencies.
2026-02-18T18:53:11.517+05:30  WARN 6760 --- [admin-service] [  restartedMain] trationDelegate$BeanPostProcessorChecker : Bean 'defaultsBindHandlerAdvisor' of type [org.springframework.cloud.commons.config.DefaultsBindHandlerAdvisor] is not eligible for getting processed by all BeanPostProcessors (for example: not eligible for auto-proxying). Is this bean getting eagerly injected into a currently created BeanPostProcessor [lbRestClientPostProcessor]? Check the corresponding BeanPostProcessor declaration and its dependencies.
2026-02-18T18:53:11.524+05:30  WARN 6760 --- [admin-service] [  restartedMain] trationDelegate$BeanPostProcessorChecker : Bean 'spring.cloud.loadbalancer-org.springframework.cloud.client.loadbalancer.LoadBalancerClientsProperties' of type [org.springframework.cloud.client.loadbalancer.LoadBalancerClientsProperties] is not eligible for getting processed by all BeanPostProcessors (for example: not eligible for auto-proxying). Is this bean getting eagerly injected into a currently created BeanPostProcessor [lbRestClientPostProcessor]? Check the corresponding BeanPostProcessor declaration and its dependencies.
2026-02-18T18:53:11.525+05:30  WARN 6760 --- [admin-service] [  restartedMain] trationDelegate$BeanPostProcessorChecker : Bean 'default.org.springframework.cloud.loadbalancer.config.LoadBalancerAutoConfiguration.LoadBalancerClientSpecification' of type [org.springframework.cloud.loadbalancer.annotation.LoadBalancerClientSpecification] is not eligible for getting processed by all BeanPostProcessors (for example: not eligible for auto-proxying). Is this bean getting eagerly injected into a currently created BeanPostProcessor [lbRestClientPostProcessor]? Check the corresponding BeanPostProcessor declaration and its dependencies.
2026-02-18T18:53:11.525+05:30  WARN 6760 --- [admin-service] [  restartedMain] trationDelegate$BeanPostProcessorChecker : Bean 'default.org.springframework.cloud.loadbalancer.config.BlockingLoadBalancerClientAutoConfiguration.LoadBalancerClientSpecification' of type [org.springframework.cloud.loadbalancer.annotation.LoadBalancerClientSpecification] is not eligible for getting processed by all BeanPostProcessors (for example: not eligible for auto-proxying). Is this bean getting eagerly injected into a currently created BeanPostProcessor [lbRestClientPostProcessor]? Check the corresponding BeanPostProcessor declaration and its dependencies.
2026-02-18T18:53:11.528+05:30  WARN 6760 --- [admin-service] [  restartedMain] trationDelegate$BeanPostProcessorChecker : Bean 'default.org.springframework.cloud.netflix.eureka.loadbalancer.LoadBalancerEurekaAutoConfiguration.LoadBalancerClientSpecification' of type [org.springframework.cloud.loadbalancer.annotation.LoadBalancerClientSpecification] is not eligible for getting processed by all BeanPostProcessors (for example: not eligible for auto-proxying). Is this bean getting eagerly injected into a currently created BeanPostProcessor [lbRestClientPostProcessor]? Check the corresponding BeanPostProcessor declaration and its dependencies.
2026-02-18T18:53:11.529+05:30  WARN 6760 --- [admin-service] [  restartedMain] trationDelegate$BeanPostProcessorChecker : Bean 'loadBalancerClientFactory' of type [org.springframework.cloud.loadbalancer.support.LoadBalancerClientFactory] is not eligible for getting processed by all BeanPostProcessors (for example: not eligible for auto-proxying). Is this bean getting eagerly injected into a currently created BeanPostProcessor [lbRestClientPostProcessor]? Check the corresponding BeanPostProcessor declaration and its dependencies.
2026-02-18T18:53:11.529+05:30  WARN 6760 --- [admin-service] [  restartedMain] trationDelegate$BeanPostProcessorChecker : Bean 'blockingLoadBalancerClient' of type [org.springframework.cloud.loadbalancer.blocking.client.BlockingLoadBalancerClient] is not eligible for getting processed by all BeanPostProcessors (for example: not eligible for auto-proxying). Is this bean getting eagerly injected into a currently created BeanPostProcessor [lbRestClientPostProcessor]? Check the corresponding BeanPostProcessor declaration and its dependencies.
2026-02-18T18:53:11.535+05:30  WARN 6760 --- [admin-service] [  restartedMain] trationDelegate$BeanPostProcessorChecker : Bean 'loadBalancerServiceInstanceCookieTransformer' of type [org.springframework.cloud.loadbalancer.core.LoadBalancerServiceInstanceCookieTransformer] is not eligible for getting processed by all BeanPostProcessors (for example: not eligible for auto-proxying). Is this bean getting eagerly injected into a currently created BeanPostProcessor [lbRestClientPostProcessor]? Check the corresponding BeanPostProcessor declaration and its dependencies.
2026-02-18T18:53:11.536+05:30  WARN 6760 --- [admin-service] [  restartedMain] trationDelegate$BeanPostProcessorChecker : Bean 'xForwarderHeadersTransformer' of type [org.springframework.cloud.loadbalancer.blocking.XForwardedHeadersTransformer] is not eligible for getting processed by all BeanPostProcessors (for example: not eligible for auto-proxying). Is this bean getting eagerly injected into a currently created BeanPostProcessor [lbRestClientPostProcessor]? Check the corresponding BeanPostProcessor declaration and its dependencies.
2026-02-18T18:53:11.537+05:30  WARN 6760 --- [admin-service] [  restartedMain] trationDelegate$BeanPostProcessorChecker : Bean 'org.springframework.cloud.client.loadbalancer.LoadBalancerAutoConfiguration' of type [org.springframework.cloud.client.loadbalancer.LoadBalancerAutoConfiguration] is not eligible for getting processed by all BeanPostProcessors (for example: not eligible for auto-proxying). Is this bean getting eagerly injected into a currently created BeanPostProcessor [lbRestClientPostProcessor]? Check the corresponding BeanPostProcessor declaration and its dependencies.
2026-02-18T18:53:11.538+05:30  WARN 6760 --- [admin-service] [  restartedMain] trationDelegate$BeanPostProcessorChecker : Bean 'loadBalancerRequestFactory' of type [org.springframework.cloud.client.loadbalancer.LoadBalancerRequestFactory] is not eligible for getting processed by all BeanPostProcessors (for example: not eligible for auto-proxying). Is this bean getting eagerly injected into a currently created BeanPostProcessor [lbRestClientPostProcessor]? Check the corresponding BeanPostProcessor declaration and its dependencies.
2026-02-18T18:53:11.540+05:30  WARN 6760 --- [admin-service] [  restartedMain] trationDelegate$BeanPostProcessorChecker : Bean 'loadBalancerInterceptor' of type [org.springframework.cloud.client.loadbalancer.LoadBalancerInterceptor] is not eligible for getting processed by all BeanPostProcessors (for example: not eligible for auto-proxying). Is this bean getting eagerly injected into a currently created BeanPostProcessor [lbRestClientPostProcessor]? Check the corresponding BeanPostProcessor declaration and its dependencies.
2026-02-18T18:53:11.658+05:30  INFO 6760 --- [admin-service] [  restartedMain] o.s.b.w.embedded.tomcat.TomcatWebServer  : Tomcat initialized with port 8022 (http)
2026-02-18T18:53:11.675+05:30  INFO 6760 --- [admin-service] [  restartedMain] o.apache.catalina.core.StandardService   : Starting service [Tomcat]
2026-02-18T18:53:11.675+05:30  INFO 6760 --- [admin-service] [  restartedMain] o.apache.catalina.core.StandardEngine    : Starting Servlet engine: [Apache Tomcat/10.1.17]
2026-02-18T18:53:11.739+05:30  INFO 6760 --- [admin-service] [  restartedMain] o.a.c.c.C.[Tomcat-8].[localhost].[/]     : Initializing Spring embedded WebApplicationContext
2026-02-18T18:53:11.739+05:30  INFO 6760 --- [admin-service] [  restartedMain] w.s.c.ServletWebServerApplicationContext : Root WebApplicationContext: initialization completed in 1538 ms
2026-02-18T18:53:11.959+05:30  INFO 6760 --- [admin-service] [  restartedMain] o.hibernate.jpa.internal.util.LogHelper  : HHH000204: Processing PersistenceUnitInfo [name: default]
2026-02-18T18:53:11.987+05:30  INFO 6760 --- [admin-service] [  restartedMain] o.h.c.internal.RegionFactoryInitiator    : HHH000026: Second-level cache disabled
2026-02-18T18:53:11.991+05:30  INFO 6760 --- [admin-service] [  restartedMain] o.s.o.j.p.SpringPersistenceUnitInfo      : No LoadTimeWeaver setup: ignoring JPA class transformer
2026-02-18T18:53:12.008+05:30  INFO 6760 --- [admin-service] [  restartedMain] com.zaxxer.hikari.HikariDataSource       : HikariPool-10 - Starting...
2026-02-18T18:53:12.085+05:30  INFO 6760 --- [admin-service] [  restartedMain] com.zaxxer.hikari.pool.HikariPool        : HikariPool-10 - Added connection com.mysql.cj.jdbc.ConnectionImpl@47c1665a
2026-02-18T18:53:12.085+05:30  INFO 6760 --- [admin-service] [  restartedMain] com.zaxxer.hikari.HikariDataSource       : HikariPool-10 - Start completed.
2026-02-18T18:53:12.229+05:30  INFO 6760 --- [admin-service] [  restartedMain] o.h.e.t.j.p.i.JtaPlatformInitiator       : HHH000489: No JTA platform available (set 'hibernate.transaction.jta.platform' to enable JTA platform integration)
2026-02-18T18:53:12.411+05:30  INFO 6760 --- [admin-service] [  restartedMain] j.LocalContainerEntityManagerFactoryBean : Initialized JPA EntityManagerFactory for persistence unit 'default'
2026-02-18T18:53:12.439+05:30  WARN 6760 --- [admin-service] [  restartedMain] ConfigServletWebServerApplicationContext : Exception encountered during context initialization - cancelling refresh attempt: org.springframework.beans.factory.BeanCreationException: Error creating bean with name 'productCategoryRestController': Lookup method resolution failed
2026-02-18T18:53:12.439+05:30  INFO 6760 --- [admin-service] [  restartedMain] j.LocalContainerEntityManagerFactoryBean : Closing JPA EntityManagerFactory for persistence unit 'default'
2026-02-18T18:53:12.439+05:30  INFO 6760 --- [admin-service] [  restartedMain] com.zaxxer.hikari.HikariDataSource       : HikariPool-10 - Shutdown initiated...
2026-02-18T18:53:12.512+05:30  INFO 6760 --- [admin-service] [  restartedMain] com.zaxxer.hikari.HikariDataSource       : HikariPool-10 - Shutdown completed.
2026-02-18T18:53:12.514+05:30  INFO 6760 --- [admin-service] [  restartedMain] o.apache.catalina.core.StandardService   : Stopping service [Tomcat]
2026-02-18T18:53:12.545+05:30  INFO 6760 --- [admin-service] [  restartedMain] .s.b.a.l.ConditionEvaluationReportLogger : 

Error starting ApplicationContext. To display the condition evaluation report re-run your application with 'debug' enabled.
2026-02-18T18:53:12.558+05:30 ERROR 6760 --- [admin-service] [  restartedMain] o.s.boot.SpringApplication               : Application run failed

org.springframework.beans.factory.BeanCreationException: Error creating bean with name 'productCategoryRestController': Lookup method resolution failed
	at org.springframework.beans.factory.annotation.AutowiredAnnotationBeanPostProcessor.checkLookupMethods(AutowiredAnnotationBeanPostProcessor.java:497) ~[spring-beans-6.1.2.jar:6.1.2]
	at org.springframework.beans.factory.annotation.AutowiredAnnotationBeanPostProcessor.determineCandidateConstructors(AutowiredAnnotationBeanPostProcessor.java:367) ~[spring-beans-6.1.2.jar:6.1.2]
	at org.springframework.beans.factory.support.AbstractAutowireCapableBeanFactory.determineConstructorsFromBeanPostProcessors(AbstractAutowireCapableBeanFactory.java:1293) ~[spring-beans-6.1.2.jar:6.1.2]
	at org.springframework.beans.factory.support.AbstractAutowireCapableBeanFactory.createBeanInstance(AbstractAutowireCapableBeanFactory.java:1188) ~[spring-beans-6.1.2.jar:6.1.2]
	at org.springframework.beans.factory.support.AbstractAutowireCapableBeanFactory.doCreateBean(AbstractAutowireCapableBeanFactory.java:561) ~[spring-beans-6.1.2.jar:6.1.2]
	at org.springframework.beans.factory.support.AbstractAutowireCapableBeanFactory.createBean(AbstractAutowireCapableBeanFactory.java:521) ~[spring-beans-6.1.2.jar:6.1.2]
	at org.springframework.beans.factory.support.AbstractBeanFactory.lambda$doGetBean$0(AbstractBeanFactory.java:325) ~[spring-beans-6.1.2.jar:6.1.2]
	at org.springframework.beans.factory.support.DefaultSingletonBeanRegistry.getSingleton(DefaultSingletonBeanRegistry.java:234) ~[spring-beans-6.1.2.jar:6.1.2]
	at org.springframework.beans.factory.support.AbstractBeanFactory.doGetBean(AbstractBeanFactory.java:323) ~[spring-beans-6.1.2.jar:6.1.2]
	at org.springframework.beans.factory.support.AbstractBeanFactory.getBean(AbstractBeanFactory.java:199) ~[spring-beans-6.1.2.jar:6.1.2]
	at org.springframework.beans.factory.support.DefaultListableBeanFactory.preInstantiateSingletons(DefaultListableBeanFactory.java:975) ~[spring-beans-6.1.2.jar:6.1.2]
	at org.springframework.context.support.AbstractApplicationContext.finishBeanFactoryInitialization(AbstractApplicationContext.java:960) ~[spring-context-6.1.2.jar:6.1.2]
	at org.springframework.context.support.AbstractApplicationContext.refresh(AbstractApplicationContext.java:625) ~[spring-context-6.1.2.jar:6.1.2]
	at org.springframework.boot.web.servlet.context.ServletWebServerApplicationContext.refresh(ServletWebServerApplicationContext.java:146) ~[spring-boot-3.2.1.jar:3.2.1]
	at org.springframework.boot.SpringApplication.refresh(SpringApplication.java:762) ~[spring-boot-3.2.1.jar:3.2.1]
	at org.springframework.boot.SpringApplication.refreshContext(SpringApplication.java:464) ~[spring-boot-3.2.1.jar:3.2.1]
	at org.springframework.boot.SpringApplication.run(SpringApplication.java:334) ~[spring-boot-3.2.1.jar:3.2.1]
	at org.springframework.boot.SpringApplication.run(SpringApplication.java:1358) ~[spring-boot-3.2.1.jar:3.2.1]
	at org.springframework.boot.SpringApplication.run(SpringApplication.java:1347) ~[spring-boot-3.2.1.jar:3.2.1]
	at com.rv.admin.AdminApplication.main(AdminApplication.java:14) ~[classes/:na]
	at java.base/jdk.internal.reflect.NativeMethodAccessorImpl.invoke0(Native Method) ~[na:na]
	at java.base/jdk.internal.reflect.NativeMethodAccessorImpl.invoke(NativeMethodAccessorImpl.java:77) ~[na:na]
	at java.base/jdk.internal.reflect.DelegatingMethodAccessorImpl.invoke(DelegatingMethodAccessorImpl.java:43) ~[na:na]
	at java.base/java.lang.reflect.Method.invoke(Method.java:568) ~[na:na]
	at org.springframework.boot.devtools.restart.RestartLauncher.run(RestartLauncher.java:50) ~[spring-boot-devtools-3.2.1.jar:3.2.1]
Caused by: java.lang.IllegalStateException: Failed to introspect Class [com.rv.admin.controller.ProductCategoryRestController] from ClassLoader [org.springframework.boot.devtools.restart.classloader.RestartClassLoader@7e6708e8]
	at org.springframework.util.ReflectionUtils.getDeclaredMethods(ReflectionUtils.java:483) ~[spring-core-6.1.2.jar:6.1.2]
	at org.springframework.util.ReflectionUtils.doWithLocalMethods(ReflectionUtils.java:320) ~[spring-core-6.1.2.jar:6.1.2]
	at org.springframework.beans.factory.annotation.AutowiredAnnotationBeanPostProcessor.checkLookupMethods(AutowiredAnnotationBeanPostProcessor.java:475) ~[spring-beans-6.1.2.jar:6.1.2]
	... 24 common frames omitted
Caused by: java.lang.NoClassDefFoundError: ProductCategoryDto
	at java.base/java.lang.Class.getDeclaredMethods0(Native Method) ~[na:na]
	at java.base/java.lang.Class.privateGetDeclaredMethods(Class.java:3402) ~[na:na]
	at java.base/java.lang.Class.getDeclaredMethods(Class.java:2504) ~[na:na]
	at org.springframework.util.ReflectionUtils.getDeclaredMethods(ReflectionUtils.java:465) ~[spring-core-6.1.2.jar:6.1.2]
	... 26 common frames omitted
Caused by: java.lang.ClassNotFoundException: ProductCategoryDto
	at java.base/jdk.internal.loader.BuiltinClassLoader.loadClass(BuiltinClassLoader.java:641) ~[na:na]
	at java.base/jdk.internal.loader.ClassLoaders$AppClassLoader.loadClass(ClassLoaders.java:188) ~[na:na]
	at java.base/java.lang.ClassLoader.loadClass(ClassLoader.java:520) ~[na:na]
	at java.base/java.lang.Class.forName0(Native Method) ~[na:na]
	at java.base/java.lang.Class.forName(Class.java:467) ~[na:na]
	at org.springframework.boot.devtools.restart.classloader.RestartClassLoader.loadClass(RestartClassLoader.java:121) ~[spring-boot-devtools-3.2.1.jar:3.2.1]
	at java.base/java.lang.ClassLoader.loadClass(ClassLoader.java:520) ~[na:na]
	... 30 common frames omitted


  .   ____          _            __ _ _
 /\\ / ___'_ __ _ _(_)_ __  __ _ \ \ \ \
( ( )\___ | '_ | '_| | '_ \/ _` | \ \ \ \
 \\/  ___)| |_)| | | | | || (_| |  ) ) ) )
  '  |____| .__|_| |_|_| |_\__, | / / / /
 =========|_|==============|___/=/_/_/_/
 :: Spring Boot ::                (v3.2.1)

2026-02-18T18:53:30.312+05:30  INFO 6760 --- [admin-service] [  restartedMain] com.rv.admin.AdminApplication            : Starting AdminApplication using Java 17.0.10 with PID 6760 (C:\Users\Rajat\Desktop\Retail Microservices\SwiftCart\admin-service\target\classes started by Rajat in C:\Users\Rajat\Desktop\Retail Microservices\SwiftCart\admin-service)
2026-02-18T18:53:30.314+05:30  INFO 6760 --- [admin-service] [  restartedMain] com.rv.admin.AdminApplication            : No active profile set, falling back to 1 default profile: "default"
2026-02-18T18:53:31.066+05:30  INFO 6760 --- [admin-service] [  restartedMain] .s.d.r.c.RepositoryConfigurationDelegate : Bootstrapping Spring Data JPA repositories in DEFAULT mode.
2026-02-18T18:53:31.120+05:30  INFO 6760 --- [admin-service] [  restartedMain] .s.d.r.c.RepositoryConfigurationDelegate : Finished Spring Data repository scanning in 41 ms. Found 4 JPA repository interfaces.
2026-02-18T18:53:31.351+05:30  INFO 6760 --- [admin-service] [  restartedMain] o.s.cloud.context.scope.GenericScope     : BeanFactory id=da755679-1d3d-356a-9f70-37c1cfaa84a0
2026-02-18T18:53:31.442+05:30  WARN 6760 --- [admin-service] [  restartedMain] trationDelegate$BeanPostProcessorChecker : Bean 'org.springframework.cloud.client.loadbalancer.LoadBalancerAutoConfiguration$LoadBalancerInterceptorConfig' of type [org.springframework.cloud.client.loadbalancer.LoadBalancerAutoConfiguration$LoadBalancerInterceptorConfig] is not eligible for getting processed by all BeanPostProcessors (for example: not eligible for auto-proxying). The currently created BeanPostProcessor [lbRestClientPostProcessor] is declared through a non-static factory method on that class; consider declaring it as static instead.
2026-02-18T18:53:31.450+05:30  WARN 6760 --- [admin-service] [  restartedMain] trationDelegate$BeanPostProcessorChecker : Bean 'org.springframework.cloud.loadbalancer.config.BlockingLoadBalancerClientAutoConfiguration' of type [org.springframework.cloud.loadbalancer.config.BlockingLoadBalancerClientAutoConfiguration] is not eligible for getting processed by all BeanPostProcessors (for example: not eligible for auto-proxying). Is this bean getting eagerly injected into a currently created BeanPostProcessor [lbRestClientPostProcessor]? Check the corresponding BeanPostProcessor declaration and its dependencies.
2026-02-18T18:53:31.454+05:30  WARN 6760 --- [admin-service] [  restartedMain] trationDelegate$BeanPostProcessorChecker : Bean 'org.springframework.cloud.loadbalancer.config.LoadBalancerAutoConfiguration' of type [org.springframework.cloud.loadbalancer.config.LoadBalancerAutoConfiguration] is not eligible for getting processed by all BeanPostProcessors (for example: not eligible for auto-proxying). Is this bean getting eagerly injected into a currently created BeanPostProcessor [lbRestClientPostProcessor]? Check the corresponding BeanPostProcessor declaration and its dependencies.
2026-02-18T18:53:31.460+05:30  WARN 6760 --- [admin-service] [  restartedMain] trationDelegate$BeanPostProcessorChecker : Bean 'org.springframework.cloud.commons.config.CommonsConfigAutoConfiguration' of type [org.springframework.cloud.commons.config.CommonsConfigAutoConfiguration] is not eligible for getting processed by all BeanPostProcessors (for example: not eligible for auto-proxying). Is this bean getting eagerly injected into a currently created BeanPostProcessor [lbRestClientPostProcessor]? Check the corresponding BeanPostProcessor declaration and its dependencies.
2026-02-18T18:53:31.464+05:30  WARN 6760 --- [admin-service] [  restartedMain] trationDelegate$BeanPostProcessorChecker : Bean 'org.springframework.cloud.client.loadbalancer.LoadBalancerDefaultMappingsProviderAutoConfiguration' of type [org.springframework.cloud.client.loadbalancer.LoadBalancerDefaultMappingsProviderAutoConfiguration] is not eligible for getting processed by all BeanPostProcessors (for example: not eligible for auto-proxying). Is this bean getting eagerly injected into a currently created BeanPostProcessor [lbRestClientPostProcessor]? Check the corresponding BeanPostProcessor declaration and its dependencies.
2026-02-18T18:53:31.465+05:30  WARN 6760 --- [admin-service] [  restartedMain] trationDelegate$BeanPostProcessorChecker : Bean 'loadBalancerClientsDefaultsMappingsProvider' of type [org.springframework.cloud.client.loadbalancer.LoadBalancerDefaultMappingsProviderAutoConfiguration$$Lambda$612/0x00000233c93ce9c8] is not eligible for getting processed by all BeanPostProcessors (for example: not eligible for auto-proxying). Is this bean getting eagerly injected into a currently created BeanPostProcessor [lbRestClientPostProcessor]? Check the corresponding BeanPostProcessor declaration and its dependencies.
2026-02-18T18:53:31.467+05:30  WARN 6760 --- [admin-service] [  restartedMain] trationDelegate$BeanPostProcessorChecker : Bean 'defaultsBindHandlerAdvisor' of type [org.springframework.cloud.commons.config.DefaultsBindHandlerAdvisor] is not eligible for getting processed by all BeanPostProcessors (for example: not eligible for auto-proxying). Is this bean getting eagerly injected into a currently created BeanPostProcessor [lbRestClientPostProcessor]? Check the corresponding BeanPostProcessor declaration and its dependencies.
2026-02-18T18:53:31.478+05:30  WARN 6760 --- [admin-service] [  restartedMain] trationDelegate$BeanPostProcessorChecker : Bean 'spring.cloud.loadbalancer-org.springframework.cloud.client.loadbalancer.LoadBalancerClientsProperties' of type [org.springframework.cloud.client.loadbalancer.LoadBalancerClientsProperties] is not eligible for getting processed by all BeanPostProcessors (for example: not eligible for auto-proxying). Is this bean getting eagerly injected into a currently created BeanPostProcessor [lbRestClientPostProcessor]? Check the corresponding BeanPostProcessor declaration and its dependencies.
2026-02-18T18:53:31.483+05:30  WARN 6760 --- [admin-service] [  restartedMain] trationDelegate$BeanPostProcessorChecker : Bean 'default.org.springframework.cloud.loadbalancer.config.LoadBalancerAutoConfiguration.LoadBalancerClientSpecification' of type [org.springframework.cloud.loadbalancer.annotation.LoadBalancerClientSpecification] is not eligible for getting processed by all BeanPostProcessors (for example: not eligible for auto-proxying). Is this bean getting eagerly injected into a currently created BeanPostProcessor [lbRestClientPostProcessor]? Check the corresponding BeanPostProcessor declaration and its dependencies.
2026-02-18T18:53:31.487+05:30  WARN 6760 --- [admin-service] [  restartedMain] trationDelegate$BeanPostProcessorChecker : Bean 'default.org.springframework.cloud.loadbalancer.config.BlockingLoadBalancerClientAutoConfiguration.LoadBalancerClientSpecification' of type [org.springframework.cloud.loadbalancer.annotation.LoadBalancerClientSpecification] is not eligible for getting processed by all BeanPostProcessors (for example: not eligible for auto-proxying). Is this bean getting eagerly injected into a currently created BeanPostProcessor [lbRestClientPostProcessor]? Check the corresponding BeanPostProcessor declaration and its dependencies.
2026-02-18T18:53:31.488+05:30  WARN 6760 --- [admin-service] [  restartedMain] trationDelegate$BeanPostProcessorChecker : Bean 'default.org.springframework.cloud.netflix.eureka.loadbalancer.LoadBalancerEurekaAutoConfiguration.LoadBalancerClientSpecification' of type [org.springframework.cloud.loadbalancer.annotation.LoadBalancerClientSpecification] is not eligible for getting processed by all BeanPostProcessors (for example: not eligible for auto-proxying). Is this bean getting eagerly injected into a currently created BeanPostProcessor [lbRestClientPostProcessor]? Check the corresponding BeanPostProcessor declaration and its dependencies.
2026-02-18T18:53:31.490+05:30  WARN 6760 --- [admin-service] [  restartedMain] trationDelegate$BeanPostProcessorChecker : Bean 'loadBalancerClientFactory' of type [org.springframework.cloud.loadbalancer.support.LoadBalancerClientFactory] is not eligible for getting processed by all BeanPostProcessors (for example: not eligible for auto-proxying). Is this bean getting eagerly injected into a currently created BeanPostProcessor [lbRestClientPostProcessor]? Check the corresponding BeanPostProcessor declaration and its dependencies.
2026-02-18T18:53:31.490+05:30  WARN 6760 --- [admin-service] [  restartedMain] trationDelegate$BeanPostProcessorChecker : Bean 'blockingLoadBalancerClient' of type [org.springframework.cloud.loadbalancer.blocking.client.BlockingLoadBalancerClient] is not eligible for getting processed by all BeanPostProcessors (for example: not eligible for auto-proxying). Is this bean getting eagerly injected into a currently created BeanPostProcessor [lbRestClientPostProcessor]? Check the corresponding BeanPostProcessor declaration and its dependencies.
2026-02-18T18:53:31.505+05:30  WARN 6760 --- [admin-service] [  restartedMain] trationDelegate$BeanPostProcessorChecker : Bean 'loadBalancerServiceInstanceCookieTransformer' of type [org.springframework.cloud.loadbalancer.core.LoadBalancerServiceInstanceCookieTransformer] is not eligible for getting processed by all BeanPostProcessors (for example: not eligible for auto-proxying). Is this bean getting eagerly injected into a currently created BeanPostProcessor [lbRestClientPostProcessor]? Check the corresponding BeanPostProcessor declaration and its dependencies.
2026-02-18T18:53:31.505+05:30  WARN 6760 --- [admin-service] [  restartedMain] trationDelegate$BeanPostProcessorChecker : Bean 'xForwarderHeadersTransformer' of type [org.springframework.cloud.loadbalancer.blocking.XForwardedHeadersTransformer] is not eligible for getting processed by all BeanPostProcessors (for example: not eligible for auto-proxying). Is this bean getting eagerly injected into a currently created BeanPostProcessor [lbRestClientPostProcessor]? Check the corresponding BeanPostProcessor declaration and its dependencies.
2026-02-18T18:53:31.505+05:30  WARN 6760 --- [admin-service] [  restartedMain] trationDelegate$BeanPostProcessorChecker : Bean 'org.springframework.cloud.client.loadbalancer.LoadBalancerAutoConfiguration' of type [org.springframework.cloud.client.loadbalancer.LoadBalancerAutoConfiguration] is not eligible for getting processed by all BeanPostProcessors (for example: not eligible for auto-proxying). Is this bean getting eagerly injected into a currently created BeanPostProcessor [lbRestClientPostProcessor]? Check the corresponding BeanPostProcessor declaration and its dependencies.
2026-02-18T18:53:31.511+05:30  WARN 6760 --- [admin-service] [  restartedMain] trationDelegate$BeanPostProcessorChecker : Bean 'loadBalancerRequestFactory' of type [org.springframework.cloud.client.loadbalancer.LoadBalancerRequestFactory] is not eligible for getting processed by all BeanPostProcessors (for example: not eligible for auto-proxying). Is this bean getting eagerly injected into a currently created BeanPostProcessor [lbRestClientPostProcessor]? Check the corresponding BeanPostProcessor declaration and its dependencies.
2026-02-18T18:53:31.512+05:30  WARN 6760 --- [admin-service] [  restartedMain] trationDelegate$BeanPostProcessorChecker : Bean 'loadBalancerInterceptor' of type [org.springframework.cloud.client.loadbalancer.LoadBalancerInterceptor] is not eligible for getting processed by all BeanPostProcessors (for example: not eligible for auto-proxying). Is this bean getting eagerly injected into a currently created BeanPostProcessor [lbRestClientPostProcessor]? Check the corresponding BeanPostProcessor declaration and its dependencies.
2026-02-18T18:53:31.689+05:30  INFO 6760 --- [admin-service] [  restartedMain] o.s.b.w.embedded.tomcat.TomcatWebServer  : Tomcat initialized with port 8022 (http)
2026-02-18T18:53:31.689+05:30  INFO 6760 --- [admin-service] [  restartedMain] o.apache.catalina.core.StandardService   : Starting service [Tomcat]
2026-02-18T18:53:31.689+05:30  INFO 6760 --- [admin-service] [  restartedMain] o.apache.catalina.core.StandardEngine    : Starting Servlet engine: [Apache Tomcat/10.1.17]
2026-02-18T18:53:32.268+05:30  INFO 6760 --- [admin-service] [  restartedMain] o.a.c.c.C.[Tomcat-9].[localhost].[/]     : Initializing Spring embedded WebApplicationContext
2026-02-18T18:53:32.268+05:30  INFO 6760 --- [admin-service] [  restartedMain] w.s.c.ServletWebServerApplicationContext : Root WebApplicationContext: initialization completed in 1948 ms
2026-02-18T18:53:32.439+05:30  INFO 6760 --- [admin-service] [  restartedMain] o.hibernate.jpa.internal.util.LogHelper  : HHH000204: Processing PersistenceUnitInfo [name: default]
2026-02-18T18:53:32.460+05:30  INFO 6760 --- [admin-service] [  restartedMain] o.h.c.internal.RegionFactoryInitiator    : HHH000026: Second-level cache disabled
2026-02-18T18:53:32.466+05:30  INFO 6760 --- [admin-service] [  restartedMain] o.s.o.j.p.SpringPersistenceUnitInfo      : No LoadTimeWeaver setup: ignoring JPA class transformer
2026-02-18T18:53:32.473+05:30  INFO 6760 --- [admin-service] [  restartedMain] com.zaxxer.hikari.HikariDataSource       : HikariPool-11 - Starting...
2026-02-18T18:53:32.502+05:30  INFO 6760 --- [admin-service] [  restartedMain] com.zaxxer.hikari.pool.HikariPool        : HikariPool-11 - Added connection com.mysql.cj.jdbc.ConnectionImpl@4cc86d4a
2026-02-18T18:53:32.505+05:30  INFO 6760 --- [admin-service] [  restartedMain] com.zaxxer.hikari.HikariDataSource       : HikariPool-11 - Start completed.
2026-02-18T18:53:32.596+05:30  INFO 6760 --- [admin-service] [  restartedMain] o.h.e.t.j.p.i.JtaPlatformInitiator       : HHH000489: No JTA platform available (set 'hibernate.transaction.jta.platform' to enable JTA platform integration)
2026-02-18T18:53:32.831+05:30  INFO 6760 --- [admin-service] [  restartedMain] j.LocalContainerEntityManagerFactoryBean : Initialized JPA EntityManagerFactory for persistence unit 'default'
2026-02-18T18:53:32.854+05:30  WARN 6760 --- [admin-service] [  restartedMain] ConfigServletWebServerApplicationContext : Exception encountered during context initialization - cancelling refresh attempt: org.springframework.beans.factory.BeanCreationException: Error creating bean with name 'productCategoryRestController': Lookup method resolution failed
2026-02-18T18:53:32.854+05:30  INFO 6760 --- [admin-service] [  restartedMain] j.LocalContainerEntityManagerFactoryBean : Closing JPA EntityManagerFactory for persistence unit 'default'
2026-02-18T18:53:32.856+05:30  INFO 6760 --- [admin-service] [  restartedMain] com.zaxxer.hikari.HikariDataSource       : HikariPool-11 - Shutdown initiated...
2026-02-18T18:53:32.896+05:30  INFO 6760 --- [admin-service] [  restartedMain] com.zaxxer.hikari.HikariDataSource       : HikariPool-11 - Shutdown completed.
2026-02-18T18:53:32.896+05:30  INFO 6760 --- [admin-service] [  restartedMain] o.apache.catalina.core.StandardService   : Stopping service [Tomcat]
2026-02-18T18:53:32.912+05:30  INFO 6760 --- [admin-service] [  restartedMain] .s.b.a.l.ConditionEvaluationReportLogger : 

Error starting ApplicationContext. To display the condition evaluation report re-run your application with 'debug' enabled.
2026-02-18T18:53:32.920+05:30 ERROR 6760 --- [admin-service] [  restartedMain] o.s.boot.SpringApplication               : Application run failed

org.springframework.beans.factory.BeanCreationException: Error creating bean with name 'productCategoryRestController': Lookup method resolution failed
	at org.springframework.beans.factory.annotation.AutowiredAnnotationBeanPostProcessor.checkLookupMethods(AutowiredAnnotationBeanPostProcessor.java:497) ~[spring-beans-6.1.2.jar:6.1.2]
	at org.springframework.beans.factory.annotation.AutowiredAnnotationBeanPostProcessor.determineCandidateConstructors(AutowiredAnnotationBeanPostProcessor.java:367) ~[spring-beans-6.1.2.jar:6.1.2]
	at org.springframework.beans.factory.support.AbstractAutowireCapableBeanFactory.determineConstructorsFromBeanPostProcessors(AbstractAutowireCapableBeanFactory.java:1293) ~[spring-beans-6.1.2.jar:6.1.2]
	at org.springframework.beans.factory.support.AbstractAutowireCapableBeanFactory.createBeanInstance(AbstractAutowireCapableBeanFactory.java:1188) ~[spring-beans-6.1.2.jar:6.1.2]
	at org.springframework.beans.factory.support.AbstractAutowireCapableBeanFactory.doCreateBean(AbstractAutowireCapableBeanFactory.java:561) ~[spring-beans-6.1.2.jar:6.1.2]
	at org.springframework.beans.factory.support.AbstractAutowireCapableBeanFactory.createBean(AbstractAutowireCapableBeanFactory.java:521) ~[spring-beans-6.1.2.jar:6.1.2]
	at org.springframework.beans.factory.support.AbstractBeanFactory.lambda$doGetBean$0(AbstractBeanFactory.java:325) ~[spring-beans-6.1.2.jar:6.1.2]
	at org.springframework.beans.factory.support.DefaultSingletonBeanRegistry.getSingleton(DefaultSingletonBeanRegistry.java:234) ~[spring-beans-6.1.2.jar:6.1.2]
	at org.springframework.beans.factory.support.AbstractBeanFactory.doGetBean(AbstractBeanFactory.java:323) ~[spring-beans-6.1.2.jar:6.1.2]
	at org.springframework.beans.factory.support.AbstractBeanFactory.getBean(AbstractBeanFactory.java:199) ~[spring-beans-6.1.2.jar:6.1.2]
	at org.springframework.beans.factory.support.DefaultListableBeanFactory.preInstantiateSingletons(DefaultListableBeanFactory.java:975) ~[spring-beans-6.1.2.jar:6.1.2]
	at org.springframework.context.support.AbstractApplicationContext.finishBeanFactoryInitialization(AbstractApplicationContext.java:960) ~[spring-context-6.1.2.jar:6.1.2]
	at org.springframework.context.support.AbstractApplicationContext.refresh(AbstractApplicationContext.java:625) ~[spring-context-6.1.2.jar:6.1.2]
	at org.springframework.boot.web.servlet.context.ServletWebServerApplicationContext.refresh(ServletWebServerApplicationContext.java:146) ~[spring-boot-3.2.1.jar:3.2.1]
	at org.springframework.boot.SpringApplication.refresh(SpringApplication.java:762) ~[spring-boot-3.2.1.jar:3.2.1]
	at org.springframework.boot.SpringApplication.refreshContext(SpringApplication.java:464) ~[spring-boot-3.2.1.jar:3.2.1]
	at org.springframework.boot.SpringApplication.run(SpringApplication.java:334) ~[spring-boot-3.2.1.jar:3.2.1]
	at org.springframework.boot.SpringApplication.run(SpringApplication.java:1358) ~[spring-boot-3.2.1.jar:3.2.1]
	at org.springframework.boot.SpringApplication.run(SpringApplication.java:1347) ~[spring-boot-3.2.1.jar:3.2.1]
	at com.rv.admin.AdminApplication.main(AdminApplication.java:14) ~[classes/:na]
	at java.base/jdk.internal.reflect.NativeMethodAccessorImpl.invoke0(Native Method) ~[na:na]
	at java.base/jdk.internal.reflect.NativeMethodAccessorImpl.invoke(NativeMethodAccessorImpl.java:77) ~[na:na]
	at java.base/jdk.internal.reflect.DelegatingMethodAccessorImpl.invoke(DelegatingMethodAccessorImpl.java:43) ~[na:na]
	at java.base/java.lang.reflect.Method.invoke(Method.java:568) ~[na:na]
	at org.springframework.boot.devtools.restart.RestartLauncher.run(RestartLauncher.java:50) ~[spring-boot-devtools-3.2.1.jar:3.2.1]
Caused by: java.lang.IllegalStateException: Failed to introspect Class [com.rv.admin.controller.ProductCategoryRestController] from ClassLoader [org.springframework.boot.devtools.restart.classloader.RestartClassLoader@515c2c39]
	at org.springframework.util.ReflectionUtils.getDeclaredMethods(ReflectionUtils.java:483) ~[spring-core-6.1.2.jar:6.1.2]
	at org.springframework.util.ReflectionUtils.doWithLocalMethods(ReflectionUtils.java:320) ~[spring-core-6.1.2.jar:6.1.2]
	at org.springframework.beans.factory.annotation.AutowiredAnnotationBeanPostProcessor.checkLookupMethods(AutowiredAnnotationBeanPostProcessor.java:475) ~[spring-beans-6.1.2.jar:6.1.2]
	... 24 common frames omitted
Caused by: java.lang.NoClassDefFoundError: ProductCategoryDto
	at java.base/java.lang.Class.getDeclaredMethods0(Native Method) ~[na:na]
	at java.base/java.lang.Class.privateGetDeclaredMethods(Class.java:3402) ~[na:na]
	at java.base/java.lang.Class.getDeclaredMethods(Class.java:2504) ~[na:na]
	at org.springframework.util.ReflectionUtils.getDeclaredMethods(ReflectionUtils.java:465) ~[spring-core-6.1.2.jar:6.1.2]
	... 26 common frames omitted
Caused by: java.lang.ClassNotFoundException: ProductCategoryDto
	at java.base/jdk.internal.loader.BuiltinClassLoader.loadClass(BuiltinClassLoader.java:641) ~[na:na]
	at java.base/jdk.internal.loader.ClassLoaders$AppClassLoader.loadClass(ClassLoaders.java:188) ~[na:na]
	at java.base/java.lang.ClassLoader.loadClass(ClassLoader.java:520) ~[na:na]
	at java.base/java.lang.Class.forName0(Native Method) ~[na:na]
	at java.base/java.lang.Class.forName(Class.java:467) ~[na:na]
	at org.springframework.boot.devtools.restart.classloader.RestartClassLoader.loadClass(RestartClassLoader.java:121) ~[spring-boot-devtools-3.2.1.jar:3.2.1]
	at java.base/java.lang.ClassLoader.loadClass(ClassLoader.java:520) ~[na:na]
	... 30 common frames omitted

