Standard Commons Logging discovery in action with spring-jcl: please remove commons-logging.jar from classpath in order to avoid potential conflicts
Standard Commons Logging discovery in action with spring-jcl: please remove commons-logging.jar from classpath in order to avoid potential conflicts

  .   ____          _            __ _ _
 /\\ / ___'_ __ _ _(_)_ __  __ _ \ \ \ \
( ( )\___ | '_ | '_| | '_ \/ _` | \ \ \ \
 \\/  ___)| |_)| | | | | || (_| |  ) ) ) )
  '  |____| .__|_| |_|_| |_\__, | / / / /
 =========|_|==============|___/=/_/_/_/

 :: Spring Boot ::                (v3.3.4)

2026-02-18T11:25:13.941+05:30  INFO 14596 --- [retail-service-registry] [  restartedMain] c.r.r.RetailServiceRegistryApplication   : Starting RetailServiceRegistryApplication using Java 17.0.10 with PID 14596 (C:\Users\Rajat\Desktop\Retail Microservices\SwiftCart\service-registry\target\classes started by Rajat in C:\Users\Rajat\Desktop\Retail Microservices\SwiftCart\service-registry)
2026-02-18T11:25:13.967+05:30  INFO 14596 --- [retail-service-registry] [  restartedMain] c.r.r.RetailServiceRegistryApplication   : No active profile set, falling back to 1 default profile: "default"
2026-02-18T11:25:14.835+05:30  INFO 14596 --- [retail-service-registry] [  restartedMain] .e.DevToolsPropertyDefaultsPostProcessor : Devtools property defaults active! Set 'spring.devtools.add-properties' to 'false' to disable
2026-02-18T11:25:14.843+05:30  INFO 14596 --- [retail-service-registry] [  restartedMain] .e.DevToolsPropertyDefaultsPostProcessor : For additional web related logging consider setting the 'logging.level.web' property to 'DEBUG'
2026-02-18T11:25:22.532+05:30  INFO 14596 --- [retail-service-registry] [  restartedMain] o.s.cloud.context.scope.GenericScope     : BeanFactory id=3174dbf5-c63b-3588-a4fc-07b189f8ce9d
2026-02-18T11:25:28.264+05:30  INFO 14596 --- [retail-service-registry] [  restartedMain] o.s.b.w.embedded.tomcat.TomcatWebServer  : Tomcat initialized with port 8761 (http)
2026-02-18T11:25:28.520+05:30  INFO 14596 --- [retail-service-registry] [  restartedMain] o.apache.catalina.core.StandardService   : Starting service [Tomcat]
2026-02-18T11:25:28.536+05:30  INFO 14596 --- [retail-service-registry] [  restartedMain] o.apache.catalina.core.StandardEngine    : Starting Servlet engine: [Apache Tomcat/10.1.30]
2026-02-18T11:25:29.738+05:30  INFO 14596 --- [retail-service-registry] [  restartedMain] o.a.c.c.C.[Tomcat].[localhost].[/]       : Initializing Spring embedded WebApplicationContext
2026-02-18T11:25:29.754+05:30  INFO 14596 --- [retail-service-registry] [  restartedMain] w.s.c.ServletWebServerApplicationContext : Root WebApplicationContext: initialization completed in 14896 ms
Standard Commons Logging discovery in action with spring-jcl: please remove commons-logging.jar from classpath in order to avoid potential conflicts
2026-02-18T11:25:39.060+05:30  INFO 14596 --- [retail-service-registry] [  restartedMain] c.n.d.provider.DiscoveryJerseyProvider   : Using JSON encoding codec LegacyJacksonJson
2026-02-18T11:25:39.091+05:30  INFO 14596 --- [retail-service-registry] [  restartedMain] c.n.d.provider.DiscoveryJerseyProvider   : Using JSON decoding codec LegacyJacksonJson
2026-02-18T11:25:41.786+05:30  INFO 14596 --- [retail-service-registry] [  restartedMain] c.n.d.provider.DiscoveryJerseyProvider   : Using XML encoding codec XStreamXml
2026-02-18T11:25:41.786+05:30  INFO 14596 --- [retail-service-registry] [  restartedMain] c.n.d.provider.DiscoveryJerseyProvider   : Using XML decoding codec XStreamXml
2026-02-18T11:25:48.793+05:30  INFO 14596 --- [retail-service-registry] [  restartedMain] o.s.b.d.a.OptionalLiveReloadServer       : LiveReload server is running on port 35729
2026-02-18T11:25:50.891+05:30  WARN 14596 --- [retail-service-registry] [  restartedMain] iguration$LoadBalancerCaffeineWarnLogger : Spring Cloud LoadBalancer is currently working with the default cache. While this cache implementation is useful for development and tests, it's recommended to use Caffeine cache in production.You can switch to using Caffeine cache, by adding it and org.springframework.cache.caffeine.CaffeineCacheManager to the classpath.
2026-02-18T11:25:51.011+05:30  INFO 14596 --- [retail-service-registry] [  restartedMain] o.s.c.n.eureka.InstanceInfoFactory       : Setting initial instance status as: STARTING
2026-02-18T11:25:51.285+05:30  INFO 14596 --- [retail-service-registry] [  restartedMain] com.netflix.discovery.DiscoveryClient    : Initializing Eureka in region us-east-1
2026-02-18T11:25:51.434+05:30  INFO 14596 --- [retail-service-registry] [  restartedMain] c.n.d.provider.DiscoveryJerseyProvider   : Using JSON encoding codec LegacyJacksonJson
2026-02-18T11:25:51.436+05:30  INFO 14596 --- [retail-service-registry] [  restartedMain] c.n.d.provider.DiscoveryJerseyProvider   : Using JSON decoding codec LegacyJacksonJson
2026-02-18T11:25:51.438+05:30  INFO 14596 --- [retail-service-registry] [  restartedMain] c.n.d.provider.DiscoveryJerseyProvider   : Using XML encoding codec XStreamXml
2026-02-18T11:25:51.438+05:30  INFO 14596 --- [retail-service-registry] [  restartedMain] c.n.d.provider.DiscoveryJerseyProvider   : Using XML decoding codec XStreamXml
2026-02-18T11:25:51.513+05:30  INFO 14596 --- [retail-service-registry] [  restartedMain] c.n.d.s.r.aws.ConfigClusterResolver      : Resolving eureka endpoints via configuration
2026-02-18T11:25:51.589+05:30  INFO 14596 --- [retail-service-registry] [  restartedMain] com.netflix.discovery.DiscoveryClient    : Disable delta property : false
2026-02-18T11:25:51.595+05:30  INFO 14596 --- [retail-service-registry] [  restartedMain] com.netflix.discovery.DiscoveryClient    : Single vip registry refresh property : null
2026-02-18T11:25:51.597+05:30  INFO 14596 --- [retail-service-registry] [  restartedMain] com.netflix.discovery.DiscoveryClient    : Force full registry fetch : false
2026-02-18T11:25:51.597+05:30  INFO 14596 --- [retail-service-registry] [  restartedMain] com.netflix.discovery.DiscoveryClient    : Application is null : false
2026-02-18T11:25:51.597+05:30  INFO 14596 --- [retail-service-registry] [  restartedMain] com.netflix.discovery.DiscoveryClient    : Registered Applications size is zero : true
2026-02-18T11:25:51.599+05:30  INFO 14596 --- [retail-service-registry] [  restartedMain] com.netflix.discovery.DiscoveryClient    : Application version is -1: true
2026-02-18T11:25:51.601+05:30  INFO 14596 --- [retail-service-registry] [  restartedMain] com.netflix.discovery.DiscoveryClient    : Getting all instance registry info from the eureka server
2026-02-18T11:25:52.597+05:30  INFO 14596 --- [retail-service-registry] [  restartedMain] c.n.d.s.t.d.RedirectingEurekaHttpClient  : Request execution error. endpoint=DefaultEndpoint{ serviceUrl='http://localhost:8761/eureka/}, exception=java.net.ConnectException: Connection refused: no further information stacktrace=jakarta.ws.rs.ProcessingException: java.net.ConnectException: Connection refused: no further information
	at org.glassfish.jersey.client.internal.HttpUrlConnector.apply(HttpUrlConnector.java:288)
	at org.glassfish.jersey.client.ClientRuntime.invoke(ClientRuntime.java:300)
	at org.glassfish.jersey.client.JerseyInvocation.lambda$invoke$0(JerseyInvocation.java:674)
	at org.glassfish.jersey.client.JerseyInvocation.call(JerseyInvocation.java:709)
	at org.glassfish.jersey.client.JerseyInvocation.lambda$runInScope$3(JerseyInvocation.java:703)
	at org.glassfish.jersey.internal.Errors.process(Errors.java:292)
	at org.glassfish.jersey.internal.Errors.process(Errors.java:274)
	at org.glassfish.jersey.internal.Errors.process(Errors.java:205)
	at org.glassfish.jersey.process.internal.RequestScope.runInScope(RequestScope.java:391)
	at org.glassfish.jersey.client.JerseyInvocation.runInScope(JerseyInvocation.java:703)
	at org.glassfish.jersey.client.JerseyInvocation.invoke(JerseyInvocation.java:673)
	at org.glassfish.jersey.client.JerseyInvocation$Builder.method(JerseyInvocation.java:413)
	at org.glassfish.jersey.client.JerseyInvocation$Builder.get(JerseyInvocation.java:313)
	at com.netflix.discovery.shared.transport.jersey3.AbstractJersey3EurekaHttpClient.getApplicationsInternal(AbstractJersey3EurekaHttpClient.java:266)
	at com.netflix.discovery.shared.transport.jersey3.AbstractJersey3EurekaHttpClient.getApplications(AbstractJersey3EurekaHttpClient.java:213)
	at com.netflix.discovery.shared.transport.decorator.EurekaHttpClientDecorator$6.execute(EurekaHttpClientDecorator.java:137)
	at com.netflix.discovery.shared.transport.decorator.MetricsCollectingEurekaHttpClient.execute(MetricsCollectingEurekaHttpClient.java:70)
	at com.netflix.discovery.shared.transport.decorator.EurekaHttpClientDecorator.getApplications(EurekaHttpClientDecorator.java:134)
	at com.netflix.discovery.shared.transport.decorator.EurekaHttpClientDecorator$6.execute(EurekaHttpClientDecorator.java:137)
	at com.netflix.discovery.shared.transport.decorator.RedirectingEurekaHttpClient.executeOnNewServer(RedirectingEurekaHttpClient.java:121)
	at com.netflix.discovery.shared.transport.decorator.RedirectingEurekaHttpClient.execute(RedirectingEurekaHttpClient.java:80)
	at com.netflix.discovery.shared.transport.decorator.EurekaHttpClientDecorator.getApplications(EurekaHttpClientDecorator.java:134)
	at com.netflix.discovery.shared.transport.decorator.EurekaHttpClientDecorator$6.execute(EurekaHttpClientDecorator.java:137)
	at com.netflix.discovery.shared.transport.decorator.RetryableEurekaHttpClient.execute(RetryableEurekaHttpClient.java:120)
	at com.netflix.discovery.shared.transport.decorator.EurekaHttpClientDecorator.getApplications(EurekaHttpClientDecorator.java:134)
	at com.netflix.discovery.shared.transport.decorator.EurekaHttpClientDecorator$6.execute(EurekaHttpClientDecorator.java:137)
	at com.netflix.discovery.shared.transport.decorator.SessionedEurekaHttpClient.execute(SessionedEurekaHttpClient.java:76)
	at com.netflix.discovery.shared.transport.decorator.EurekaHttpClientDecorator.getApplications(EurekaHttpClientDecorator.java:134)
	at com.netflix.discovery.DiscoveryClient.getAndStoreFullRegistry(DiscoveryClient.java:1046)
	at com.netflix.discovery.DiscoveryClient.fetchRegistry(DiscoveryClient.java:961)
	at com.netflix.discovery.DiscoveryClient.<init>(DiscoveryClient.java:410)
	at com.netflix.discovery.DiscoveryClient.<init>(DiscoveryClient.java:245)
	at com.netflix.discovery.DiscoveryClient.<init>(DiscoveryClient.java:240)
	at org.springframework.cloud.netflix.eureka.CloudEurekaClient.<init>(CloudEurekaClient.java:68)
	at org.springframework.cloud.netflix.eureka.EurekaClientAutoConfiguration$RefreshableEurekaClientConfiguration.eurekaClient(EurekaClientAutoConfiguration.java:324)
	at java.base/jdk.internal.reflect.NativeMethodAccessorImpl.invoke0(Native Method)
	at java.base/jdk.internal.reflect.NativeMethodAccessorImpl.invoke(NativeMethodAccessorImpl.java:77)
	at java.base/jdk.internal.reflect.DelegatingMethodAccessorImpl.invoke(DelegatingMethodAccessorImpl.java:43)
	at java.base/java.lang.reflect.Method.invoke(Method.java:568)
	at org.springframework.beans.factory.support.SimpleInstantiationStrategy.instantiate(SimpleInstantiationStrategy.java:146)
	at org.springframework.beans.factory.support.ConstructorResolver.instantiate(ConstructorResolver.java:644)
	at org.springframework.beans.factory.support.ConstructorResolver.instantiateUsingFactoryMethod(ConstructorResolver.java:636)
	at org.springframework.beans.factory.support.AbstractAutowireCapableBeanFactory.instantiateUsingFactoryMethod(AbstractAutowireCapableBeanFactory.java:1355)
	at org.springframework.beans.factory.support.AbstractAutowireCapableBeanFactory.createBeanInstance(AbstractAutowireCapableBeanFactory.java:1185)
	at org.springframework.beans.factory.support.AbstractAutowireCapableBeanFactory.doCreateBean(AbstractAutowireCapableBeanFactory.java:562)
	at org.springframework.beans.factory.support.AbstractAutowireCapableBeanFactory.createBean(AbstractAutowireCapableBeanFactory.java:522)
	at org.springframework.beans.factory.support.AbstractBeanFactory.lambda$doGetBean$1(AbstractBeanFactory.java:376)
	at org.springframework.cloud.context.scope.GenericScope$BeanLifecycleWrapper.getBean(GenericScope.java:375)
	at org.springframework.cloud.context.scope.GenericScope.get(GenericScope.java:179)
	at org.springframework.beans.factory.support.AbstractBeanFactory.doGetBean(AbstractBeanFactory.java:373)
	at org.springframework.beans.factory.support.AbstractBeanFactory.getBean(AbstractBeanFactory.java:200)
	at org.springframework.aop.target.SimpleBeanTargetSource.getTarget(SimpleBeanTargetSource.java:35)
	at org.springframework.aop.framework.JdkDynamicAopProxy.invoke(JdkDynamicAopProxy.java:203)
	at jdk.proxy3/jdk.proxy3.$Proxy70.getApplications(Unknown Source)
	at org.springframework.cloud.netflix.eureka.server.EurekaServerAutoConfiguration.peerAwareInstanceRegistry(EurekaServerAutoConfiguration.java:240)
	at java.base/jdk.internal.reflect.NativeMethodAccessorImpl.invoke0(Native Method)
	at java.base/jdk.internal.reflect.NativeMethodAccessorImpl.invoke(NativeMethodAccessorImpl.java:77)
	at java.base/jdk.internal.reflect.DelegatingMethodAccessorImpl.invoke(DelegatingMethodAccessorImpl.java:43)
	at java.base/java.lang.reflect.Method.invoke(Method.java:568)
	at org.springframework.beans.factory.support.SimpleInstantiationStrategy.instantiate(SimpleInstantiationStrategy.java:146)
	at org.springframework.beans.factory.support.ConstructorResolver.instantiate(ConstructorResolver.java:644)
	at org.springframework.beans.factory.support.ConstructorResolver.instantiateUsingFactoryMethod(ConstructorResolver.java:636)
	at org.springframework.beans.factory.support.AbstractAutowireCapableBeanFactory.instantiateUsingFactoryMethod(AbstractAutowireCapableBeanFactory.java:1355)
	at org.springframework.beans.factory.support.AbstractAutowireCapableBeanFactory.createBeanInstance(AbstractAutowireCapableBeanFactory.java:1185)
	at org.springframework.beans.factory.support.AbstractAutowireCapableBeanFactory.doCreateBean(AbstractAutowireCapableBeanFactory.java:562)
	at org.springframework.beans.factory.support.AbstractAutowireCapableBeanFactory.createBean(AbstractAutowireCapableBeanFactory.java:522)
	at org.springframework.beans.factory.support.AbstractBeanFactory.lambda$doGetBean$0(AbstractBeanFactory.java:337)
	at org.springframework.beans.factory.support.DefaultSingletonBeanRegistry.getSingleton(DefaultSingletonBeanRegistry.java:234)
	at org.springframework.beans.factory.support.AbstractBeanFactory.doGetBean(AbstractBeanFactory.java:335)
	at org.springframework.beans.factory.support.AbstractBeanFactory.getBean(AbstractBeanFactory.java:200)
	at org.springframework.beans.factory.config.DependencyDescriptor.resolveCandidate(DependencyDescriptor.java:254)
	at org.springframework.beans.factory.support.DefaultListableBeanFactory.doResolveDependency(DefaultListableBeanFactory.java:1443)
	at org.springframework.beans.factory.support.DefaultListableBeanFactory.resolveDependency(DefaultListableBeanFactory.java:1353)
	at org.springframework.beans.factory.support.ConstructorResolver.resolveAutowiredArgument(ConstructorResolver.java:904)
	at org.springframework.beans.factory.support.ConstructorResolver.createArgumentArray(ConstructorResolver.java:782)
	at org.springframework.beans.factory.support.ConstructorResolver.instantiateUsingFactoryMethod(ConstructorResolver.java:542)
	at org.springframework.beans.factory.support.AbstractAutowireCapableBeanFactory.instantiateUsingFactoryMethod(AbstractAutowireCapableBeanFactory.java:1355)
	at org.springframework.beans.factory.support.AbstractAutowireCapableBeanFactory.createBeanInstance(AbstractAutowireCapableBeanFactory.java:1185)
	at org.springframework.beans.factory.support.AbstractAutowireCapableBeanFactory.doCreateBean(AbstractAutowireCapableBeanFactory.java:562)
	at org.springframework.beans.factory.support.AbstractAutowireCapableBeanFactory.createBean(AbstractAutowireCapableBeanFactory.java:522)
	at org.springframework.beans.factory.support.AbstractBeanFactory.lambda$doGetBean$0(AbstractBeanFactory.java:337)
	at org.springframework.beans.factory.support.DefaultSingletonBeanRegistry.getSingleton(DefaultSingletonBeanRegistry.java:234)
	at org.springframework.beans.factory.support.AbstractBeanFactory.doGetBean(AbstractBeanFactory.java:335)
	at org.springframework.beans.factory.support.AbstractBeanFactory.getBean(AbstractBeanFactory.java:200)
	at org.springframework.beans.factory.config.DependencyDescriptor.resolveCandidate(DependencyDescriptor.java:254)
	at org.springframework.beans.factory.support.DefaultListableBeanFactory.doResolveDependency(DefaultListableBeanFactory.java:1443)
	at org.springframework.beans.factory.support.DefaultListableBeanFactory.resolveDependency(DefaultListableBeanFactory.java:1353)
	at org.springframework.beans.factory.annotation.AutowiredAnnotationBeanPostProcessor$AutowiredFieldElement.resolveFieldValue(AutowiredAnnotationBeanPostProcessor.java:785)
	at org.springframework.beans.factory.annotation.AutowiredAnnotationBeanPostProcessor$AutowiredFieldElement.inject(AutowiredAnnotationBeanPostProcessor.java:768)
	at org.springframework.beans.factory.annotation.InjectionMetadata.inject(InjectionMetadata.java:145)
	at org.springframework.beans.factory.annotation.AutowiredAnnotationBeanPostProcessor.postProcessProperties(AutowiredAnnotationBeanPostProcessor.java:509)
	at org.springframework.beans.factory.support.AbstractAutowireCapableBeanFactory.populateBean(AbstractAutowireCapableBeanFactory.java:1439)
	at org.springframework.beans.factory.support.AbstractAutowireCapableBeanFactory.doCreateBean(AbstractAutowireCapableBeanFactory.java:599)
	at org.springframework.beans.factory.support.AbstractAutowireCapableBeanFactory.createBean(AbstractAutowireCapableBeanFactory.java:522)
	at org.springframework.beans.factory.support.AbstractBeanFactory.lambda$doGetBean$0(AbstractBeanFactory.java:337)
	at org.springframework.beans.factory.support.DefaultSingletonBeanRegistry.getSingleton(DefaultSingletonBeanRegistry.java:234)
	at org.springframework.beans.factory.support.AbstractBeanFactory.doGetBean(AbstractBeanFactory.java:335)
	at org.springframework.beans.factory.support.AbstractBeanFactory.getBean(AbstractBeanFactory.java:200)
	at org.springframework.beans.factory.support.DefaultListableBeanFactory.preInstantiateSingletons(DefaultListableBeanFactory.java:975)
	at org.springframework.context.support.AbstractApplicationContext.finishBeanFactoryInitialization(AbstractApplicationContext.java:971)
	at org.springframework.context.support.AbstractApplicationContext.refresh(AbstractApplicationContext.java:625)
	at org.springframework.boot.web.servlet.context.ServletWebServerApplicationContext.refresh(ServletWebServerApplicationContext.java:146)
	at org.springframework.boot.SpringApplication.refresh(SpringApplication.java:754)
	at org.springframework.boot.SpringApplication.refreshContext(SpringApplication.java:456)
	at org.springframework.boot.SpringApplication.run(SpringApplication.java:335)
	at org.springframework.boot.SpringApplication.run(SpringApplication.java:1363)
	at org.springframework.boot.SpringApplication.run(SpringApplication.java:1352)
	at com.rv.registry.RetailServiceRegistryApplication.main(RetailServiceRegistryApplication.java:12)
	at java.base/jdk.internal.reflect.NativeMethodAccessorImpl.invoke0(Native Method)
	at java.base/jdk.internal.reflect.NativeMethodAccessorImpl.invoke(NativeMethodAccessorImpl.java:77)
	at java.base/jdk.internal.reflect.DelegatingMethodAccessorImpl.invoke(DelegatingMethodAccessorImpl.java:43)
	at java.base/java.lang.reflect.Method.invoke(Method.java:568)
	at org.springframework.boot.devtools.restart.RestartLauncher.run(RestartLauncher.java:50)
Caused by: java.net.ConnectException: Connection refused: no further information
	at java.base/sun.nio.ch.Net.pollConnect(Native Method)
	at java.base/sun.nio.ch.Net.pollConnectNow(Net.java:672)
	at java.base/sun.nio.ch.NioSocketImpl.timedFinishConnect(NioSocketImpl.java:547)
	at java.base/sun.nio.ch.NioSocketImpl.connect(NioSocketImpl.java:602)
	at java.base/java.net.Socket.connect(Socket.java:633)
	at java.base/sun.net.NetworkClient.doConnect(NetworkClient.java:178)
	at java.base/sun.net.www.http.HttpClient.openServer(HttpClient.java:534)
	at java.base/sun.net.www.http.HttpClient.openServer(HttpClient.java:639)
	at java.base/sun.net.www.http.HttpClient.<init>(HttpClient.java:282)
	at java.base/sun.net.www.http.HttpClient.New(HttpClient.java:387)
	at java.base/sun.net.www.http.HttpClient.New(HttpClient.java:409)
	at java.base/sun.net.www.protocol.http.HttpURLConnection.getNewHttpClient(HttpURLConnection.java:1309)
	at java.base/sun.net.www.protocol.http.HttpURLConnection.plainConnect0(HttpURLConnection.java:1242)
	at java.base/sun.net.www.protocol.http.HttpURLConnection.plainConnect(HttpURLConnection.java:1128)
	at java.base/sun.net.www.protocol.http.HttpURLConnection.connect(HttpURLConnection.java:1057)
	at java.base/sun.net.www.protocol.http.HttpURLConnection.getInputStream0(HttpURLConnection.java:1665)
	at java.base/sun.net.www.protocol.http.HttpURLConnection.getInputStream(HttpURLConnection.java:1589)
	at java.base/java.net.HttpURLConnection.getResponseCode(HttpURLConnection.java:529)
	at org.glassfish.jersey.client.internal.HttpUrlConnector._apply(HttpUrlConnector.java:449)
	at org.glassfish.jersey.client.internal.HttpUrlConnector.apply(HttpUrlConnector.java:286)
	... 112 more

2026-02-18T11:25:52.611+05:30  WARN 14596 --- [retail-service-registry] [  restartedMain] c.n.d.s.t.d.RetryableEurekaHttpClient    : Request execution failed with message: java.net.ConnectException: Connection refused: no further information
2026-02-18T11:25:52.613+05:30  INFO 14596 --- [retail-service-registry] [  restartedMain] com.netflix.discovery.DiscoveryClient    : DiscoveryClient_RETAIL-SERVICE-REGISTRY/Rajat:retail-service-registry:8761 - was unable to refresh its cache! This periodic background refresh will be retried in 30 seconds. status = Cannot execute request on any known server stacktrace = com.netflix.discovery.shared.transport.TransportException: Cannot execute request on any known server
	at com.netflix.discovery.shared.transport.decorator.RetryableEurekaHttpClient.execute(RetryableEurekaHttpClient.java:112)
	at com.netflix.discovery.shared.transport.decorator.EurekaHttpClientDecorator.getApplications(EurekaHttpClientDecorator.java:134)
	at com.netflix.discovery.shared.transport.decorator.EurekaHttpClientDecorator$6.execute(EurekaHttpClientDecorator.java:137)
	at com.netflix.discovery.shared.transport.decorator.SessionedEurekaHttpClient.execute(SessionedEurekaHttpClient.java:76)
	at com.netflix.discovery.shared.transport.decorator.EurekaHttpClientDecorator.getApplications(EurekaHttpClientDecorator.java:134)
	at com.netflix.discovery.DiscoveryClient.getAndStoreFullRegistry(DiscoveryClient.java:1046)
	at com.netflix.discovery.DiscoveryClient.fetchRegistry(DiscoveryClient.java:961)
	at com.netflix.discovery.DiscoveryClient.<init>(DiscoveryClient.java:410)
	at com.netflix.discovery.DiscoveryClient.<init>(DiscoveryClient.java:245)
	at com.netflix.discovery.DiscoveryClient.<init>(DiscoveryClient.java:240)
	at org.springframework.cloud.netflix.eureka.CloudEurekaClient.<init>(CloudEurekaClient.java:68)
	at org.springframework.cloud.netflix.eureka.EurekaClientAutoConfiguration$RefreshableEurekaClientConfiguration.eurekaClient(EurekaClientAutoConfiguration.java:324)
	at java.base/jdk.internal.reflect.NativeMethodAccessorImpl.invoke0(Native Method)
	at java.base/jdk.internal.reflect.NativeMethodAccessorImpl.invoke(NativeMethodAccessorImpl.java:77)
	at java.base/jdk.internal.reflect.DelegatingMethodAccessorImpl.invoke(DelegatingMethodAccessorImpl.java:43)
	at java.base/java.lang.reflect.Method.invoke(Method.java:568)
	at org.springframework.beans.factory.support.SimpleInstantiationStrategy.instantiate(SimpleInstantiationStrategy.java:146)
	at org.springframework.beans.factory.support.ConstructorResolver.instantiate(ConstructorResolver.java:644)
	at org.springframework.beans.factory.support.ConstructorResolver.instantiateUsingFactoryMethod(ConstructorResolver.java:636)
	at org.springframework.beans.factory.support.AbstractAutowireCapableBeanFactory.instantiateUsingFactoryMethod(AbstractAutowireCapableBeanFactory.java:1355)
	at org.springframework.beans.factory.support.AbstractAutowireCapableBeanFactory.createBeanInstance(AbstractAutowireCapableBeanFactory.java:1185)
	at org.springframework.beans.factory.support.AbstractAutowireCapableBeanFactory.doCreateBean(AbstractAutowireCapableBeanFactory.java:562)
	at org.springframework.beans.factory.support.AbstractAutowireCapableBeanFactory.createBean(AbstractAutowireCapableBeanFactory.java:522)
	at org.springframework.beans.factory.support.AbstractBeanFactory.lambda$doGetBean$1(AbstractBeanFactory.java:376)
	at org.springframework.cloud.context.scope.GenericScope$BeanLifecycleWrapper.getBean(GenericScope.java:375)
	at org.springframework.cloud.context.scope.GenericScope.get(GenericScope.java:179)
	at org.springframework.beans.factory.support.AbstractBeanFactory.doGetBean(AbstractBeanFactory.java:373)
	at org.springframework.beans.factory.support.AbstractBeanFactory.getBean(AbstractBeanFactory.java:200)
	at org.springframework.aop.target.SimpleBeanTargetSource.getTarget(SimpleBeanTargetSource.java:35)
	at org.springframework.aop.framework.JdkDynamicAopProxy.invoke(JdkDynamicAopProxy.java:203)
	at jdk.proxy3/jdk.proxy3.$Proxy70.getApplications(Unknown Source)
	at org.springframework.cloud.netflix.eureka.server.EurekaServerAutoConfiguration.peerAwareInstanceRegistry(EurekaServerAutoConfiguration.java:240)
	at java.base/jdk.internal.reflect.NativeMethodAccessorImpl.invoke0(Native Method)
	at java.base/jdk.internal.reflect.NativeMethodAccessorImpl.invoke(NativeMethodAccessorImpl.java:77)
	at java.base/jdk.internal.reflect.DelegatingMethodAccessorImpl.invoke(DelegatingMethodAccessorImpl.java:43)
	at java.base/java.lang.reflect.Method.invoke(Method.java:568)
	at org.springframework.beans.factory.support.SimpleInstantiationStrategy.instantiate(SimpleInstantiationStrategy.java:146)
	at org.springframework.beans.factory.support.ConstructorResolver.instantiate(ConstructorResolver.java:644)
	at org.springframework.beans.factory.support.ConstructorResolver.instantiateUsingFactoryMethod(ConstructorResolver.java:636)
	at org.springframework.beans.factory.support.AbstractAutowireCapableBeanFactory.instantiateUsingFactoryMethod(AbstractAutowireCapableBeanFactory.java:1355)
	at org.springframework.beans.factory.support.AbstractAutowireCapableBeanFactory.createBeanInstance(AbstractAutowireCapableBeanFactory.java:1185)
	at org.springframework.beans.factory.support.AbstractAutowireCapableBeanFactory.doCreateBean(AbstractAutowireCapableBeanFactory.java:562)
	at org.springframework.beans.factory.support.AbstractAutowireCapableBeanFactory.createBean(AbstractAutowireCapableBeanFactory.java:522)
	at org.springframework.beans.factory.support.AbstractBeanFactory.lambda$doGetBean$0(AbstractBeanFactory.java:337)
	at org.springframework.beans.factory.support.DefaultSingletonBeanRegistry.getSingleton(DefaultSingletonBeanRegistry.java:234)
	at org.springframework.beans.factory.support.AbstractBeanFactory.doGetBean(AbstractBeanFactory.java:335)
	at org.springframework.beans.factory.support.AbstractBeanFactory.getBean(AbstractBeanFactory.java:200)
	at org.springframework.beans.factory.config.DependencyDescriptor.resolveCandidate(DependencyDescriptor.java:254)
	at org.springframework.beans.factory.support.DefaultListableBeanFactory.doResolveDependency(DefaultListableBeanFactory.java:1443)
	at org.springframework.beans.factory.support.DefaultListableBeanFactory.resolveDependency(DefaultListableBeanFactory.java:1353)
	at org.springframework.beans.factory.support.ConstructorResolver.resolveAutowiredArgument(ConstructorResolver.java:904)
	at org.springframework.beans.factory.support.ConstructorResolver.createArgumentArray(ConstructorResolver.java:782)
	at org.springframework.beans.factory.support.ConstructorResolver.instantiateUsingFactoryMethod(ConstructorResolver.java:542)
	at org.springframework.beans.factory.support.AbstractAutowireCapableBeanFactory.instantiateUsingFactoryMethod(AbstractAutowireCapableBeanFactory.java:1355)
	at org.springframework.beans.factory.support.AbstractAutowireCapableBeanFactory.createBeanInstance(AbstractAutowireCapableBeanFactory.java:1185)
	at org.springframework.beans.factory.support.AbstractAutowireCapableBeanFactory.doCreateBean(AbstractAutowireCapableBeanFactory.java:562)
	at org.springframework.beans.factory.support.AbstractAutowireCapableBeanFactory.createBean(AbstractAutowireCapableBeanFactory.java:522)
	at org.springframework.beans.factory.support.AbstractBeanFactory.lambda$doGetBean$0(AbstractBeanFactory.java:337)
	at org.springframework.beans.factory.support.DefaultSingletonBeanRegistry.getSingleton(DefaultSingletonBeanRegistry.java:234)
	at org.springframework.beans.factory.support.AbstractBeanFactory.doGetBean(AbstractBeanFactory.java:335)
	at org.springframework.beans.factory.support.AbstractBeanFactory.getBean(AbstractBeanFactory.java:200)
	at org.springframework.beans.factory.config.DependencyDescriptor.resolveCandidate(DependencyDescriptor.java:254)
	at org.springframework.beans.factory.support.DefaultListableBeanFactory.doResolveDependency(DefaultListableBeanFactory.java:1443)
	at org.springframework.beans.factory.support.DefaultListableBeanFactory.resolveDependency(DefaultListableBeanFactory.java:1353)
	at org.springframework.beans.factory.annotation.AutowiredAnnotationBeanPostProcessor$AutowiredFieldElement.resolveFieldValue(AutowiredAnnotationBeanPostProcessor.java:785)
	at org.springframework.beans.factory.annotation.AutowiredAnnotationBeanPostProcessor$AutowiredFieldElement.inject(AutowiredAnnotationBeanPostProcessor.java:768)
	at org.springframework.beans.factory.annotation.InjectionMetadata.inject(InjectionMetadata.java:145)
	at org.springframework.beans.factory.annotation.AutowiredAnnotationBeanPostProcessor.postProcessProperties(AutowiredAnnotationBeanPostProcessor.java:509)
	at org.springframework.beans.factory.support.AbstractAutowireCapableBeanFactory.populateBean(AbstractAutowireCapableBeanFactory.java:1439)
	at org.springframework.beans.factory.support.AbstractAutowireCapableBeanFactory.doCreateBean(AbstractAutowireCapableBeanFactory.java:599)
	at org.springframework.beans.factory.support.AbstractAutowireCapableBeanFactory.createBean(AbstractAutowireCapableBeanFactory.java:522)
	at org.springframework.beans.factory.support.AbstractBeanFactory.lambda$doGetBean$0(AbstractBeanFactory.java:337)
	at org.springframework.beans.factory.support.DefaultSingletonBeanRegistry.getSingleton(DefaultSingletonBeanRegistry.java:234)
	at org.springframework.beans.factory.support.AbstractBeanFactory.doGetBean(AbstractBeanFactory.java:335)
	at org.springframework.beans.factory.support.AbstractBeanFactory.getBean(AbstractBeanFactory.java:200)
	at org.springframework.beans.factory.support.DefaultListableBeanFactory.preInstantiateSingletons(DefaultListableBeanFactory.java:975)
	at org.springframework.context.support.AbstractApplicationContext.finishBeanFactoryInitialization(AbstractApplicationContext.java:971)
	at org.springframework.context.support.AbstractApplicationContext.refresh(AbstractApplicationContext.java:625)
	at org.springframework.boot.web.servlet.context.ServletWebServerApplicationContext.refresh(ServletWebServerApplicationContext.java:146)
	at org.springframework.boot.SpringApplication.refresh(SpringApplication.java:754)
	at org.springframework.boot.SpringApplication.refreshContext(SpringApplication.java:456)
	at org.springframework.boot.SpringApplication.run(SpringApplication.java:335)
	at org.springframework.boot.SpringApplication.run(SpringApplication.java:1363)
	at org.springframework.boot.SpringApplication.run(SpringApplication.java:1352)
	at com.rv.registry.RetailServiceRegistryApplication.main(RetailServiceRegistryApplication.java:12)
	at java.base/jdk.internal.reflect.NativeMethodAccessorImpl.invoke0(Native Method)
	at java.base/jdk.internal.reflect.NativeMethodAccessorImpl.invoke(NativeMethodAccessorImpl.java:77)
	at java.base/jdk.internal.reflect.DelegatingMethodAccessorImpl.invoke(DelegatingMethodAccessorImpl.java:43)
	at java.base/java.lang.reflect.Method.invoke(Method.java:568)
	at org.springframework.boot.devtools.restart.RestartLauncher.run(RestartLauncher.java:50)

2026-02-18T11:25:52.615+05:30  INFO 14596 --- [retail-service-registry] [  restartedMain] com.netflix.discovery.DiscoveryClient    : Initial registry fetch from primary servers failed
2026-02-18T11:25:52.616+05:30  WARN 14596 --- [retail-service-registry] [  restartedMain] com.netflix.discovery.DiscoveryClient    : Using default backup registry implementation which does not do anything.
2026-02-18T11:25:52.617+05:30  INFO 14596 --- [retail-service-registry] [  restartedMain] com.netflix.discovery.DiscoveryClient    : Initial registry fetch from backup servers failed
2026-02-18T11:25:52.622+05:30  INFO 14596 --- [retail-service-registry] [  restartedMain] com.netflix.discovery.DiscoveryClient    : Not registering with Eureka server per configuration
2026-02-18T11:25:52.633+05:30  INFO 14596 --- [retail-service-registry] [  restartedMain] com.netflix.discovery.DiscoveryClient    : Discovery Client initialized at timestamp 1771394152628 with initial instances count: 0
2026-02-18T11:25:53.067+05:30  INFO 14596 --- [retail-service-registry] [  restartedMain] c.n.eureka.DefaultEurekaServerContext    : Initializing ...
2026-02-18T11:25:53.080+05:30  INFO 14596 --- [retail-service-registry] [  restartedMain] c.n.eureka.cluster.PeerEurekaNodes       : Adding new peer nodes [http://localhost:8761/eureka/]
2026-02-18T11:25:54.474+05:30  INFO 14596 --- [retail-service-registry] [  restartedMain] c.n.d.provider.DiscoveryJerseyProvider   : Using JSON encoding codec LegacyJacksonJson
2026-02-18T11:25:54.476+05:30  INFO 14596 --- [retail-service-registry] [  restartedMain] c.n.d.provider.DiscoveryJerseyProvider   : Using JSON decoding codec LegacyJacksonJson
2026-02-18T11:25:54.476+05:30  INFO 14596 --- [retail-service-registry] [  restartedMain] c.n.d.provider.DiscoveryJerseyProvider   : Using XML encoding codec XStreamXml
2026-02-18T11:25:54.478+05:30  INFO 14596 --- [retail-service-registry] [  restartedMain] c.n.d.provider.DiscoveryJerseyProvider   : Using XML decoding codec XStreamXml
2026-02-18T11:25:54.564+05:30  INFO 14596 --- [retail-service-registry] [  restartedMain] c.n.eureka.cluster.PeerEurekaNodes       : Replica node URL:  http://localhost:8761/eureka/
2026-02-18T11:25:54.598+05:30  INFO 14596 --- [retail-service-registry] [  restartedMain] c.n.e.registry.AbstractInstanceRegistry  : Finished initializing remote region registries. All known remote regions: []
2026-02-18T11:25:54.598+05:30  INFO 14596 --- [retail-service-registry] [  restartedMain] c.n.eureka.DefaultEurekaServerContext    : Initialized
2026-02-18T11:25:54.629+05:30  INFO 14596 --- [retail-service-registry] [  restartedMain] o.s.b.a.e.web.EndpointLinksResolver      : Exposing 1 endpoint beneath base path '/actuator'
2026-02-18T11:25:54.945+05:30  INFO 14596 --- [retail-service-registry] [  restartedMain] o.s.c.n.e.s.EurekaServiceRegistry        : Registering application RETAIL-SERVICE-REGISTRY with eureka with status UP
2026-02-18T11:25:54.984+05:30  INFO 14596 --- [retail-service-registry] [      Thread-15] o.s.c.n.e.server.EurekaServerBootstrap   : isAws returned false
2026-02-18T11:25:54.984+05:30  INFO 14596 --- [retail-service-registry] [      Thread-15] o.s.c.n.e.server.EurekaServerBootstrap   : Initialized server context
2026-02-18T11:25:54.986+05:30  INFO 14596 --- [retail-service-registry] [      Thread-15] c.n.e.r.PeerAwareInstanceRegistryImpl    : Got 1 instances from neighboring DS node
2026-02-18T11:25:54.986+05:30  INFO 14596 --- [retail-service-registry] [      Thread-15] c.n.e.r.PeerAwareInstanceRegistryImpl    : Renew threshold is: 1
2026-02-18T11:25:54.988+05:30  INFO 14596 --- [retail-service-registry] [      Thread-15] c.n.e.r.PeerAwareInstanceRegistryImpl    : Changing status to UP
2026-02-18T11:25:54.994+05:30  INFO 14596 --- [retail-service-registry] [      Thread-15] e.s.EurekaServerInitializerConfiguration : Started Eureka Server
2026-02-18T11:25:55.066+05:30  INFO 14596 --- [retail-service-registry] [  restartedMain] o.s.b.w.embedded.tomcat.TomcatWebServer  : Tomcat started on port 8761 (http) with context path '/'
2026-02-18T11:25:55.096+05:30  INFO 14596 --- [retail-service-registry] [  restartedMain] .s.c.n.e.s.EurekaAutoServiceRegistration : Updating port to 8761
2026-02-18T11:25:56.390+05:30  INFO 14596 --- [retail-service-registry] [  restartedMain] c.r.r.RetailServiceRegistryApplication   : Started RetailServiceRegistryApplication in 58.212 seconds (process running for 62.476)
2026-02-18T11:26:14.534+05:30  INFO 14596 --- [retail-service-registry] [nio-8761-exec-1] o.a.c.c.C.[Tomcat].[localhost].[/]       : Initializing Spring DispatcherServlet 'dispatcherServlet'
2026-02-18T11:26:14.535+05:30  INFO 14596 --- [retail-service-registry] [nio-8761-exec-1] o.s.web.servlet.DispatcherServlet        : Initializing Servlet 'dispatcherServlet'
2026-02-18T11:26:14.542+05:30  INFO 14596 --- [retail-service-registry] [nio-8761-exec-1] o.s.web.servlet.DispatcherServlet        : Completed initialization in 5 ms
2026-02-18T11:26:16.078+05:30  INFO 14596 --- [retail-service-registry] [nio-8761-exec-2] c.n.e.registry.AbstractInstanceRegistry  : Registered instance API-GATEWAY/Rajat:api-gateway:8079 with status UP (replication=false)
2026-02-18T11:26:17.122+05:30  INFO 14596 --- [retail-service-registry] [nio-8761-exec-5] c.n.e.registry.AbstractInstanceRegistry  : Registered instance API-GATEWAY/Rajat:api-gateway:8079 with status UP (replication=true)
2026-02-18T11:26:22.893+05:30  INFO 14596 --- [retail-service-registry] [reshExecutor-%d] com.netflix.discovery.DiscoveryClient    : Disable delta property : false
2026-02-18T11:26:22.898+05:30  INFO 14596 --- [retail-service-registry] [reshExecutor-%d] com.netflix.discovery.DiscoveryClient    : Single vip registry refresh property : null
2026-02-18T11:26:22.899+05:30  INFO 14596 --- [retail-service-registry] [reshExecutor-%d] com.netflix.discovery.DiscoveryClient    : Force full registry fetch : false
2026-02-18T11:26:22.901+05:30  INFO 14596 --- [retail-service-registry] [reshExecutor-%d] com.netflix.discovery.DiscoveryClient    : Application is null : false
2026-02-18T11:26:22.905+05:30  INFO 14596 --- [retail-service-registry] [reshExecutor-%d] com.netflix.discovery.DiscoveryClient    : Registered Applications size is zero : true
2026-02-18T11:26:22.906+05:30  INFO 14596 --- [retail-service-registry] [reshExecutor-%d] com.netflix.discovery.DiscoveryClient    : Application version is -1: true
2026-02-18T11:26:22.906+05:30  INFO 14596 --- [retail-service-registry] [reshExecutor-%d] com.netflix.discovery.DiscoveryClient    : Getting all instance registry info from the eureka server
2026-02-18T11:26:22.952+05:30  INFO 14596 --- [retail-service-registry] [reshExecutor-%d] com.netflix.discovery.DiscoveryClient    : The response status is 200
2026-02-18T11:26:52.962+05:30  INFO 14596 --- [retail-service-registry] [reshExecutor-%d] com.netflix.discovery.DiscoveryClient    : Disable delta property : false
2026-02-18T11:26:52.964+05:30  INFO 14596 --- [retail-service-registry] [reshExecutor-%d] com.netflix.discovery.DiscoveryClient    : Single vip registry refresh property : null
2026-02-18T11:26:52.965+05:30  INFO 14596 --- [retail-service-registry] [reshExecutor-%d] com.netflix.discovery.DiscoveryClient    : Force full registry fetch : false
2026-02-18T11:26:52.965+05:30  INFO 14596 --- [retail-service-registry] [reshExecutor-%d] com.netflix.discovery.DiscoveryClient    : Application is null : false
2026-02-18T11:26:52.966+05:30  INFO 14596 --- [retail-service-registry] [reshExecutor-%d] com.netflix.discovery.DiscoveryClient    : Registered Applications size is zero : true
2026-02-18T11:26:52.967+05:30  INFO 14596 --- [retail-service-registry] [reshExecutor-%d] com.netflix.discovery.DiscoveryClient    : Application version is -1: false
2026-02-18T11:26:52.968+05:30  INFO 14596 --- [retail-service-registry] [reshExecutor-%d] com.netflix.discovery.DiscoveryClient    : Getting all instance registry info from the eureka server
2026-02-18T11:26:52.989+05:30  INFO 14596 --- [retail-service-registry] [reshExecutor-%d] com.netflix.discovery.DiscoveryClient    : The response status is 200
2026-02-18T11:26:54.994+05:30  INFO 14596 --- [retail-service-registry] [a-EvictionTimer] c.n.e.registry.AbstractInstanceRegistry  : Running the evict task with compensationTime 0ms
2026-02-18T11:27:08.505+05:30  INFO 14596 --- [retail-service-registry] [   File Watcher] rtingClassPathChangeChangedEventListener : Restarting due to 2 class path changes (0 additions, 1 deletion, 1 modification)
2026-02-18T11:27:08.513+05:30  INFO 14596 --- [retail-service-registry] [       Thread-7] o.s.c.n.e.s.EurekaServiceRegistry        : Unregistering application RETAIL-SERVICE-REGISTRY with eureka with status DOWN
2026-02-18T11:27:11.221+05:30  INFO 14596 --- [retail-service-registry] [       Thread-7] o.s.c.n.e.server.EurekaServerBootstrap   : Shutting down Eureka Server..
2026-02-18T11:27:11.222+05:30  INFO 14596 --- [retail-service-registry] [       Thread-7] c.n.eureka.DefaultEurekaServerContext    : Shutting down ...
2026-02-18T11:27:11.266+05:30  INFO 14596 --- [retail-service-registry] [       Thread-7] c.n.eureka.DefaultEurekaServerContext    : Shut down
2026-02-18T11:27:11.268+05:30  INFO 14596 --- [retail-service-registry] [       Thread-7] o.s.c.n.e.server.EurekaServerBootstrap   : Eureka Service is now shutdown...
2026-02-18T11:27:11.274+05:30  INFO 14596 --- [retail-service-registry] [       Thread-7] c.n.eureka.DefaultEurekaServerContext    : Shutting down ...
2026-02-18T11:27:11.275+05:30  INFO 14596 --- [retail-service-registry] [       Thread-7] c.n.eureka.DefaultEurekaServerContext    : Shut down
2026-02-18T11:27:11.224+05:30 ERROR 14596 --- [retail-service-registry] [t-Conn-Cleaner2] c.n.d.s.t.j.EurekaJersey3ClientImpl      : Cannot clean connections

java.lang.IllegalStateException: Client instance has been closed.
	at org.glassfish.jersey.internal.guava.Preconditions.checkState(Preconditions.java:169) ~[jersey-common-3.1.8.jar:na]
	at org.glassfish.jersey.client.JerseyClient.checkNotClosed(JerseyClient.java:248) ~[jersey-client-3.1.8.jar:na]
	at org.glassfish.jersey.client.JerseyClient.getConfiguration(JerseyClient.java:363) ~[jersey-client-3.1.8.jar:na]
	at org.glassfish.jersey.client.JerseyClient.getConfiguration(JerseyClient.java:54) ~[jersey-client-3.1.8.jar:na]
	at com.netflix.discovery.shared.transport.jersey3.EurekaJersey3ClientImpl$ConnectionCleanerTask.run(EurekaJersey3ClientImpl.java:338) ~[eureka-client-jersey3-2.0.4.jar:2.0.4]
	at java.base/java.util.concurrent.Executors$RunnableAdapter.call(Executors.java:539) ~[na:na]
	at java.base/java.util.concurrent.FutureTask.run(FutureTask.java:264) ~[na:na]
	at java.base/java.util.concurrent.ScheduledThreadPoolExecutor$ScheduledFutureTask.run(ScheduledThreadPoolExecutor.java:304) ~[na:na]
	at java.base/java.util.concurrent.ThreadPoolExecutor.runWorker(ThreadPoolExecutor.java:1136) ~[na:na]
	at java.base/java.util.concurrent.ThreadPoolExecutor$Worker.run(ThreadPoolExecutor.java:635) ~[na:na]
	at java.base/java.lang.Thread.run(Thread.java:842) ~[na:na]

2026-02-18T11:27:11.338+05:30  INFO 14596 --- [retail-service-registry] [       Thread-7] com.netflix.discovery.DiscoveryClient    : Shutting down DiscoveryClient ...
2026-02-18T11:27:11.343+05:30  INFO 14596 --- [retail-service-registry] [       Thread-7] com.netflix.discovery.DiscoveryClient    : Completed shut down of DiscoveryClient
Standard Commons Logging discovery in action with spring-jcl: please remove commons-logging.jar from classpath in order to avoid potential conflicts

  .   ____          _            __ _ _
 /\\ / ___'_ __ _ _(_)_ __  __ _ \ \ \ \
( ( )\___ | '_ | '_| | '_ \/ _` | \ \ \ \
 \\/  ___)| |_)| | | | | || (_| |  ) ) ) )
  '  |____| .__|_| |_|_| |_\__, | / / / /
 =========|_|==============|___/=/_/_/_/

 :: Spring Boot ::                (v3.3.4)

2026-02-18T11:27:15.165+05:30  INFO 14596 --- [retail-service-registry] [  restartedMain] c.r.r.RetailServiceRegistryApplication   : Starting RetailServiceRegistryApplication using Java 17.0.10 with PID 14596 (C:\Users\Rajat\Desktop\Retail Microservices\SwiftCart\service-registry\target\classes started by Rajat in C:\Users\Rajat\Desktop\Retail Microservices\SwiftCart\service-registry)
2026-02-18T11:27:15.167+05:30  INFO 14596 --- [retail-service-registry] [  restartedMain] c.r.r.RetailServiceRegistryApplication   : No active profile set, falling back to 1 default profile: "default"
2026-02-18T11:27:19.971+05:30  INFO 14596 --- [retail-service-registry] [  restartedMain] o.s.cloud.context.scope.GenericScope     : BeanFactory id=3174dbf5-c63b-3588-a4fc-07b189f8ce9d
2026-02-18T11:27:20.199+05:30  INFO 14596 --- [retail-service-registry] [  restartedMain] o.s.b.w.embedded.tomcat.TomcatWebServer  : Tomcat initialized with port 8761 (http)
2026-02-18T11:27:20.202+05:30  INFO 14596 --- [retail-service-registry] [  restartedMain] o.apache.catalina.core.StandardService   : Starting service [Tomcat]
2026-02-18T11:27:20.203+05:30  INFO 14596 --- [retail-service-registry] [  restartedMain] o.apache.catalina.core.StandardEngine    : Starting Servlet engine: [Apache Tomcat/10.1.30]
2026-02-18T11:27:20.605+05:30  INFO 14596 --- [retail-service-registry] [  restartedMain] o.a.c.c.C.[Tomcat].[localhost].[/]       : Initializing Spring embedded WebApplicationContext
2026-02-18T11:27:20.612+05:30  INFO 14596 --- [retail-service-registry] [  restartedMain] w.s.c.ServletWebServerApplicationContext : Root WebApplicationContext: initialization completed in 5434 ms
Standard Commons Logging discovery in action with spring-jcl: please remove commons-logging.jar from classpath in order to avoid potential conflicts
2026-02-18T11:27:22.339+05:30  INFO 14596 --- [retail-service-registry] [  restartedMain] c.n.d.provider.DiscoveryJerseyProvider   : Using JSON encoding codec LegacyJacksonJson
2026-02-18T11:27:22.340+05:30  INFO 14596 --- [retail-service-registry] [  restartedMain] c.n.d.provider.DiscoveryJerseyProvider   : Using JSON decoding codec LegacyJacksonJson
2026-02-18T11:27:22.340+05:30  INFO 14596 --- [retail-service-registry] [  restartedMain] c.n.d.provider.DiscoveryJerseyProvider   : Using XML encoding codec XStreamXml
2026-02-18T11:27:22.340+05:30  INFO 14596 --- [retail-service-registry] [  restartedMain] c.n.d.provider.DiscoveryJerseyProvider   : Using XML decoding codec XStreamXml
2026-02-18T11:27:24.390+05:30  INFO 14596 --- [retail-service-registry] [  restartedMain] o.s.b.d.a.OptionalLiveReloadServer       : LiveReload server is running on port 35729
2026-02-18T11:27:24.916+05:30  WARN 14596 --- [retail-service-registry] [  restartedMain] iguration$LoadBalancerCaffeineWarnLogger : Spring Cloud LoadBalancer is currently working with the default cache. While this cache implementation is useful for development and tests, it's recommended to use Caffeine cache in production.You can switch to using Caffeine cache, by adding it and org.springframework.cache.caffeine.CaffeineCacheManager to the classpath.
2026-02-18T11:27:24.941+05:30  INFO 14596 --- [retail-service-registry] [  restartedMain] o.s.c.n.eureka.InstanceInfoFactory       : Setting initial instance status as: STARTING
2026-02-18T11:27:24.944+05:30  INFO 14596 --- [retail-service-registry] [  restartedMain] com.netflix.discovery.DiscoveryClient    : Initializing Eureka in region us-east-1
2026-02-18T11:27:24.953+05:30  INFO 14596 --- [retail-service-registry] [  restartedMain] c.n.d.provider.DiscoveryJerseyProvider   : Using JSON encoding codec LegacyJacksonJson
2026-02-18T11:27:24.954+05:30  INFO 14596 --- [retail-service-registry] [  restartedMain] c.n.d.provider.DiscoveryJerseyProvider   : Using JSON decoding codec LegacyJacksonJson
2026-02-18T11:27:24.954+05:30  INFO 14596 --- [retail-service-registry] [  restartedMain] c.n.d.provider.DiscoveryJerseyProvider   : Using XML encoding codec XStreamXml
2026-02-18T11:27:24.955+05:30  INFO 14596 --- [retail-service-registry] [  restartedMain] c.n.d.provider.DiscoveryJerseyProvider   : Using XML decoding codec XStreamXml
2026-02-18T11:27:24.958+05:30  INFO 14596 --- [retail-service-registry] [  restartedMain] c.n.d.s.r.aws.ConfigClusterResolver      : Resolving eureka endpoints via configuration
2026-02-18T11:27:24.961+05:30  INFO 14596 --- [retail-service-registry] [  restartedMain] com.netflix.discovery.DiscoveryClient    : Disable delta property : false
2026-02-18T11:27:24.961+05:30  INFO 14596 --- [retail-service-registry] [  restartedMain] com.netflix.discovery.DiscoveryClient    : Single vip registry refresh property : null
2026-02-18T11:27:24.962+05:30  INFO 14596 --- [retail-service-registry] [  restartedMain] com.netflix.discovery.DiscoveryClient    : Force full registry fetch : false
2026-02-18T11:27:24.963+05:30  INFO 14596 --- [retail-service-registry] [  restartedMain] com.netflix.discovery.DiscoveryClient    : Application is null : false
2026-02-18T11:27:24.963+05:30  INFO 14596 --- [retail-service-registry] [  restartedMain] com.netflix.discovery.DiscoveryClient    : Registered Applications size is zero : true
2026-02-18T11:27:24.964+05:30  INFO 14596 --- [retail-service-registry] [  restartedMain] com.netflix.discovery.DiscoveryClient    : Application version is -1: true
2026-02-18T11:27:24.964+05:30  INFO 14596 --- [retail-service-registry] [  restartedMain] com.netflix.discovery.DiscoveryClient    : Getting all instance registry info from the eureka server
2026-02-18T11:27:25.066+05:30  INFO 14596 --- [retail-service-registry] [  restartedMain] c.n.d.s.t.d.RedirectingEurekaHttpClient  : Request execution error. endpoint=DefaultEndpoint{ serviceUrl='http://localhost:8761/eureka/}, exception=java.net.ConnectException: Connection refused: no further information stacktrace=jakarta.ws.rs.ProcessingException: java.net.ConnectException: Connection refused: no further information
	at org.glassfish.jersey.client.internal.HttpUrlConnector.apply(HttpUrlConnector.java:288)
	at org.glassfish.jersey.client.ClientRuntime.invoke(ClientRuntime.java:300)
	at org.glassfish.jersey.client.JerseyInvocation.lambda$invoke$0(JerseyInvocation.java:674)
	at org.glassfish.jersey.client.JerseyInvocation.call(JerseyInvocation.java:709)
	at org.glassfish.jersey.client.JerseyInvocation.lambda$runInScope$3(JerseyInvocation.java:703)
	at org.glassfish.jersey.internal.Errors.process(Errors.java:292)
	at org.glassfish.jersey.internal.Errors.process(Errors.java:274)
	at org.glassfish.jersey.internal.Errors.process(Errors.java:205)
	at org.glassfish.jersey.process.internal.RequestScope.runInScope(RequestScope.java:391)
	at org.glassfish.jersey.client.JerseyInvocation.runInScope(JerseyInvocation.java:703)
	at org.glassfish.jersey.client.JerseyInvocation.invoke(JerseyInvocation.java:673)
	at org.glassfish.jersey.client.JerseyInvocation$Builder.method(JerseyInvocation.java:413)
	at org.glassfish.jersey.client.JerseyInvocation$Builder.get(JerseyInvocation.java:313)
	at com.netflix.discovery.shared.transport.jersey3.AbstractJersey3EurekaHttpClient.getApplicationsInternal(AbstractJersey3EurekaHttpClient.java:266)
	at com.netflix.discovery.shared.transport.jersey3.AbstractJersey3EurekaHttpClient.getApplications(AbstractJersey3EurekaHttpClient.java:213)
	at com.netflix.discovery.shared.transport.decorator.EurekaHttpClientDecorator$6.execute(EurekaHttpClientDecorator.java:137)
	at com.netflix.discovery.shared.transport.decorator.MetricsCollectingEurekaHttpClient.execute(MetricsCollectingEurekaHttpClient.java:70)
	at com.netflix.discovery.shared.transport.decorator.EurekaHttpClientDecorator.getApplications(EurekaHttpClientDecorator.java:134)
	at com.netflix.discovery.shared.transport.decorator.EurekaHttpClientDecorator$6.execute(EurekaHttpClientDecorator.java:137)
	at com.netflix.discovery.shared.transport.decorator.RedirectingEurekaHttpClient.executeOnNewServer(RedirectingEurekaHttpClient.java:121)
	at com.netflix.discovery.shared.transport.decorator.RedirectingEurekaHttpClient.execute(RedirectingEurekaHttpClient.java:80)
	at com.netflix.discovery.shared.transport.decorator.EurekaHttpClientDecorator.getApplications(EurekaHttpClientDecorator.java:134)
	at com.netflix.discovery.shared.transport.decorator.EurekaHttpClientDecorator$6.execute(EurekaHttpClientDecorator.java:137)
	at com.netflix.discovery.shared.transport.decorator.RetryableEurekaHttpClient.execute(RetryableEurekaHttpClient.java:120)
	at com.netflix.discovery.shared.transport.decorator.EurekaHttpClientDecorator.getApplications(EurekaHttpClientDecorator.java:134)
	at com.netflix.discovery.shared.transport.decorator.EurekaHttpClientDecorator$6.execute(EurekaHttpClientDecorator.java:137)
	at com.netflix.discovery.shared.transport.decorator.SessionedEurekaHttpClient.execute(SessionedEurekaHttpClient.java:76)
	at com.netflix.discovery.shared.transport.decorator.EurekaHttpClientDecorator.getApplications(EurekaHttpClientDecorator.java:134)
	at com.netflix.discovery.DiscoveryClient.getAndStoreFullRegistry(DiscoveryClient.java:1046)
	at com.netflix.discovery.DiscoveryClient.fetchRegistry(DiscoveryClient.java:961)
	at com.netflix.discovery.DiscoveryClient.<init>(DiscoveryClient.java:410)
	at com.netflix.discovery.DiscoveryClient.<init>(DiscoveryClient.java:245)
	at com.netflix.discovery.DiscoveryClient.<init>(DiscoveryClient.java:240)
	at org.springframework.cloud.netflix.eureka.CloudEurekaClient.<init>(CloudEurekaClient.java:68)
	at org.springframework.cloud.netflix.eureka.EurekaClientAutoConfiguration$RefreshableEurekaClientConfiguration.eurekaClient(EurekaClientAutoConfiguration.java:324)
	at java.base/jdk.internal.reflect.NativeMethodAccessorImpl.invoke0(Native Method)
	at java.base/jdk.internal.reflect.NativeMethodAccessorImpl.invoke(NativeMethodAccessorImpl.java:77)
	at java.base/jdk.internal.reflect.DelegatingMethodAccessorImpl.invoke(DelegatingMethodAccessorImpl.java:43)
	at java.base/java.lang.reflect.Method.invoke(Method.java:568)
	at org.springframework.beans.factory.support.SimpleInstantiationStrategy.instantiate(SimpleInstantiationStrategy.java:146)
	at org.springframework.beans.factory.support.ConstructorResolver.instantiate(ConstructorResolver.java:644)
	at org.springframework.beans.factory.support.ConstructorResolver.instantiateUsingFactoryMethod(ConstructorResolver.java:636)
	at org.springframework.beans.factory.support.AbstractAutowireCapableBeanFactory.instantiateUsingFactoryMethod(AbstractAutowireCapableBeanFactory.java:1355)
	at org.springframework.beans.factory.support.AbstractAutowireCapableBeanFactory.createBeanInstance(AbstractAutowireCapableBeanFactory.java:1185)
	at org.springframework.beans.factory.support.AbstractAutowireCapableBeanFactory.doCreateBean(AbstractAutowireCapableBeanFactory.java:562)
	at org.springframework.beans.factory.support.AbstractAutowireCapableBeanFactory.createBean(AbstractAutowireCapableBeanFactory.java:522)
	at org.springframework.beans.factory.support.AbstractBeanFactory.lambda$doGetBean$1(AbstractBeanFactory.java:376)
	at org.springframework.cloud.context.scope.GenericScope$BeanLifecycleWrapper.getBean(GenericScope.java:375)
	at org.springframework.cloud.context.scope.GenericScope.get(GenericScope.java:179)
	at org.springframework.beans.factory.support.AbstractBeanFactory.doGetBean(AbstractBeanFactory.java:373)
	at org.springframework.beans.factory.support.AbstractBeanFactory.getBean(AbstractBeanFactory.java:200)
	at org.springframework.aop.target.SimpleBeanTargetSource.getTarget(SimpleBeanTargetSource.java:35)
	at org.springframework.aop.framework.JdkDynamicAopProxy.invoke(JdkDynamicAopProxy.java:203)
	at jdk.proxy4/jdk.proxy4.$Proxy168.getApplications(Unknown Source)
	at org.springframework.cloud.netflix.eureka.server.EurekaServerAutoConfiguration.peerAwareInstanceRegistry(EurekaServerAutoConfiguration.java:240)
	at java.base/jdk.internal.reflect.NativeMethodAccessorImpl.invoke0(Native Method)
	at java.base/jdk.internal.reflect.NativeMethodAccessorImpl.invoke(NativeMethodAccessorImpl.java:77)
	at java.base/jdk.internal.reflect.DelegatingMethodAccessorImpl.invoke(DelegatingMethodAccessorImpl.java:43)
	at java.base/java.lang.reflect.Method.invoke(Method.java:568)
	at org.springframework.beans.factory.support.SimpleInstantiationStrategy.instantiate(SimpleInstantiationStrategy.java:146)
	at org.springframework.beans.factory.support.ConstructorResolver.instantiate(ConstructorResolver.java:644)
	at org.springframework.beans.factory.support.ConstructorResolver.instantiateUsingFactoryMethod(ConstructorResolver.java:636)
	at org.springframework.beans.factory.support.AbstractAutowireCapableBeanFactory.instantiateUsingFactoryMethod(AbstractAutowireCapableBeanFactory.java:1355)
	at org.springframework.beans.factory.support.AbstractAutowireCapableBeanFactory.createBeanInstance(AbstractAutowireCapableBeanFactory.java:1185)
	at org.springframework.beans.factory.support.AbstractAutowireCapableBeanFactory.doCreateBean(AbstractAutowireCapableBeanFactory.java:562)
	at org.springframework.beans.factory.support.AbstractAutowireCapableBeanFactory.createBean(AbstractAutowireCapableBeanFactory.java:522)
	at org.springframework.beans.factory.support.AbstractBeanFactory.lambda$doGetBean$0(AbstractBeanFactory.java:337)
	at org.springframework.beans.factory.support.DefaultSingletonBeanRegistry.getSingleton(DefaultSingletonBeanRegistry.java:234)
	at org.springframework.beans.factory.support.AbstractBeanFactory.doGetBean(AbstractBeanFactory.java:335)
	at org.springframework.beans.factory.support.AbstractBeanFactory.getBean(AbstractBeanFactory.java:200)
	at org.springframework.beans.factory.config.DependencyDescriptor.resolveCandidate(DependencyDescriptor.java:254)
	at org.springframework.beans.factory.support.DefaultListableBeanFactory.doResolveDependency(DefaultListableBeanFactory.java:1443)
	at org.springframework.beans.factory.support.DefaultListableBeanFactory.resolveDependency(DefaultListableBeanFactory.java:1353)
	at org.springframework.beans.factory.support.ConstructorResolver.resolveAutowiredArgument(ConstructorResolver.java:904)
	at org.springframework.beans.factory.support.ConstructorResolver.createArgumentArray(ConstructorResolver.java:782)
	at org.springframework.beans.factory.support.ConstructorResolver.instantiateUsingFactoryMethod(ConstructorResolver.java:542)
	at org.springframework.beans.factory.support.AbstractAutowireCapableBeanFactory.instantiateUsingFactoryMethod(AbstractAutowireCapableBeanFactory.java:1355)
	at org.springframework.beans.factory.support.AbstractAutowireCapableBeanFactory.createBeanInstance(AbstractAutowireCapableBeanFactory.java:1185)
	at org.springframework.beans.factory.support.AbstractAutowireCapableBeanFactory.doCreateBean(AbstractAutowireCapableBeanFactory.java:562)
	at org.springframework.beans.factory.support.AbstractAutowireCapableBeanFactory.createBean(AbstractAutowireCapableBeanFactory.java:522)
	at org.springframework.beans.factory.support.AbstractBeanFactory.lambda$doGetBean$0(AbstractBeanFactory.java:337)
	at org.springframework.beans.factory.support.DefaultSingletonBeanRegistry.getSingleton(DefaultSingletonBeanRegistry.java:234)
	at org.springframework.beans.factory.support.AbstractBeanFactory.doGetBean(AbstractBeanFactory.java:335)
	at org.springframework.beans.factory.support.AbstractBeanFactory.getBean(AbstractBeanFactory.java:200)
	at org.springframework.beans.factory.config.DependencyDescriptor.resolveCandidate(DependencyDescriptor.java:254)
	at org.springframework.beans.factory.support.DefaultListableBeanFactory.doResolveDependency(DefaultListableBeanFactory.java:1443)
	at org.springframework.beans.factory.support.DefaultListableBeanFactory.resolveDependency(DefaultListableBeanFactory.java:1353)
	at org.springframework.beans.factory.annotation.AutowiredAnnotationBeanPostProcessor$AutowiredFieldElement.resolveFieldValue(AutowiredAnnotationBeanPostProcessor.java:785)
	at org.springframework.beans.factory.annotation.AutowiredAnnotationBeanPostProcessor$AutowiredFieldElement.inject(AutowiredAnnotationBeanPostProcessor.java:768)
	at org.springframework.beans.factory.annotation.InjectionMetadata.inject(InjectionMetadata.java:145)
	at org.springframework.beans.factory.annotation.AutowiredAnnotationBeanPostProcessor.postProcessProperties(AutowiredAnnotationBeanPostProcessor.java:509)
	at org.springframework.beans.factory.support.AbstractAutowireCapableBeanFactory.populateBean(AbstractAutowireCapableBeanFactory.java:1439)
	at org.springframework.beans.factory.support.AbstractAutowireCapableBeanFactory.doCreateBean(AbstractAutowireCapableBeanFactory.java:599)
	at org.springframework.beans.factory.support.AbstractAutowireCapableBeanFactory.createBean(AbstractAutowireCapableBeanFactory.java:522)
	at org.springframework.beans.factory.support.AbstractBeanFactory.lambda$doGetBean$0(AbstractBeanFactory.java:337)
	at org.springframework.beans.factory.support.DefaultSingletonBeanRegistry.getSingleton(DefaultSingletonBeanRegistry.java:234)
	at org.springframework.beans.factory.support.AbstractBeanFactory.doGetBean(AbstractBeanFactory.java:335)
	at org.springframework.beans.factory.support.AbstractBeanFactory.getBean(AbstractBeanFactory.java:200)
	at org.springframework.beans.factory.support.DefaultListableBeanFactory.preInstantiateSingletons(DefaultListableBeanFactory.java:975)
	at org.springframework.context.support.AbstractApplicationContext.finishBeanFactoryInitialization(AbstractApplicationContext.java:971)
	at org.springframework.context.support.AbstractApplicationContext.refresh(AbstractApplicationContext.java:625)
	at org.springframework.boot.web.servlet.context.ServletWebServerApplicationContext.refresh(ServletWebServerApplicationContext.java:146)
	at org.springframework.boot.SpringApplication.refresh(SpringApplication.java:754)
	at org.springframework.boot.SpringApplication.refreshContext(SpringApplication.java:456)
	at org.springframework.boot.SpringApplication.run(SpringApplication.java:335)
	at org.springframework.boot.SpringApplication.run(SpringApplication.java:1363)
	at org.springframework.boot.SpringApplication.run(SpringApplication.java:1352)
	at com.rv.registry.RetailServiceRegistryApplication.main(RetailServiceRegistryApplication.java:12)
	at java.base/jdk.internal.reflect.NativeMethodAccessorImpl.invoke0(Native Method)
	at java.base/jdk.internal.reflect.NativeMethodAccessorImpl.invoke(NativeMethodAccessorImpl.java:77)
	at java.base/jdk.internal.reflect.DelegatingMethodAccessorImpl.invoke(DelegatingMethodAccessorImpl.java:43)
	at java.base/java.lang.reflect.Method.invoke(Method.java:568)
	at org.springframework.boot.devtools.restart.RestartLauncher.run(RestartLauncher.java:50)
Caused by: java.net.ConnectException: Connection refused: no further information
	at java.base/sun.nio.ch.Net.pollConnect(Native Method)
	at java.base/sun.nio.ch.Net.pollConnectNow(Net.java:672)
	at java.base/sun.nio.ch.NioSocketImpl.timedFinishConnect(NioSocketImpl.java:547)
	at java.base/sun.nio.ch.NioSocketImpl.connect(NioSocketImpl.java:602)
	at java.base/java.net.Socket.connect(Socket.java:633)
	at java.base/sun.net.NetworkClient.doConnect(NetworkClient.java:178)
	at java.base/sun.net.www.http.HttpClient.openServer(HttpClient.java:534)
	at java.base/sun.net.www.http.HttpClient.openServer(HttpClient.java:639)
	at java.base/sun.net.www.http.HttpClient.parseHTTP(HttpClient.java:782)
	at java.base/sun.net.www.protocol.http.HttpURLConnection.getInputStream0(HttpURLConnection.java:1688)
	at java.base/sun.net.www.protocol.http.HttpURLConnection.getInputStream(HttpURLConnection.java:1589)
	at java.base/java.net.HttpURLConnection.getResponseCode(HttpURLConnection.java:529)
	at org.glassfish.jersey.client.internal.HttpUrlConnector._apply(HttpUrlConnector.java:449)
	at org.glassfish.jersey.client.internal.HttpUrlConnector.apply(HttpUrlConnector.java:286)
	... 112 more

2026-02-18T11:27:25.069+05:30  WARN 14596 --- [retail-service-registry] [  restartedMain] c.n.d.s.t.d.RetryableEurekaHttpClient    : Request execution failed with message: java.net.ConnectException: Connection refused: no further information
2026-02-18T11:27:25.070+05:30  INFO 14596 --- [retail-service-registry] [  restartedMain] com.netflix.discovery.DiscoveryClient    : DiscoveryClient_RETAIL-SERVICE-REGISTRY/Rajat:retail-service-registry:8761 - was unable to refresh its cache! This periodic background refresh will be retried in 30 seconds. status = Cannot execute request on any known server stacktrace = com.netflix.discovery.shared.transport.TransportException: Cannot execute request on any known server
	at com.netflix.discovery.shared.transport.decorator.RetryableEurekaHttpClient.execute(RetryableEurekaHttpClient.java:112)
	at com.netflix.discovery.shared.transport.decorator.EurekaHttpClientDecorator.getApplications(EurekaHttpClientDecorator.java:134)
	at com.netflix.discovery.shared.transport.decorator.EurekaHttpClientDecorator$6.execute(EurekaHttpClientDecorator.java:137)
	at com.netflix.discovery.shared.transport.decorator.SessionedEurekaHttpClient.execute(SessionedEurekaHttpClient.java:76)
	at com.netflix.discovery.shared.transport.decorator.EurekaHttpClientDecorator.getApplications(EurekaHttpClientDecorator.java:134)
	at com.netflix.discovery.DiscoveryClient.getAndStoreFullRegistry(DiscoveryClient.java:1046)
	at com.netflix.discovery.DiscoveryClient.fetchRegistry(DiscoveryClient.java:961)
	at com.netflix.discovery.DiscoveryClient.<init>(DiscoveryClient.java:410)
	at com.netflix.discovery.DiscoveryClient.<init>(DiscoveryClient.java:245)
	at com.netflix.discovery.DiscoveryClient.<init>(DiscoveryClient.java:240)
	at org.springframework.cloud.netflix.eureka.CloudEurekaClient.<init>(CloudEurekaClient.java:68)
	at org.springframework.cloud.netflix.eureka.EurekaClientAutoConfiguration$RefreshableEurekaClientConfiguration.eurekaClient(EurekaClientAutoConfiguration.java:324)
	at java.base/jdk.internal.reflect.NativeMethodAccessorImpl.invoke0(Native Method)
	at java.base/jdk.internal.reflect.NativeMethodAccessorImpl.invoke(NativeMethodAccessorImpl.java:77)
	at java.base/jdk.internal.reflect.DelegatingMethodAccessorImpl.invoke(DelegatingMethodAccessorImpl.java:43)
	at java.base/java.lang.reflect.Method.invoke(Method.java:568)
	at org.springframework.beans.factory.support.SimpleInstantiationStrategy.instantiate(SimpleInstantiationStrategy.java:146)
	at org.springframework.beans.factory.support.ConstructorResolver.instantiate(ConstructorResolver.java:644)
	at org.springframework.beans.factory.support.ConstructorResolver.instantiateUsingFactoryMethod(ConstructorResolver.java:636)
	at org.springframework.beans.factory.support.AbstractAutowireCapableBeanFactory.instantiateUsingFactoryMethod(AbstractAutowireCapableBeanFactory.java:1355)
	at org.springframework.beans.factory.support.AbstractAutowireCapableBeanFactory.createBeanInstance(AbstractAutowireCapableBeanFactory.java:1185)
	at org.springframework.beans.factory.support.AbstractAutowireCapableBeanFactory.doCreateBean(AbstractAutowireCapableBeanFactory.java:562)
	at org.springframework.beans.factory.support.AbstractAutowireCapableBeanFactory.createBean(AbstractAutowireCapableBeanFactory.java:522)
	at org.springframework.beans.factory.support.AbstractBeanFactory.lambda$doGetBean$1(AbstractBeanFactory.java:376)
	at org.springframework.cloud.context.scope.GenericScope$BeanLifecycleWrapper.getBean(GenericScope.java:375)
	at org.springframework.cloud.context.scope.GenericScope.get(GenericScope.java:179)
	at org.springframework.beans.factory.support.AbstractBeanFactory.doGetBean(AbstractBeanFactory.java:373)
	at org.springframework.beans.factory.support.AbstractBeanFactory.getBean(AbstractBeanFactory.java:200)
	at org.springframework.aop.target.SimpleBeanTargetSource.getTarget(SimpleBeanTargetSource.java:35)
	at org.springframework.aop.framework.JdkDynamicAopProxy.invoke(JdkDynamicAopProxy.java:203)
	at jdk.proxy4/jdk.proxy4.$Proxy168.getApplications(Unknown Source)
	at org.springframework.cloud.netflix.eureka.server.EurekaServerAutoConfiguration.peerAwareInstanceRegistry(EurekaServerAutoConfiguration.java:240)
	at java.base/jdk.internal.reflect.NativeMethodAccessorImpl.invoke0(Native Method)
	at java.base/jdk.internal.reflect.NativeMethodAccessorImpl.invoke(NativeMethodAccessorImpl.java:77)
	at java.base/jdk.internal.reflect.DelegatingMethodAccessorImpl.invoke(DelegatingMethodAccessorImpl.java:43)
	at java.base/java.lang.reflect.Method.invoke(Method.java:568)
	at org.springframework.beans.factory.support.SimpleInstantiationStrategy.instantiate(SimpleInstantiationStrategy.java:146)
	at org.springframework.beans.factory.support.ConstructorResolver.instantiate(ConstructorResolver.java:644)
	at org.springframework.beans.factory.support.ConstructorResolver.instantiateUsingFactoryMethod(ConstructorResolver.java:636)
	at org.springframework.beans.factory.support.AbstractAutowireCapableBeanFactory.instantiateUsingFactoryMethod(AbstractAutowireCapableBeanFactory.java:1355)
	at org.springframework.beans.factory.support.AbstractAutowireCapableBeanFactory.createBeanInstance(AbstractAutowireCapableBeanFactory.java:1185)
	at org.springframework.beans.factory.support.AbstractAutowireCapableBeanFactory.doCreateBean(AbstractAutowireCapableBeanFactory.java:562)
	at org.springframework.beans.factory.support.AbstractAutowireCapableBeanFactory.createBean(AbstractAutowireCapableBeanFactory.java:522)
	at org.springframework.beans.factory.support.AbstractBeanFactory.lambda$doGetBean$0(AbstractBeanFactory.java:337)
	at org.springframework.beans.factory.support.DefaultSingletonBeanRegistry.getSingleton(DefaultSingletonBeanRegistry.java:234)
	at org.springframework.beans.factory.support.AbstractBeanFactory.doGetBean(AbstractBeanFactory.java:335)
	at org.springframework.beans.factory.support.AbstractBeanFactory.getBean(AbstractBeanFactory.java:200)
	at org.springframework.beans.factory.config.DependencyDescriptor.resolveCandidate(DependencyDescriptor.java:254)
	at org.springframework.beans.factory.support.DefaultListableBeanFactory.doResolveDependency(DefaultListableBeanFactory.java:1443)
	at org.springframework.beans.factory.support.DefaultListableBeanFactory.resolveDependency(DefaultListableBeanFactory.java:1353)
	at org.springframework.beans.factory.support.ConstructorResolver.resolveAutowiredArgument(ConstructorResolver.java:904)
	at org.springframework.beans.factory.support.ConstructorResolver.createArgumentArray(ConstructorResolver.java:782)
	at org.springframework.beans.factory.support.ConstructorResolver.instantiateUsingFactoryMethod(ConstructorResolver.java:542)
	at org.springframework.beans.factory.support.AbstractAutowireCapableBeanFactory.instantiateUsingFactoryMethod(AbstractAutowireCapableBeanFactory.java:1355)
	at org.springframework.beans.factory.support.AbstractAutowireCapableBeanFactory.createBeanInstance(AbstractAutowireCapableBeanFactory.java:1185)
	at org.springframework.beans.factory.support.AbstractAutowireCapableBeanFactory.doCreateBean(AbstractAutowireCapableBeanFactory.java:562)
	at org.springframework.beans.factory.support.AbstractAutowireCapableBeanFactory.createBean(AbstractAutowireCapableBeanFactory.java:522)
	at org.springframework.beans.factory.support.AbstractBeanFactory.lambda$doGetBean$0(AbstractBeanFactory.java:337)
	at org.springframework.beans.factory.support.DefaultSingletonBeanRegistry.getSingleton(DefaultSingletonBeanRegistry.java:234)
	at org.springframework.beans.factory.support.AbstractBeanFactory.doGetBean(AbstractBeanFactory.java:335)
	at org.springframework.beans.factory.support.AbstractBeanFactory.getBean(AbstractBeanFactory.java:200)
	at org.springframework.beans.factory.config.DependencyDescriptor.resolveCandidate(DependencyDescriptor.java:254)
	at org.springframework.beans.factory.support.DefaultListableBeanFactory.doResolveDependency(DefaultListableBeanFactory.java:1443)
	at org.springframework.beans.factory.support.DefaultListableBeanFactory.resolveDependency(DefaultListableBeanFactory.java:1353)
	at org.springframework.beans.factory.annotation.AutowiredAnnotationBeanPostProcessor$AutowiredFieldElement.resolveFieldValue(AutowiredAnnotationBeanPostProcessor.java:785)
	at org.springframework.beans.factory.annotation.AutowiredAnnotationBeanPostProcessor$AutowiredFieldElement.inject(AutowiredAnnotationBeanPostProcessor.java:768)
	at org.springframework.beans.factory.annotation.InjectionMetadata.inject(InjectionMetadata.java:145)
	at org.springframework.beans.factory.annotation.AutowiredAnnotationBeanPostProcessor.postProcessProperties(AutowiredAnnotationBeanPostProcessor.java:509)
	at org.springframework.beans.factory.support.AbstractAutowireCapableBeanFactory.populateBean(AbstractAutowireCapableBeanFactory.java:1439)
	at org.springframework.beans.factory.support.AbstractAutowireCapableBeanFactory.doCreateBean(AbstractAutowireCapableBeanFactory.java:599)
	at org.springframework.beans.factory.support.AbstractAutowireCapableBeanFactory.createBean(AbstractAutowireCapableBeanFactory.java:522)
	at org.springframework.beans.factory.support.AbstractBeanFactory.lambda$doGetBean$0(AbstractBeanFactory.java:337)
	at org.springframework.beans.factory.support.DefaultSingletonBeanRegistry.getSingleton(DefaultSingletonBeanRegistry.java:234)
	at org.springframework.beans.factory.support.AbstractBeanFactory.doGetBean(AbstractBeanFactory.java:335)
	at org.springframework.beans.factory.support.AbstractBeanFactory.getBean(AbstractBeanFactory.java:200)
	at org.springframework.beans.factory.support.DefaultListableBeanFactory.preInstantiateSingletons(DefaultListableBeanFactory.java:975)
	at org.springframework.context.support.AbstractApplicationContext.finishBeanFactoryInitialization(AbstractApplicationContext.java:971)
	at org.springframework.context.support.AbstractApplicationContext.refresh(AbstractApplicationContext.java:625)
	at org.springframework.boot.web.servlet.context.ServletWebServerApplicationContext.refresh(ServletWebServerApplicationContext.java:146)
	at org.springframework.boot.SpringApplication.refresh(SpringApplication.java:754)
	at org.springframework.boot.SpringApplication.refreshContext(SpringApplication.java:456)
	at org.springframework.boot.SpringApplication.run(SpringApplication.java:335)
	at org.springframework.boot.SpringApplication.run(SpringApplication.java:1363)
	at org.springframework.boot.SpringApplication.run(SpringApplication.java:1352)
	at com.rv.registry.RetailServiceRegistryApplication.main(RetailServiceRegistryApplication.java:12)
	at java.base/jdk.internal.reflect.NativeMethodAccessorImpl.invoke0(Native Method)
	at java.base/jdk.internal.reflect.NativeMethodAccessorImpl.invoke(NativeMethodAccessorImpl.java:77)
	at java.base/jdk.internal.reflect.DelegatingMethodAccessorImpl.invoke(DelegatingMethodAccessorImpl.java:43)
	at java.base/java.lang.reflect.Method.invoke(Method.java:568)
	at org.springframework.boot.devtools.restart.RestartLauncher.run(RestartLauncher.java:50)

2026-02-18T11:27:25.072+05:30  INFO 14596 --- [retail-service-registry] [  restartedMain] com.netflix.discovery.DiscoveryClient    : Initial registry fetch from primary servers failed
2026-02-18T11:27:25.072+05:30  WARN 14596 --- [retail-service-registry] [  restartedMain] com.netflix.discovery.DiscoveryClient    : Using default backup registry implementation which does not do anything.
2026-02-18T11:27:25.072+05:30  INFO 14596 --- [retail-service-registry] [  restartedMain] com.netflix.discovery.DiscoveryClient    : Initial registry fetch from backup servers failed
2026-02-18T11:27:25.073+05:30  INFO 14596 --- [retail-service-registry] [  restartedMain] com.netflix.discovery.DiscoveryClient    : Not registering with Eureka server per configuration
2026-02-18T11:27:25.074+05:30  INFO 14596 --- [retail-service-registry] [  restartedMain] com.netflix.discovery.DiscoveryClient    : Discovery Client initialized at timestamp 1771394245074 with initial instances count: 0
2026-02-18T11:27:25.122+05:30  INFO 14596 --- [retail-service-registry] [  restartedMain] c.n.eureka.DefaultEurekaServerContext    : Initializing ...
2026-02-18T11:27:25.123+05:30  INFO 14596 --- [retail-service-registry] [  restartedMain] c.n.eureka.cluster.PeerEurekaNodes       : Adding new peer nodes [http://localhost:8761/eureka/]
2026-02-18T11:27:25.199+05:30  INFO 14596 --- [retail-service-registry] [  restartedMain] c.n.d.provider.DiscoveryJerseyProvider   : Using JSON encoding codec LegacyJacksonJson
2026-02-18T11:27:25.200+05:30  INFO 14596 --- [retail-service-registry] [  restartedMain] c.n.d.provider.DiscoveryJerseyProvider   : Using JSON decoding codec LegacyJacksonJson
2026-02-18T11:27:25.200+05:30  INFO 14596 --- [retail-service-registry] [  restartedMain] c.n.d.provider.DiscoveryJerseyProvider   : Using XML encoding codec XStreamXml
2026-02-18T11:27:25.201+05:30  INFO 14596 --- [retail-service-registry] [  restartedMain] c.n.d.provider.DiscoveryJerseyProvider   : Using XML decoding codec XStreamXml
2026-02-18T11:27:25.217+05:30  INFO 14596 --- [retail-service-registry] [  restartedMain] c.n.eureka.cluster.PeerEurekaNodes       : Replica node URL:  http://localhost:8761/eureka/
2026-02-18T11:27:25.221+05:30  INFO 14596 --- [retail-service-registry] [  restartedMain] c.n.e.registry.AbstractInstanceRegistry  : Finished initializing remote region registries. All known remote regions: []
2026-02-18T11:27:25.222+05:30  INFO 14596 --- [retail-service-registry] [  restartedMain] c.n.eureka.DefaultEurekaServerContext    : Initialized
2026-02-18T11:27:25.286+05:30  INFO 14596 --- [retail-service-registry] [  restartedMain] o.s.b.a.e.web.EndpointLinksResolver      : Exposing 1 endpoint beneath base path '/actuator'
2026-02-18T11:27:25.549+05:30  INFO 14596 --- [retail-service-registry] [  restartedMain] o.s.c.n.e.s.EurekaServiceRegistry        : Registering application RETAIL-SERVICE-REGISTRY with eureka with status UP
2026-02-18T11:27:25.564+05:30  INFO 14596 --- [retail-service-registry] [  restartedMain] o.s.b.w.embedded.tomcat.TomcatWebServer  : Tomcat started on port 8761 (http) with context path '/'
2026-02-18T11:27:25.567+05:30  INFO 14596 --- [retail-service-registry] [  restartedMain] .s.c.n.e.s.EurekaAutoServiceRegistration : Updating port to 8761
2026-02-18T11:27:25.602+05:30  INFO 14596 --- [retail-service-registry] [      Thread-28] o.s.c.n.e.server.EurekaServerBootstrap   : isAws returned false
2026-02-18T11:27:25.602+05:30  INFO 14596 --- [retail-service-registry] [      Thread-28] o.s.c.n.e.server.EurekaServerBootstrap   : Initialized server context
2026-02-18T11:27:25.603+05:30  INFO 14596 --- [retail-service-registry] [      Thread-28] c.n.e.r.PeerAwareInstanceRegistryImpl    : Got 1 instances from neighboring DS node
2026-02-18T11:27:25.603+05:30  INFO 14596 --- [retail-service-registry] [      Thread-28] c.n.e.r.PeerAwareInstanceRegistryImpl    : Renew threshold is: 1
2026-02-18T11:27:25.604+05:30  INFO 14596 --- [retail-service-registry] [      Thread-28] c.n.e.r.PeerAwareInstanceRegistryImpl    : Changing status to UP
2026-02-18T11:27:25.605+05:30  INFO 14596 --- [retail-service-registry] [      Thread-28] e.s.EurekaServerInitializerConfiguration : Started Eureka Server
2026-02-18T11:27:25.906+05:30  INFO 14596 --- [retail-service-registry] [   File Watcher] rtingClassPathChangeChangedEventListener : Restarting due to 1 class path change (1 addition, 0 deletions, 0 modifications)
2026-02-18T11:27:26.359+05:30  INFO 14596 --- [retail-service-registry] [  restartedMain] c.r.r.RetailServiceRegistryApplication   : Started RetailServiceRegistryApplication in 14.035 seconds (process running for 152.447)
2026-02-18T11:27:26.360+05:30  INFO 14596 --- [retail-service-registry] [      Thread-16] o.s.c.n.e.s.EurekaServiceRegistry        : Unregistering application RETAIL-SERVICE-REGISTRY with eureka with status DOWN
2026-02-18T11:27:26.371+05:30  INFO 14596 --- [retail-service-registry] [  restartedMain] .ConditionEvaluationDeltaLoggingListener : Condition evaluation unchanged
2026-02-18T11:27:27.539+05:30  INFO 14596 --- [retail-service-registry] [      Thread-16] o.s.c.n.e.server.EurekaServerBootstrap   : Shutting down Eureka Server..
2026-02-18T11:27:27.540+05:30  INFO 14596 --- [retail-service-registry] [      Thread-16] c.n.eureka.DefaultEurekaServerContext    : Shutting down ...
2026-02-18T11:27:27.541+05:30  INFO 14596 --- [retail-service-registry] [      Thread-16] c.n.eureka.DefaultEurekaServerContext    : Shut down
2026-02-18T11:27:27.542+05:30  INFO 14596 --- [retail-service-registry] [      Thread-16] o.s.c.n.e.server.EurekaServerBootstrap   : Eureka Service is now shutdown...
2026-02-18T11:27:27.544+05:30  INFO 14596 --- [retail-service-registry] [      Thread-16] c.n.eureka.DefaultEurekaServerContext    : Shutting down ...
2026-02-18T11:27:27.544+05:30  INFO 14596 --- [retail-service-registry] [      Thread-16] c.n.eureka.DefaultEurekaServerContext    : Shut down
2026-02-18T11:27:27.542+05:30 ERROR 14596 --- [retail-service-registry] [t-Conn-Cleaner2] c.n.d.s.t.j.EurekaJersey3ClientImpl      : Cannot clean connections

java.lang.IllegalStateException: Client instance has been closed.
	at org.glassfish.jersey.internal.guava.Preconditions.checkState(Preconditions.java:169) ~[jersey-common-3.1.8.jar:na]
	at org.glassfish.jersey.client.JerseyClient.checkNotClosed(JerseyClient.java:248) ~[jersey-client-3.1.8.jar:na]
	at org.glassfish.jersey.client.JerseyClient.getConfiguration(JerseyClient.java:363) ~[jersey-client-3.1.8.jar:na]
	at org.glassfish.jersey.client.JerseyClient.getConfiguration(JerseyClient.java:54) ~[jersey-client-3.1.8.jar:na]
	at com.netflix.discovery.shared.transport.jersey3.EurekaJersey3ClientImpl$ConnectionCleanerTask.run(EurekaJersey3ClientImpl.java:338) ~[eureka-client-jersey3-2.0.4.jar:2.0.4]
	at java.base/java.util.concurrent.Executors$RunnableAdapter.call(Executors.java:539) ~[na:na]
	at java.base/java.util.concurrent.FutureTask.run(FutureTask.java:264) ~[na:na]
	at java.base/java.util.concurrent.ScheduledThreadPoolExecutor$ScheduledFutureTask.run(ScheduledThreadPoolExecutor.java:304) ~[na:na]
	at java.base/java.util.concurrent.ThreadPoolExecutor.runWorker(ThreadPoolExecutor.java:1136) ~[na:na]
	at java.base/java.util.concurrent.ThreadPoolExecutor$Worker.run(ThreadPoolExecutor.java:635) ~[na:na]
	at java.base/java.lang.Thread.run(Thread.java:842) ~[na:na]

2026-02-18T11:27:27.560+05:30  INFO 14596 --- [retail-service-registry] [      Thread-16] com.netflix.discovery.DiscoveryClient    : Shutting down DiscoveryClient ...
2026-02-18T11:27:27.563+05:30  INFO 14596 --- [retail-service-registry] [      Thread-16] com.netflix.discovery.DiscoveryClient    : Completed shut down of DiscoveryClient
Standard Commons Logging discovery in action with spring-jcl: please remove commons-logging.jar from classpath in order to avoid potential conflicts

  .   ____          _            __ _ _
 /\\ / ___'_ __ _ _(_)_ __  __ _ \ \ \ \
( ( )\___ | '_ | '_| | '_ \/ _` | \ \ \ \
 \\/  ___)| |_)| | | | | || (_| |  ) ) ) )
  '  |____| .__|_| |_|_| |_\__, | / / / /
 =========|_|==============|___/=/_/_/_/

 :: Spring Boot ::                (v3.3.4)

2026-02-18T11:27:28.585+05:30  INFO 14596 --- [retail-service-registry] [  restartedMain] c.r.r.RetailServiceRegistryApplication   : Starting RetailServiceRegistryApplication using Java 17.0.10 with PID 14596 (C:\Users\Rajat\Desktop\Retail Microservices\SwiftCart\service-registry\target\classes started by Rajat in C:\Users\Rajat\Desktop\Retail Microservices\SwiftCart\service-registry)
2026-02-18T11:27:28.585+05:30  INFO 14596 --- [retail-service-registry] [  restartedMain] c.r.r.RetailServiceRegistryApplication   : No active profile set, falling back to 1 default profile: "default"
2026-02-18T11:27:30.319+05:30  INFO 14596 --- [retail-service-registry] [  restartedMain] o.s.cloud.context.scope.GenericScope     : BeanFactory id=3174dbf5-c63b-3588-a4fc-07b189f8ce9d
2026-02-18T11:27:30.528+05:30  INFO 14596 --- [retail-service-registry] [  restartedMain] o.s.b.w.embedded.tomcat.TomcatWebServer  : Tomcat initialized with port 8761 (http)
2026-02-18T11:27:30.530+05:30  INFO 14596 --- [retail-service-registry] [  restartedMain] o.apache.catalina.core.StandardService   : Starting service [Tomcat]
2026-02-18T11:27:30.531+05:30  INFO 14596 --- [retail-service-registry] [  restartedMain] o.apache.catalina.core.StandardEngine    : Starting Servlet engine: [Apache Tomcat/10.1.30]
2026-02-18T11:27:30.626+05:30  INFO 14596 --- [retail-service-registry] [  restartedMain] o.a.c.c.C.[Tomcat].[localhost].[/]       : Initializing Spring embedded WebApplicationContext
2026-02-18T11:27:30.630+05:30  INFO 14596 --- [retail-service-registry] [  restartedMain] w.s.c.ServletWebServerApplicationContext : Root WebApplicationContext: initialization completed in 2037 ms
Standard Commons Logging discovery in action with spring-jcl: please remove commons-logging.jar from classpath in order to avoid potential conflicts
2026-02-18T11:27:31.290+05:30  INFO 14596 --- [retail-service-registry] [  restartedMain] c.n.d.provider.DiscoveryJerseyProvider   : Using JSON encoding codec LegacyJacksonJson
2026-02-18T11:27:31.291+05:30  INFO 14596 --- [retail-service-registry] [  restartedMain] c.n.d.provider.DiscoveryJerseyProvider   : Using JSON decoding codec LegacyJacksonJson
2026-02-18T11:27:31.291+05:30  INFO 14596 --- [retail-service-registry] [  restartedMain] c.n.d.provider.DiscoveryJerseyProvider   : Using XML encoding codec XStreamXml
2026-02-18T11:27:31.292+05:30  INFO 14596 --- [retail-service-registry] [  restartedMain] c.n.d.provider.DiscoveryJerseyProvider   : Using XML decoding codec XStreamXml
2026-02-18T11:27:32.788+05:30  INFO 14596 --- [retail-service-registry] [  restartedMain] o.s.b.d.a.OptionalLiveReloadServer       : LiveReload server is running on port 35729
2026-02-18T11:27:34.380+05:30  WARN 14596 --- [retail-service-registry] [  restartedMain] iguration$LoadBalancerCaffeineWarnLogger : Spring Cloud LoadBalancer is currently working with the default cache. While this cache implementation is useful for development and tests, it's recommended to use Caffeine cache in production.You can switch to using Caffeine cache, by adding it and org.springframework.cache.caffeine.CaffeineCacheManager to the classpath.
2026-02-18T11:27:34.405+05:30  INFO 14596 --- [retail-service-registry] [  restartedMain] o.s.c.n.eureka.InstanceInfoFactory       : Setting initial instance status as: STARTING
2026-02-18T11:27:34.407+05:30  INFO 14596 --- [retail-service-registry] [  restartedMain] com.netflix.discovery.DiscoveryClient    : Initializing Eureka in region us-east-1
2026-02-18T11:27:34.426+05:30  INFO 14596 --- [retail-service-registry] [  restartedMain] c.n.d.provider.DiscoveryJerseyProvider   : Using JSON encoding codec LegacyJacksonJson
2026-02-18T11:27:34.428+05:30  INFO 14596 --- [retail-service-registry] [  restartedMain] c.n.d.provider.DiscoveryJerseyProvider   : Using JSON decoding codec LegacyJacksonJson
2026-02-18T11:27:34.429+05:30  INFO 14596 --- [retail-service-registry] [  restartedMain] c.n.d.provider.DiscoveryJerseyProvider   : Using XML encoding codec XStreamXml
2026-02-18T11:27:34.429+05:30  INFO 14596 --- [retail-service-registry] [  restartedMain] c.n.d.provider.DiscoveryJerseyProvider   : Using XML decoding codec XStreamXml
2026-02-18T11:27:34.431+05:30  INFO 14596 --- [retail-service-registry] [  restartedMain] c.n.d.s.r.aws.ConfigClusterResolver      : Resolving eureka endpoints via configuration
2026-02-18T11:27:34.432+05:30  INFO 14596 --- [retail-service-registry] [  restartedMain] com.netflix.discovery.DiscoveryClient    : Disable delta property : false
2026-02-18T11:27:34.432+05:30  INFO 14596 --- [retail-service-registry] [  restartedMain] com.netflix.discovery.DiscoveryClient    : Single vip registry refresh property : null
2026-02-18T11:27:34.433+05:30  INFO 14596 --- [retail-service-registry] [  restartedMain] com.netflix.discovery.DiscoveryClient    : Force full registry fetch : false
2026-02-18T11:27:34.433+05:30  INFO 14596 --- [retail-service-registry] [  restartedMain] com.netflix.discovery.DiscoveryClient    : Application is null : false
2026-02-18T11:27:34.434+05:30  INFO 14596 --- [retail-service-registry] [  restartedMain] com.netflix.discovery.DiscoveryClient    : Registered Applications size is zero : true
2026-02-18T11:27:34.434+05:30  INFO 14596 --- [retail-service-registry] [  restartedMain] com.netflix.discovery.DiscoveryClient    : Application version is -1: true
2026-02-18T11:27:34.435+05:30  INFO 14596 --- [retail-service-registry] [  restartedMain] com.netflix.discovery.DiscoveryClient    : Getting all instance registry info from the eureka server
2026-02-18T11:27:34.473+05:30  INFO 14596 --- [retail-service-registry] [  restartedMain] c.n.d.s.t.d.RedirectingEurekaHttpClient  : Request execution error. endpoint=DefaultEndpoint{ serviceUrl='http://localhost:8761/eureka/}, exception=java.net.ConnectException: Connection refused: no further information stacktrace=jakarta.ws.rs.ProcessingException: java.net.ConnectException: Connection refused: no further information
	at org.glassfish.jersey.client.internal.HttpUrlConnector.apply(HttpUrlConnector.java:288)
	at org.glassfish.jersey.client.ClientRuntime.invoke(ClientRuntime.java:300)
	at org.glassfish.jersey.client.JerseyInvocation.lambda$invoke$0(JerseyInvocation.java:674)
	at org.glassfish.jersey.client.JerseyInvocation.call(JerseyInvocation.java:709)
	at org.glassfish.jersey.client.JerseyInvocation.lambda$runInScope$3(JerseyInvocation.java:703)
	at org.glassfish.jersey.internal.Errors.process(Errors.java:292)
	at org.glassfish.jersey.internal.Errors.process(Errors.java:274)
	at org.glassfish.jersey.internal.Errors.process(Errors.java:205)
	at org.glassfish.jersey.process.internal.RequestScope.runInScope(RequestScope.java:391)
	at org.glassfish.jersey.client.JerseyInvocation.runInScope(JerseyInvocation.java:703)
	at org.glassfish.jersey.client.JerseyInvocation.invoke(JerseyInvocation.java:673)
	at org.glassfish.jersey.client.JerseyInvocation$Builder.method(JerseyInvocation.java:413)
	at org.glassfish.jersey.client.JerseyInvocation$Builder.get(JerseyInvocation.java:313)
	at com.netflix.discovery.shared.transport.jersey3.AbstractJersey3EurekaHttpClient.getApplicationsInternal(AbstractJersey3EurekaHttpClient.java:266)
	at com.netflix.discovery.shared.transport.jersey3.AbstractJersey3EurekaHttpClient.getApplications(AbstractJersey3EurekaHttpClient.java:213)
	at com.netflix.discovery.shared.transport.decorator.EurekaHttpClientDecorator$6.execute(EurekaHttpClientDecorator.java:137)
	at com.netflix.discovery.shared.transport.decorator.MetricsCollectingEurekaHttpClient.execute(MetricsCollectingEurekaHttpClient.java:70)
	at com.netflix.discovery.shared.transport.decorator.EurekaHttpClientDecorator.getApplications(EurekaHttpClientDecorator.java:134)
	at com.netflix.discovery.shared.transport.decorator.EurekaHttpClientDecorator$6.execute(EurekaHttpClientDecorator.java:137)
	at com.netflix.discovery.shared.transport.decorator.RedirectingEurekaHttpClient.executeOnNewServer(RedirectingEurekaHttpClient.java:121)
	at com.netflix.discovery.shared.transport.decorator.RedirectingEurekaHttpClient.execute(RedirectingEurekaHttpClient.java:80)
	at com.netflix.discovery.shared.transport.decorator.EurekaHttpClientDecorator.getApplications(EurekaHttpClientDecorator.java:134)
	at com.netflix.discovery.shared.transport.decorator.EurekaHttpClientDecorator$6.execute(EurekaHttpClientDecorator.java:137)
	at com.netflix.discovery.shared.transport.decorator.RetryableEurekaHttpClient.execute(RetryableEurekaHttpClient.java:120)
	at com.netflix.discovery.shared.transport.decorator.EurekaHttpClientDecorator.getApplications(EurekaHttpClientDecorator.java:134)
	at com.netflix.discovery.shared.transport.decorator.EurekaHttpClientDecorator$6.execute(EurekaHttpClientDecorator.java:137)
	at com.netflix.discovery.shared.transport.decorator.SessionedEurekaHttpClient.execute(SessionedEurekaHttpClient.java:76)
	at com.netflix.discovery.shared.transport.decorator.EurekaHttpClientDecorator.getApplications(EurekaHttpClientDecorator.java:134)
	at com.netflix.discovery.DiscoveryClient.getAndStoreFullRegistry(DiscoveryClient.java:1046)
	at com.netflix.discovery.DiscoveryClient.fetchRegistry(DiscoveryClient.java:961)
	at com.netflix.discovery.DiscoveryClient.<init>(DiscoveryClient.java:410)
	at com.netflix.discovery.DiscoveryClient.<init>(DiscoveryClient.java:245)
	at com.netflix.discovery.DiscoveryClient.<init>(DiscoveryClient.java:240)
	at org.springframework.cloud.netflix.eureka.CloudEurekaClient.<init>(CloudEurekaClient.java:68)
	at org.springframework.cloud.netflix.eureka.EurekaClientAutoConfiguration$RefreshableEurekaClientConfiguration.eurekaClient(EurekaClientAutoConfiguration.java:324)
	at java.base/jdk.internal.reflect.NativeMethodAccessorImpl.invoke0(Native Method)
	at java.base/jdk.internal.reflect.NativeMethodAccessorImpl.invoke(NativeMethodAccessorImpl.java:77)
	at java.base/jdk.internal.reflect.DelegatingMethodAccessorImpl.invoke(DelegatingMethodAccessorImpl.java:43)
	at java.base/java.lang.reflect.Method.invoke(Method.java:568)
	at org.springframework.beans.factory.support.SimpleInstantiationStrategy.instantiate(SimpleInstantiationStrategy.java:146)
	at org.springframework.beans.factory.support.ConstructorResolver.instantiate(ConstructorResolver.java:644)
	at org.springframework.beans.factory.support.ConstructorResolver.instantiateUsingFactoryMethod(ConstructorResolver.java:636)
	at org.springframework.beans.factory.support.AbstractAutowireCapableBeanFactory.instantiateUsingFactoryMethod(AbstractAutowireCapableBeanFactory.java:1355)
	at org.springframework.beans.factory.support.AbstractAutowireCapableBeanFactory.createBeanInstance(AbstractAutowireCapableBeanFactory.java:1185)
	at org.springframework.beans.factory.support.AbstractAutowireCapableBeanFactory.doCreateBean(AbstractAutowireCapableBeanFactory.java:562)
	at org.springframework.beans.factory.support.AbstractAutowireCapableBeanFactory.createBean(AbstractAutowireCapableBeanFactory.java:522)
	at org.springframework.beans.factory.support.AbstractBeanFactory.lambda$doGetBean$1(AbstractBeanFactory.java:376)
	at org.springframework.cloud.context.scope.GenericScope$BeanLifecycleWrapper.getBean(GenericScope.java:375)
	at org.springframework.cloud.context.scope.GenericScope.get(GenericScope.java:179)
	at org.springframework.beans.factory.support.AbstractBeanFactory.doGetBean(AbstractBeanFactory.java:373)
	at org.springframework.beans.factory.support.AbstractBeanFactory.getBean(AbstractBeanFactory.java:200)
	at org.springframework.aop.target.SimpleBeanTargetSource.getTarget(SimpleBeanTargetSource.java:35)
	at org.springframework.aop.framework.JdkDynamicAopProxy.invoke(JdkDynamicAopProxy.java:203)
	at jdk.proxy5/jdk.proxy5.$Proxy169.getApplications(Unknown Source)
	at org.springframework.cloud.netflix.eureka.server.EurekaServerAutoConfiguration.peerAwareInstanceRegistry(EurekaServerAutoConfiguration.java:240)
	at java.base/jdk.internal.reflect.NativeMethodAccessorImpl.invoke0(Native Method)
	at java.base/jdk.internal.reflect.NativeMethodAccessorImpl.invoke(NativeMethodAccessorImpl.java:77)
	at java.base/jdk.internal.reflect.DelegatingMethodAccessorImpl.invoke(DelegatingMethodAccessorImpl.java:43)
	at java.base/java.lang.reflect.Method.invoke(Method.java:568)
	at org.springframework.beans.factory.support.SimpleInstantiationStrategy.instantiate(SimpleInstantiationStrategy.java:146)
	at org.springframework.beans.factory.support.ConstructorResolver.instantiate(ConstructorResolver.java:644)
	at org.springframework.beans.factory.support.ConstructorResolver.instantiateUsingFactoryMethod(ConstructorResolver.java:636)
	at org.springframework.beans.factory.support.AbstractAutowireCapableBeanFactory.instantiateUsingFactoryMethod(AbstractAutowireCapableBeanFactory.java:1355)
	at org.springframework.beans.factory.support.AbstractAutowireCapableBeanFactory.createBeanInstance(AbstractAutowireCapableBeanFactory.java:1185)
	at org.springframework.beans.factory.support.AbstractAutowireCapableBeanFactory.doCreateBean(AbstractAutowireCapableBeanFactory.java:562)
	at org.springframework.beans.factory.support.AbstractAutowireCapableBeanFactory.createBean(AbstractAutowireCapableBeanFactory.java:522)
	at org.springframework.beans.factory.support.AbstractBeanFactory.lambda$doGetBean$0(AbstractBeanFactory.java:337)
	at org.springframework.beans.factory.support.DefaultSingletonBeanRegistry.getSingleton(DefaultSingletonBeanRegistry.java:234)
	at org.springframework.beans.factory.support.AbstractBeanFactory.doGetBean(AbstractBeanFactory.java:335)
	at org.springframework.beans.factory.support.AbstractBeanFactory.getBean(AbstractBeanFactory.java:200)
	at org.springframework.beans.factory.config.DependencyDescriptor.resolveCandidate(DependencyDescriptor.java:254)
	at org.springframework.beans.factory.support.DefaultListableBeanFactory.doResolveDependency(DefaultListableBeanFactory.java:1443)
	at org.springframework.beans.factory.support.DefaultListableBeanFactory.resolveDependency(DefaultListableBeanFactory.java:1353)
	at org.springframework.beans.factory.support.ConstructorResolver.resolveAutowiredArgument(ConstructorResolver.java:904)
	at org.springframework.beans.factory.support.ConstructorResolver.createArgumentArray(ConstructorResolver.java:782)
	at org.springframework.beans.factory.support.ConstructorResolver.instantiateUsingFactoryMethod(ConstructorResolver.java:542)
	at org.springframework.beans.factory.support.AbstractAutowireCapableBeanFactory.instantiateUsingFactoryMethod(AbstractAutowireCapableBeanFactory.java:1355)
	at org.springframework.beans.factory.support.AbstractAutowireCapableBeanFactory.createBeanInstance(AbstractAutowireCapableBeanFactory.java:1185)
	at org.springframework.beans.factory.support.AbstractAutowireCapableBeanFactory.doCreateBean(AbstractAutowireCapableBeanFactory.java:562)
	at org.springframework.beans.factory.support.AbstractAutowireCapableBeanFactory.createBean(AbstractAutowireCapableBeanFactory.java:522)
	at org.springframework.beans.factory.support.AbstractBeanFactory.lambda$doGetBean$0(AbstractBeanFactory.java:337)
	at org.springframework.beans.factory.support.DefaultSingletonBeanRegistry.getSingleton(DefaultSingletonBeanRegistry.java:234)
	at org.springframework.beans.factory.support.AbstractBeanFactory.doGetBean(AbstractBeanFactory.java:335)
	at org.springframework.beans.factory.support.AbstractBeanFactory.getBean(AbstractBeanFactory.java:200)
	at org.springframework.beans.factory.config.DependencyDescriptor.resolveCandidate(DependencyDescriptor.java:254)
	at org.springframework.beans.factory.support.DefaultListableBeanFactory.doResolveDependency(DefaultListableBeanFactory.java:1443)
	at org.springframework.beans.factory.support.DefaultListableBeanFactory.resolveDependency(DefaultListableBeanFactory.java:1353)
	at org.springframework.beans.factory.annotation.AutowiredAnnotationBeanPostProcessor$AutowiredFieldElement.resolveFieldValue(AutowiredAnnotationBeanPostProcessor.java:785)
	at org.springframework.beans.factory.annotation.AutowiredAnnotationBeanPostProcessor$AutowiredFieldElement.inject(AutowiredAnnotationBeanPostProcessor.java:768)
	at org.springframework.beans.factory.annotation.InjectionMetadata.inject(InjectionMetadata.java:145)
	at org.springframework.beans.factory.annotation.AutowiredAnnotationBeanPostProcessor.postProcessProperties(AutowiredAnnotationBeanPostProcessor.java:509)
	at org.springframework.beans.factory.support.AbstractAutowireCapableBeanFactory.populateBean(AbstractAutowireCapableBeanFactory.java:1439)
	at org.springframework.beans.factory.support.AbstractAutowireCapableBeanFactory.doCreateBean(AbstractAutowireCapableBeanFactory.java:599)
	at org.springframework.beans.factory.support.AbstractAutowireCapableBeanFactory.createBean(AbstractAutowireCapableBeanFactory.java:522)
	at org.springframework.beans.factory.support.AbstractBeanFactory.lambda$doGetBean$0(AbstractBeanFactory.java:337)
	at org.springframework.beans.factory.support.DefaultSingletonBeanRegistry.getSingleton(DefaultSingletonBeanRegistry.java:234)
	at org.springframework.beans.factory.support.AbstractBeanFactory.doGetBean(AbstractBeanFactory.java:335)
	at org.springframework.beans.factory.support.AbstractBeanFactory.getBean(AbstractBeanFactory.java:200)
	at org.springframework.beans.factory.support.DefaultListableBeanFactory.preInstantiateSingletons(DefaultListableBeanFactory.java:975)
	at org.springframework.context.support.AbstractApplicationContext.finishBeanFactoryInitialization(AbstractApplicationContext.java:971)
	at org.springframework.context.support.AbstractApplicationContext.refresh(AbstractApplicationContext.java:625)
	at org.springframework.boot.web.servlet.context.ServletWebServerApplicationContext.refresh(ServletWebServerApplicationContext.java:146)
	at org.springframework.boot.SpringApplication.refresh(SpringApplication.java:754)
	at org.springframework.boot.SpringApplication.refreshContext(SpringApplication.java:456)
	at org.springframework.boot.SpringApplication.run(SpringApplication.java:335)
	at org.springframework.boot.SpringApplication.run(SpringApplication.java:1363)
	at org.springframework.boot.SpringApplication.run(SpringApplication.java:1352)
	at com.rv.registry.RetailServiceRegistryApplication.main(RetailServiceRegistryApplication.java:12)
	at java.base/jdk.internal.reflect.NativeMethodAccessorImpl.invoke0(Native Method)
	at java.base/jdk.internal.reflect.NativeMethodAccessorImpl.invoke(NativeMethodAccessorImpl.java:77)
	at java.base/jdk.internal.reflect.DelegatingMethodAccessorImpl.invoke(DelegatingMethodAccessorImpl.java:43)
	at java.base/java.lang.reflect.Method.invoke(Method.java:568)
	at org.springframework.boot.devtools.restart.RestartLauncher.run(RestartLauncher.java:50)
Caused by: java.net.ConnectException: Connection refused: no further information
	at java.base/sun.nio.ch.Net.pollConnect(Native Method)
	at java.base/sun.nio.ch.Net.pollConnectNow(Net.java:672)
	at java.base/sun.nio.ch.NioSocketImpl.timedFinishConnect(NioSocketImpl.java:547)
	at java.base/sun.nio.ch.NioSocketImpl.connect(NioSocketImpl.java:602)
	at java.base/java.net.Socket.connect(Socket.java:633)
	at java.base/sun.net.NetworkClient.doConnect(NetworkClient.java:178)
	at java.base/sun.net.www.http.HttpClient.openServer(HttpClient.java:534)
	at java.base/sun.net.www.http.HttpClient.openServer(HttpClient.java:639)
	at java.base/sun.net.www.http.HttpClient.<init>(HttpClient.java:282)
	at java.base/sun.net.www.http.HttpClient.New(HttpClient.java:387)
	at java.base/sun.net.www.http.HttpClient.New(HttpClient.java:409)
	at java.base/sun.net.www.protocol.http.HttpURLConnection.getNewHttpClient(HttpURLConnection.java:1309)
	at java.base/sun.net.www.protocol.http.HttpURLConnection.plainConnect0(HttpURLConnection.java:1242)
	at java.base/sun.net.www.protocol.http.HttpURLConnection.plainConnect(HttpURLConnection.java:1128)
	at java.base/sun.net.www.protocol.http.HttpURLConnection.connect(HttpURLConnection.java:1057)
	at java.base/sun.net.www.protocol.http.HttpURLConnection.getInputStream0(HttpURLConnection.java:1665)
	at java.base/sun.net.www.protocol.http.HttpURLConnection.getInputStream(HttpURLConnection.java:1589)
	at java.base/java.net.HttpURLConnection.getResponseCode(HttpURLConnection.java:529)
	at org.glassfish.jersey.client.internal.HttpUrlConnector._apply(HttpUrlConnector.java:449)
	at org.glassfish.jersey.client.internal.HttpUrlConnector.apply(HttpUrlConnector.java:286)
	... 112 more

2026-02-18T11:27:34.475+05:30  WARN 14596 --- [retail-service-registry] [  restartedMain] c.n.d.s.t.d.RetryableEurekaHttpClient    : Request execution failed with message: java.net.ConnectException: Connection refused: no further information
2026-02-18T11:27:34.476+05:30  INFO 14596 --- [retail-service-registry] [  restartedMain] com.netflix.discovery.DiscoveryClient    : DiscoveryClient_RETAIL-SERVICE-REGISTRY/Rajat:retail-service-registry:8761 - was unable to refresh its cache! This periodic background refresh will be retried in 30 seconds. status = Cannot execute request on any known server stacktrace = com.netflix.discovery.shared.transport.TransportException: Cannot execute request on any known server
	at com.netflix.discovery.shared.transport.decorator.RetryableEurekaHttpClient.execute(RetryableEurekaHttpClient.java:112)
	at com.netflix.discovery.shared.transport.decorator.EurekaHttpClientDecorator.getApplications(EurekaHttpClientDecorator.java:134)
	at com.netflix.discovery.shared.transport.decorator.EurekaHttpClientDecorator$6.execute(EurekaHttpClientDecorator.java:137)
	at com.netflix.discovery.shared.transport.decorator.SessionedEurekaHttpClient.execute(SessionedEurekaHttpClient.java:76)
	at com.netflix.discovery.shared.transport.decorator.EurekaHttpClientDecorator.getApplications(EurekaHttpClientDecorator.java:134)
	at com.netflix.discovery.DiscoveryClient.getAndStoreFullRegistry(DiscoveryClient.java:1046)
	at com.netflix.discovery.DiscoveryClient.fetchRegistry(DiscoveryClient.java:961)
	at com.netflix.discovery.DiscoveryClient.<init>(DiscoveryClient.java:410)
	at com.netflix.discovery.DiscoveryClient.<init>(DiscoveryClient.java:245)
	at com.netflix.discovery.DiscoveryClient.<init>(DiscoveryClient.java:240)
	at org.springframework.cloud.netflix.eureka.CloudEurekaClient.<init>(CloudEurekaClient.java:68)
	at org.springframework.cloud.netflix.eureka.EurekaClientAutoConfiguration$RefreshableEurekaClientConfiguration.eurekaClient(EurekaClientAutoConfiguration.java:324)
	at java.base/jdk.internal.reflect.NativeMethodAccessorImpl.invoke0(Native Method)
	at java.base/jdk.internal.reflect.NativeMethodAccessorImpl.invoke(NativeMethodAccessorImpl.java:77)
	at java.base/jdk.internal.reflect.DelegatingMethodAccessorImpl.invoke(DelegatingMethodAccessorImpl.java:43)
	at java.base/java.lang.reflect.Method.invoke(Method.java:568)
	at org.springframework.beans.factory.support.SimpleInstantiationStrategy.instantiate(SimpleInstantiationStrategy.java:146)
	at org.springframework.beans.factory.support.ConstructorResolver.instantiate(ConstructorResolver.java:644)
	at org.springframework.beans.factory.support.ConstructorResolver.instantiateUsingFactoryMethod(ConstructorResolver.java:636)
	at org.springframework.beans.factory.support.AbstractAutowireCapableBeanFactory.instantiateUsingFactoryMethod(AbstractAutowireCapableBeanFactory.java:1355)
	at org.springframework.beans.factory.support.AbstractAutowireCapableBeanFactory.createBeanInstance(AbstractAutowireCapableBeanFactory.java:1185)
	at org.springframework.beans.factory.support.AbstractAutowireCapableBeanFactory.doCreateBean(AbstractAutowireCapableBeanFactory.java:562)
	at org.springframework.beans.factory.support.AbstractAutowireCapableBeanFactory.createBean(AbstractAutowireCapableBeanFactory.java:522)
	at org.springframework.beans.factory.support.AbstractBeanFactory.lambda$doGetBean$1(AbstractBeanFactory.java:376)
	at org.springframework.cloud.context.scope.GenericScope$BeanLifecycleWrapper.getBean(GenericScope.java:375)
	at org.springframework.cloud.context.scope.GenericScope.get(GenericScope.java:179)
	at org.springframework.beans.factory.support.AbstractBeanFactory.doGetBean(AbstractBeanFactory.java:373)
	at org.springframework.beans.factory.support.AbstractBeanFactory.getBean(AbstractBeanFactory.java:200)
	at org.springframework.aop.target.SimpleBeanTargetSource.getTarget(SimpleBeanTargetSource.java:35)
	at org.springframework.aop.framework.JdkDynamicAopProxy.invoke(JdkDynamicAopProxy.java:203)
	at jdk.proxy5/jdk.proxy5.$Proxy169.getApplications(Unknown Source)
	at org.springframework.cloud.netflix.eureka.server.EurekaServerAutoConfiguration.peerAwareInstanceRegistry(EurekaServerAutoConfiguration.java:240)
	at java.base/jdk.internal.reflect.NativeMethodAccessorImpl.invoke0(Native Method)
	at java.base/jdk.internal.reflect.NativeMethodAccessorImpl.invoke(NativeMethodAccessorImpl.java:77)
	at java.base/jdk.internal.reflect.DelegatingMethodAccessorImpl.invoke(DelegatingMethodAccessorImpl.java:43)
	at java.base/java.lang.reflect.Method.invoke(Method.java:568)
	at org.springframework.beans.factory.support.SimpleInstantiationStrategy.instantiate(SimpleInstantiationStrategy.java:146)
	at org.springframework.beans.factory.support.ConstructorResolver.instantiate(ConstructorResolver.java:644)
	at org.springframework.beans.factory.support.ConstructorResolver.instantiateUsingFactoryMethod(ConstructorResolver.java:636)
	at org.springframework.beans.factory.support.AbstractAutowireCapableBeanFactory.instantiateUsingFactoryMethod(AbstractAutowireCapableBeanFactory.java:1355)
	at org.springframework.beans.factory.support.AbstractAutowireCapableBeanFactory.createBeanInstance(AbstractAutowireCapableBeanFactory.java:1185)
	at org.springframework.beans.factory.support.AbstractAutowireCapableBeanFactory.doCreateBean(AbstractAutowireCapableBeanFactory.java:562)
	at org.springframework.beans.factory.support.AbstractAutowireCapableBeanFactory.createBean(AbstractAutowireCapableBeanFactory.java:522)
	at org.springframework.beans.factory.support.AbstractBeanFactory.lambda$doGetBean$0(AbstractBeanFactory.java:337)
	at org.springframework.beans.factory.support.DefaultSingletonBeanRegistry.getSingleton(DefaultSingletonBeanRegistry.java:234)
	at org.springframework.beans.factory.support.AbstractBeanFactory.doGetBean(AbstractBeanFactory.java:335)
	at org.springframework.beans.factory.support.AbstractBeanFactory.getBean(AbstractBeanFactory.java:200)
	at org.springframework.beans.factory.config.DependencyDescriptor.resolveCandidate(DependencyDescriptor.java:254)
	at org.springframework.beans.factory.support.DefaultListableBeanFactory.doResolveDependency(DefaultListableBeanFactory.java:1443)
	at org.springframework.beans.factory.support.DefaultListableBeanFactory.resolveDependency(DefaultListableBeanFactory.java:1353)
	at org.springframework.beans.factory.support.ConstructorResolver.resolveAutowiredArgument(ConstructorResolver.java:904)
	at org.springframework.beans.factory.support.ConstructorResolver.createArgumentArray(ConstructorResolver.java:782)
	at org.springframework.beans.factory.support.ConstructorResolver.instantiateUsingFactoryMethod(ConstructorResolver.java:542)
	at org.springframework.beans.factory.support.AbstractAutowireCapableBeanFactory.instantiateUsingFactoryMethod(AbstractAutowireCapableBeanFactory.java:1355)
	at org.springframework.beans.factory.support.AbstractAutowireCapableBeanFactory.createBeanInstance(AbstractAutowireCapableBeanFactory.java:1185)
	at org.springframework.beans.factory.support.AbstractAutowireCapableBeanFactory.doCreateBean(AbstractAutowireCapableBeanFactory.java:562)
	at org.springframework.beans.factory.support.AbstractAutowireCapableBeanFactory.createBean(AbstractAutowireCapableBeanFactory.java:522)
	at org.springframework.beans.factory.support.AbstractBeanFactory.lambda$doGetBean$0(AbstractBeanFactory.java:337)
	at org.springframework.beans.factory.support.DefaultSingletonBeanRegistry.getSingleton(DefaultSingletonBeanRegistry.java:234)
	at org.springframework.beans.factory.support.AbstractBeanFactory.doGetBean(AbstractBeanFactory.java:335)
	at org.springframework.beans.factory.support.AbstractBeanFactory.getBean(AbstractBeanFactory.java:200)
	at org.springframework.beans.factory.config.DependencyDescriptor.resolveCandidate(DependencyDescriptor.java:254)
	at org.springframework.beans.factory.support.DefaultListableBeanFactory.doResolveDependency(DefaultListableBeanFactory.java:1443)
	at org.springframework.beans.factory.support.DefaultListableBeanFactory.resolveDependency(DefaultListableBeanFactory.java:1353)
	at org.springframework.beans.factory.annotation.AutowiredAnnotationBeanPostProcessor$AutowiredFieldElement.resolveFieldValue(AutowiredAnnotationBeanPostProcessor.java:785)
	at org.springframework.beans.factory.annotation.AutowiredAnnotationBeanPostProcessor$AutowiredFieldElement.inject(AutowiredAnnotationBeanPostProcessor.java:768)
	at org.springframework.beans.factory.annotation.InjectionMetadata.inject(InjectionMetadata.java:145)
	at org.springframework.beans.factory.annotation.AutowiredAnnotationBeanPostProcessor.postProcessProperties(AutowiredAnnotationBeanPostProcessor.java:509)
	at org.springframework.beans.factory.support.AbstractAutowireCapableBeanFactory.populateBean(AbstractAutowireCapableBeanFactory.java:1439)
	at org.springframework.beans.factory.support.AbstractAutowireCapableBeanFactory.doCreateBean(AbstractAutowireCapableBeanFactory.java:599)
	at org.springframework.beans.factory.support.AbstractAutowireCapableBeanFactory.createBean(AbstractAutowireCapableBeanFactory.java:522)
	at org.springframework.beans.factory.support.AbstractBeanFactory.lambda$doGetBean$0(AbstractBeanFactory.java:337)
	at org.springframework.beans.factory.support.DefaultSingletonBeanRegistry.getSingleton(DefaultSingletonBeanRegistry.java:234)
	at org.springframework.beans.factory.support.AbstractBeanFactory.doGetBean(AbstractBeanFactory.java:335)
	at org.springframework.beans.factory.support.AbstractBeanFactory.getBean(AbstractBeanFactory.java:200)
	at org.springframework.beans.factory.support.DefaultListableBeanFactory.preInstantiateSingletons(DefaultListableBeanFactory.java:975)
	at org.springframework.context.support.AbstractApplicationContext.finishBeanFactoryInitialization(AbstractApplicationContext.java:971)
	at org.springframework.context.support.AbstractApplicationContext.refresh(AbstractApplicationContext.java:625)
	at org.springframework.boot.web.servlet.context.ServletWebServerApplicationContext.refresh(ServletWebServerApplicationContext.java:146)
	at org.springframework.boot.SpringApplication.refresh(SpringApplication.java:754)
	at org.springframework.boot.SpringApplication.refreshContext(SpringApplication.java:456)
	at org.springframework.boot.SpringApplication.run(SpringApplication.java:335)
	at org.springframework.boot.SpringApplication.run(SpringApplication.java:1363)
	at org.springframework.boot.SpringApplication.run(SpringApplication.java:1352)
	at com.rv.registry.RetailServiceRegistryApplication.main(RetailServiceRegistryApplication.java:12)
	at java.base/jdk.internal.reflect.NativeMethodAccessorImpl.invoke0(Native Method)
	at java.base/jdk.internal.reflect.NativeMethodAccessorImpl.invoke(NativeMethodAccessorImpl.java:77)
	at java.base/jdk.internal.reflect.DelegatingMethodAccessorImpl.invoke(DelegatingMethodAccessorImpl.java:43)
	at java.base/java.lang.reflect.Method.invoke(Method.java:568)
	at org.springframework.boot.devtools.restart.RestartLauncher.run(RestartLauncher.java:50)

2026-02-18T11:27:34.477+05:30  INFO 14596 --- [retail-service-registry] [  restartedMain] com.netflix.discovery.DiscoveryClient    : Initial registry fetch from primary servers failed
2026-02-18T11:27:34.478+05:30  WARN 14596 --- [retail-service-registry] [  restartedMain] com.netflix.discovery.DiscoveryClient    : Using default backup registry implementation which does not do anything.
2026-02-18T11:27:34.479+05:30  INFO 14596 --- [retail-service-registry] [  restartedMain] com.netflix.discovery.DiscoveryClient    : Initial registry fetch from backup servers failed
2026-02-18T11:27:34.480+05:30  INFO 14596 --- [retail-service-registry] [  restartedMain] com.netflix.discovery.DiscoveryClient    : Not registering with Eureka server per configuration
2026-02-18T11:27:34.481+05:30  INFO 14596 --- [retail-service-registry] [  restartedMain] com.netflix.discovery.DiscoveryClient    : Discovery Client initialized at timestamp 1771394254481 with initial instances count: 0
2026-02-18T11:27:34.491+05:30  INFO 14596 --- [retail-service-registry] [  restartedMain] c.n.eureka.DefaultEurekaServerContext    : Initializing ...
2026-02-18T11:27:34.493+05:30  INFO 14596 --- [retail-service-registry] [  restartedMain] c.n.eureka.cluster.PeerEurekaNodes       : Adding new peer nodes [http://localhost:8761/eureka/]
2026-02-18T11:27:34.518+05:30  INFO 14596 --- [retail-service-registry] [  restartedMain] c.n.d.provider.DiscoveryJerseyProvider   : Using JSON encoding codec LegacyJacksonJson
2026-02-18T11:27:34.521+05:30  INFO 14596 --- [retail-service-registry] [  restartedMain] c.n.d.provider.DiscoveryJerseyProvider   : Using JSON decoding codec LegacyJacksonJson
2026-02-18T11:27:34.522+05:30  INFO 14596 --- [retail-service-registry] [  restartedMain] c.n.d.provider.DiscoveryJerseyProvider   : Using XML encoding codec XStreamXml
2026-02-18T11:27:34.522+05:30  INFO 14596 --- [retail-service-registry] [  restartedMain] c.n.d.provider.DiscoveryJerseyProvider   : Using XML decoding codec XStreamXml
2026-02-18T11:27:34.564+05:30  INFO 14596 --- [retail-service-registry] [  restartedMain] c.n.eureka.cluster.PeerEurekaNodes       : Replica node URL:  http://localhost:8761/eureka/
2026-02-18T11:27:34.569+05:30  INFO 14596 --- [retail-service-registry] [  restartedMain] c.n.e.registry.AbstractInstanceRegistry  : Finished initializing remote region registries. All known remote regions: []
2026-02-18T11:27:34.570+05:30  INFO 14596 --- [retail-service-registry] [  restartedMain] c.n.eureka.DefaultEurekaServerContext    : Initialized
2026-02-18T11:27:34.614+05:30  INFO 14596 --- [retail-service-registry] [  restartedMain] o.s.b.a.e.web.EndpointLinksResolver      : Exposing 1 endpoint beneath base path '/actuator'
2026-02-18T11:27:34.726+05:30  INFO 14596 --- [retail-service-registry] [  restartedMain] o.s.c.n.e.s.EurekaServiceRegistry        : Registering application RETAIL-SERVICE-REGISTRY with eureka with status UP
2026-02-18T11:27:34.733+05:30  INFO 14596 --- [retail-service-registry] [      Thread-41] o.s.c.n.e.server.EurekaServerBootstrap   : isAws returned false
2026-02-18T11:27:34.734+05:30  INFO 14596 --- [retail-service-registry] [      Thread-41] o.s.c.n.e.server.EurekaServerBootstrap   : Initialized server context
2026-02-18T11:27:34.735+05:30  INFO 14596 --- [retail-service-registry] [      Thread-41] c.n.e.r.PeerAwareInstanceRegistryImpl    : Got 1 instances from neighboring DS node
2026-02-18T11:27:34.735+05:30  INFO 14596 --- [retail-service-registry] [      Thread-41] c.n.e.r.PeerAwareInstanceRegistryImpl    : Renew threshold is: 1
2026-02-18T11:27:34.736+05:30  INFO 14596 --- [retail-service-registry] [      Thread-41] c.n.e.r.PeerAwareInstanceRegistryImpl    : Changing status to UP
2026-02-18T11:27:34.737+05:30  INFO 14596 --- [retail-service-registry] [      Thread-41] e.s.EurekaServerInitializerConfiguration : Started Eureka Server
2026-02-18T11:27:34.741+05:30  INFO 14596 --- [retail-service-registry] [  restartedMain] o.s.b.w.embedded.tomcat.TomcatWebServer  : Tomcat started on port 8761 (http) with context path '/'
2026-02-18T11:27:34.742+05:30  INFO 14596 --- [retail-service-registry] [  restartedMain] .s.c.n.e.s.EurekaAutoServiceRegistration : Updating port to 8761
2026-02-18T11:27:35.012+05:30  INFO 14596 --- [retail-service-registry] [  restartedMain] c.r.r.RetailServiceRegistryApplication   : Started RetailServiceRegistryApplication in 7.226 seconds (process running for 161.1)
2026-02-18T11:27:35.020+05:30  INFO 14596 --- [retail-service-registry] [  restartedMain] .ConditionEvaluationDeltaLoggingListener : Condition evaluation unchanged
2026-02-18T11:27:39.512+05:30  INFO 14596 --- [retail-service-registry] [nio-8761-exec-1] o.a.c.c.C.[Tomcat].[localhost].[/]       : Initializing Spring DispatcherServlet 'dispatcherServlet'
2026-02-18T11:27:39.514+05:30  INFO 14596 --- [retail-service-registry] [nio-8761-exec-1] o.s.web.servlet.DispatcherServlet        : Initializing Servlet 'dispatcherServlet'
2026-02-18T11:27:39.532+05:30  INFO 14596 --- [retail-service-registry] [nio-8761-exec-1] o.s.web.servlet.DispatcherServlet        : Completed initialization in 16 ms
2026-02-18T11:27:45.760+05:30  WARN 14596 --- [retail-service-registry] [nio-8761-exec-8] c.n.e.registry.AbstractInstanceRegistry  : DS: Registry: lease doesn't exist, registering resource: API-GATEWAY - Rajat:api-gateway:8079
2026-02-18T11:27:45.763+05:30  WARN 14596 --- [retail-service-registry] [nio-8761-exec-8] c.n.eureka.resources.InstanceResource    : Not Found (Renew): API-GATEWAY - Rajat:api-gateway:8079
2026-02-18T11:27:45.946+05:30  INFO 14596 --- [retail-service-registry] [io-8761-exec-10] c.n.e.registry.AbstractInstanceRegistry  : Registered instance API-GATEWAY/Rajat:api-gateway:8079 with status UP (replication=false)
2026-02-18T11:27:46.618+05:30  INFO 14596 --- [retail-service-registry] [nio-8761-exec-1] c.n.e.registry.AbstractInstanceRegistry  : Registered instance API-GATEWAY/Rajat:api-gateway:8079 with status UP (replication=true)
2026-02-18T11:28:04.906+05:30  INFO 14596 --- [retail-service-registry] [reshExecutor-%d] com.netflix.discovery.DiscoveryClient    : Disable delta property : false
2026-02-18T11:28:04.907+05:30  INFO 14596 --- [retail-service-registry] [reshExecutor-%d] com.netflix.discovery.DiscoveryClient    : Single vip registry refresh property : null
2026-02-18T11:28:04.908+05:30  INFO 14596 --- [retail-service-registry] [reshExecutor-%d] com.netflix.discovery.DiscoveryClient    : Force full registry fetch : false
2026-02-18T11:28:04.908+05:30  INFO 14596 --- [retail-service-registry] [reshExecutor-%d] com.netflix.discovery.DiscoveryClient    : Application is null : false
2026-02-18T11:28:04.909+05:30  INFO 14596 --- [retail-service-registry] [reshExecutor-%d] com.netflix.discovery.DiscoveryClient    : Registered Applications size is zero : true
2026-02-18T11:28:04.910+05:30  INFO 14596 --- [retail-service-registry] [reshExecutor-%d] com.netflix.discovery.DiscoveryClient    : Application version is -1: true
2026-02-18T11:28:04.910+05:30  INFO 14596 --- [retail-service-registry] [reshExecutor-%d] com.netflix.discovery.DiscoveryClient    : Getting all instance registry info from the eureka server
2026-02-18T11:28:04.930+05:30  INFO 14596 --- [retail-service-registry] [reshExecutor-%d] com.netflix.discovery.DiscoveryClient    : The response status is 200
2026-02-18T11:28:33.139+05:30  INFO 14596 --- [retail-service-registry] [nio-8761-exec-4] c.n.e.registry.AbstractInstanceRegistry  : Registered instance ADMIN-SERVICE/Rajat:admin-service:8022 with status UP (replication=false)
2026-02-18T11:28:33.786+05:30  INFO 14596 --- [retail-service-registry] [nio-8761-exec-5] c.n.e.registry.AbstractInstanceRegistry  : Registered instance ADMIN-SERVICE/Rajat:admin-service:8022 with status UP (replication=true)
2026-02-18T11:28:34.759+05:30  INFO 14596 --- [retail-service-registry] [a-EvictionTimer] c.n.e.registry.AbstractInstanceRegistry  : Running the evict task with compensationTime 0ms
2026-02-18T11:29:20.392+05:30  INFO 14596 --- [retail-service-registry] [nio-8761-exec-4] c.n.e.registry.AbstractInstanceRegistry  : Registered instance INVENTORY-SERVICE/Rajat:inventory-service:8091 with status UP (replication=false)
2026-02-18T11:29:20.928+05:30  INFO 14596 --- [retail-service-registry] [nio-8761-exec-3] c.n.e.registry.AbstractInstanceRegistry  : Registered instance INVENTORY-SERVICE/Rajat:inventory-service:8091 with status UP (replication=true)
2026-02-18T11:29:34.774+05:30  INFO 14596 --- [retail-service-registry] [a-EvictionTimer] c.n.e.registry.AbstractInstanceRegistry  : Running the evict task with compensationTime 0ms
2026-02-18T11:30:16.850+05:30  INFO 14596 --- [retail-service-registry] [io-8761-exec-10] c.n.e.registry.AbstractInstanceRegistry  : Registered instance ORDER-SERVICE/Rajat:order-service:8088 with status UP (replication=false)
2026-02-18T11:30:18.029+05:30  INFO 14596 --- [retail-service-registry] [nio-8761-exec-8] c.n.e.registry.AbstractInstanceRegistry  : Registered instance ORDER-SERVICE/Rajat:order-service:8088 with status UP (replication=true)
2026-02-18T11:30:29.261+05:30  INFO 14596 --- [retail-service-registry] [nio-8761-exec-3] c.n.e.registry.AbstractInstanceRegistry  : Registered instance REVIEW-SERVICE/Rajat:review-service:8085 with status UP (replication=false)
2026-02-18T11:30:29.890+05:30  INFO 14596 --- [retail-service-registry] [nio-8761-exec-2] c.n.e.registry.AbstractInstanceRegistry  : Registered instance REVIEW-SERVICE/Rajat:review-service:8085 with status UP (replication=true)
2026-02-18T11:30:34.765+05:30  INFO 14596 --- [retail-service-registry] [a-EvictionTimer] c.n.e.registry.AbstractInstanceRegistry  : Running the evict task with compensationTime 5ms
2026-02-18T11:30:49.395+05:30 ERROR 14596 --- [retail-service-registry] [get_localhost-2] c.n.e.cluster.ReplicationTaskProcessor   : It seems to be a socket read timeout exception, it will retry later. if it continues to happen and some eureka node occupied all the cpu time, you should set property 'eureka.server.peer-node-read-timeout-ms' to a bigger value

jakarta.ws.rs.ProcessingException: java.net.SocketTimeoutException: Read timed out
	at org.glassfish.jersey.apache.connector.ApacheConnector.apply(ApacheConnector.java:534) ~[jersey-apache-connector-3.1.8.jar:na]
	at org.glassfish.jersey.client.ClientRuntime.invoke(ClientRuntime.java:300) ~[jersey-client-3.1.8.jar:na]
	at org.glassfish.jersey.client.JerseyInvocation.lambda$invoke$0(JerseyInvocation.java:674) ~[jersey-client-3.1.8.jar:na]
	at org.glassfish.jersey.client.JerseyInvocation.call(JerseyInvocation.java:709) ~[jersey-client-3.1.8.jar:na]
	at org.glassfish.jersey.client.JerseyInvocation.lambda$runInScope$3(JerseyInvocation.java:703) ~[jersey-client-3.1.8.jar:na]
	at org.glassfish.jersey.internal.Errors.process(Errors.java:292) ~[jersey-common-3.1.8.jar:na]
	at org.glassfish.jersey.internal.Errors.process(Errors.java:274) ~[jersey-common-3.1.8.jar:na]
	at org.glassfish.jersey.internal.Errors.process(Errors.java:205) ~[jersey-common-3.1.8.jar:na]
	at org.glassfish.jersey.process.internal.RequestScope.runInScope(RequestScope.java:391) ~[jersey-common-3.1.8.jar:na]
	at org.glassfish.jersey.client.JerseyInvocation.runInScope(JerseyInvocation.java:703) ~[jersey-client-3.1.8.jar:na]
	at org.glassfish.jersey.client.JerseyInvocation.invoke(JerseyInvocation.java:673) ~[jersey-client-3.1.8.jar:na]
	at org.glassfish.jersey.client.JerseyInvocation$Builder.method(JerseyInvocation.java:439) ~[jersey-client-3.1.8.jar:na]
	at org.glassfish.jersey.client.JerseyInvocation$Builder.post(JerseyInvocation.java:345) ~[jersey-client-3.1.8.jar:na]
	at com.netflix.eureka.transport.Jersey3ReplicationClient.submitBatchUpdates(Jersey3ReplicationClient.java:116) ~[eureka-core-jersey3-2.0.4.jar:2.0.4]
	at com.netflix.eureka.cluster.ReplicationTaskProcessor.process(ReplicationTaskProcessor.java:80) ~[eureka-core-2.0.4.jar:2.0.4]
	at com.netflix.eureka.util.batcher.TaskExecutors$BatchWorkerRunnable.run(TaskExecutors.java:178) ~[eureka-core-2.0.4.jar:2.0.4]
	at java.base/java.lang.Thread.run(Thread.java:842) ~[na:na]
Caused by: java.net.SocketTimeoutException: Read timed out
	at java.base/sun.nio.ch.NioSocketImpl.timedRead(NioSocketImpl.java:288) ~[na:na]
	at java.base/sun.nio.ch.NioSocketImpl.implRead(NioSocketImpl.java:314) ~[na:na]
	at java.base/sun.nio.ch.NioSocketImpl.read(NioSocketImpl.java:355) ~[na:na]
	at java.base/sun.nio.ch.NioSocketImpl$1.read(NioSocketImpl.java:808) ~[na:na]
	at java.base/java.net.Socket$SocketInputStream.read(Socket.java:966) ~[na:na]
	at org.apache.http.impl.io.SessionInputBufferImpl.streamRead(SessionInputBufferImpl.java:137) ~[httpcore-4.4.16.jar:4.4.16]
	at org.apache.http.impl.io.SessionInputBufferImpl.fillBuffer(SessionInputBufferImpl.java:153) ~[httpcore-4.4.16.jar:4.4.16]
	at org.apache.http.impl.io.SessionInputBufferImpl.readLine(SessionInputBufferImpl.java:280) ~[httpcore-4.4.16.jar:4.4.16]
	at org.apache.http.impl.conn.DefaultHttpResponseParser.parseHead(DefaultHttpResponseParser.java:138) ~[httpclient-4.5.3.jar:4.5.3]
	at org.apache.http.impl.conn.DefaultHttpResponseParser.parseHead(DefaultHttpResponseParser.java:56) ~[httpclient-4.5.3.jar:4.5.3]
	at org.apache.http.impl.io.AbstractMessageParser.parse(AbstractMessageParser.java:259) ~[httpcore-4.4.16.jar:4.4.16]
	at org.apache.http.impl.DefaultBHttpClientConnection.receiveResponseHeader(DefaultBHttpClientConnection.java:163) ~[httpcore-4.4.16.jar:4.4.16]
	at org.apache.http.impl.conn.CPoolProxy.receiveResponseHeader(CPoolProxy.java:165) ~[httpclient-4.5.3.jar:4.5.3]
	at org.apache.http.protocol.HttpRequestExecutor.doReceiveResponse(HttpRequestExecutor.java:273) ~[httpcore-4.4.16.jar:4.4.16]
	at org.apache.http.protocol.HttpRequestExecutor.execute(HttpRequestExecutor.java:125) ~[httpcore-4.4.16.jar:4.4.16]
	at org.apache.http.impl.execchain.MainClientExec.execute(MainClientExec.java:272) ~[httpclient-4.5.3.jar:4.5.3]
	at org.apache.http.impl.execchain.ProtocolExec.execute(ProtocolExec.java:185) ~[httpclient-4.5.3.jar:4.5.3]
	at org.apache.http.impl.execchain.RetryExec.execute(RetryExec.java:89) ~[httpclient-4.5.3.jar:4.5.3]
	at org.apache.http.impl.execchain.RedirectExec.execute(RedirectExec.java:111) ~[httpclient-4.5.3.jar:4.5.3]
	at org.apache.http.impl.client.InternalHttpClient.doExecute(InternalHttpClient.java:185) ~[httpclient-4.5.3.jar:4.5.3]
	at org.apache.http.impl.client.CloseableHttpClient.execute(CloseableHttpClient.java:72) ~[httpclient-4.5.3.jar:4.5.3]
	at org.glassfish.jersey.apache.connector.ApacheConnector.apply(ApacheConnector.java:486) ~[jersey-apache-connector-3.1.8.jar:na]
	... 16 common frames omitted

2026-02-18T11:31:16.162+05:30  INFO 14596 --- [retail-service-registry] [nio-8761-exec-3] c.n.e.registry.AbstractInstanceRegistry  : Registered instance CAMPAIGN-SERVICE/Rajat:campaign-service:8086 with status UP (replication=false)
2026-02-18T11:31:16.754+05:30  INFO 14596 --- [retail-service-registry] [nio-8761-exec-7] c.n.e.registry.AbstractInstanceRegistry  : Registered instance CAMPAIGN-SERVICE/Rajat:campaign-service:8086 with status UP (replication=true)
2026-02-18T11:31:35.190+05:30  INFO 14596 --- [retail-service-registry] [a-EvictionTimer] c.n.e.registry.AbstractInstanceRegistry  : Running the evict task with compensationTime 426ms
2026-02-18T11:31:47.420+05:30  INFO 14596 --- [retail-service-registry] [nio-8761-exec-1] c.n.e.registry.AbstractInstanceRegistry  : Registered instance SUPPORT-SERVICE/Rajat:support-service:8087 with status UP (replication=false)
2026-02-18T11:31:48.119+05:30  INFO 14596 --- [retail-service-registry] [nio-8761-exec-4] c.n.e.registry.AbstractInstanceRegistry  : Registered instance SUPPORT-SERVICE/Rajat:support-service:8087 with status UP (replication=true)
2026-02-18T11:32:21.636+05:30 ERROR 14596 --- [retail-service-registry] [et_localhost-16] c.n.e.cluster.ReplicationTaskProcessor   : It seems to be a socket read timeout exception, it will retry later. if it continues to happen and some eureka node occupied all the cpu time, you should set property 'eureka.server.peer-node-read-timeout-ms' to a bigger value

jakarta.ws.rs.ProcessingException: java.net.SocketTimeoutException: Read timed out
	at org.glassfish.jersey.apache.connector.ApacheConnector.apply(ApacheConnector.java:534) ~[jersey-apache-connector-3.1.8.jar:na]
	at org.glassfish.jersey.client.ClientRuntime.invoke(ClientRuntime.java:300) ~[jersey-client-3.1.8.jar:na]
	at org.glassfish.jersey.client.JerseyInvocation.lambda$invoke$0(JerseyInvocation.java:674) ~[jersey-client-3.1.8.jar:na]
	at org.glassfish.jersey.client.JerseyInvocation.call(JerseyInvocation.java:709) ~[jersey-client-3.1.8.jar:na]
	at org.glassfish.jersey.client.JerseyInvocation.lambda$runInScope$3(JerseyInvocation.java:703) ~[jersey-client-3.1.8.jar:na]
	at org.glassfish.jersey.internal.Errors.process(Errors.java:292) ~[jersey-common-3.1.8.jar:na]
	at org.glassfish.jersey.internal.Errors.process(Errors.java:274) ~[jersey-common-3.1.8.jar:na]
	at org.glassfish.jersey.internal.Errors.process(Errors.java:205) ~[jersey-common-3.1.8.jar:na]
	at org.glassfish.jersey.process.internal.RequestScope.runInScope(RequestScope.java:391) ~[jersey-common-3.1.8.jar:na]
	at org.glassfish.jersey.client.JerseyInvocation.runInScope(JerseyInvocation.java:703) ~[jersey-client-3.1.8.jar:na]
	at org.glassfish.jersey.client.JerseyInvocation.invoke(JerseyInvocation.java:673) ~[jersey-client-3.1.8.jar:na]
	at org.glassfish.jersey.client.JerseyInvocation$Builder.method(JerseyInvocation.java:439) ~[jersey-client-3.1.8.jar:na]
	at org.glassfish.jersey.client.JerseyInvocation$Builder.post(JerseyInvocation.java:345) ~[jersey-client-3.1.8.jar:na]
	at com.netflix.eureka.transport.Jersey3ReplicationClient.submitBatchUpdates(Jersey3ReplicationClient.java:116) ~[eureka-core-jersey3-2.0.4.jar:2.0.4]
	at com.netflix.eureka.cluster.ReplicationTaskProcessor.process(ReplicationTaskProcessor.java:80) ~[eureka-core-2.0.4.jar:2.0.4]
	at com.netflix.eureka.util.batcher.TaskExecutors$BatchWorkerRunnable.run(TaskExecutors.java:178) ~[eureka-core-2.0.4.jar:2.0.4]
	at java.base/java.lang.Thread.run(Thread.java:842) ~[na:na]
Caused by: java.net.SocketTimeoutException: Read timed out
	at java.base/sun.nio.ch.NioSocketImpl.timedRead(NioSocketImpl.java:288) ~[na:na]
	at java.base/sun.nio.ch.NioSocketImpl.implRead(NioSocketImpl.java:314) ~[na:na]
	at java.base/sun.nio.ch.NioSocketImpl.read(NioSocketImpl.java:355) ~[na:na]
	at java.base/sun.nio.ch.NioSocketImpl$1.read(NioSocketImpl.java:808) ~[na:na]
	at java.base/java.net.Socket$SocketInputStream.read(Socket.java:966) ~[na:na]
	at org.apache.http.impl.io.SessionInputBufferImpl.streamRead(SessionInputBufferImpl.java:137) ~[httpcore-4.4.16.jar:4.4.16]
	at org.apache.http.impl.io.SessionInputBufferImpl.fillBuffer(SessionInputBufferImpl.java:153) ~[httpcore-4.4.16.jar:4.4.16]
	at org.apache.http.impl.io.SessionInputBufferImpl.readLine(SessionInputBufferImpl.java:280) ~[httpcore-4.4.16.jar:4.4.16]
	at org.apache.http.impl.conn.DefaultHttpResponseParser.parseHead(DefaultHttpResponseParser.java:138) ~[httpclient-4.5.3.jar:4.5.3]
	at org.apache.http.impl.conn.DefaultHttpResponseParser.parseHead(DefaultHttpResponseParser.java:56) ~[httpclient-4.5.3.jar:4.5.3]
	at org.apache.http.impl.io.AbstractMessageParser.parse(AbstractMessageParser.java:259) ~[httpcore-4.4.16.jar:4.4.16]
	at org.apache.http.impl.DefaultBHttpClientConnection.receiveResponseHeader(DefaultBHttpClientConnection.java:163) ~[httpcore-4.4.16.jar:4.4.16]
	at org.apache.http.impl.conn.CPoolProxy.receiveResponseHeader(CPoolProxy.java:165) ~[httpclient-4.5.3.jar:4.5.3]
	at org.apache.http.protocol.HttpRequestExecutor.doReceiveResponse(HttpRequestExecutor.java:273) ~[httpcore-4.4.16.jar:4.4.16]
	at org.apache.http.protocol.HttpRequestExecutor.execute(HttpRequestExecutor.java:125) ~[httpcore-4.4.16.jar:4.4.16]
	at org.apache.http.impl.execchain.MainClientExec.execute(MainClientExec.java:272) ~[httpclient-4.5.3.jar:4.5.3]
	at org.apache.http.impl.execchain.ProtocolExec.execute(ProtocolExec.java:185) ~[httpclient-4.5.3.jar:4.5.3]
	at org.apache.http.impl.execchain.RetryExec.execute(RetryExec.java:89) ~[httpclient-4.5.3.jar:4.5.3]
	at org.apache.http.impl.execchain.RedirectExec.execute(RedirectExec.java:111) ~[httpclient-4.5.3.jar:4.5.3]
	at org.apache.http.impl.client.InternalHttpClient.doExecute(InternalHttpClient.java:185) ~[httpclient-4.5.3.jar:4.5.3]
	at org.apache.http.impl.client.CloseableHttpClient.execute(CloseableHttpClient.java:72) ~[httpclient-4.5.3.jar:4.5.3]
	at org.glassfish.jersey.apache.connector.ApacheConnector.apply(ApacheConnector.java:486) ~[jersey-apache-connector-3.1.8.jar:na]
	... 16 common frames omitted

2026-02-18T11:32:30.866+05:30  INFO 14596 --- [retail-service-registry] [nio-8761-exec-3] c.n.e.registry.AbstractInstanceRegistry  : Registered instance NOTIFICATION-SERVICE/Rajat:notification-service:8092 with status UP (replication=false)
2026-02-18T11:32:31.431+05:30  INFO 14596 --- [retail-service-registry] [io-8761-exec-10] c.n.e.registry.AbstractInstanceRegistry  : Registered instance NOTIFICATION-SERVICE/Rajat:notification-service:8092 with status UP (replication=true)
2026-02-18T11:32:33.988+05:30  INFO 14596 --- [retail-service-registry] [nio-8761-exec-6] c.n.e.registry.AbstractInstanceRegistry  : Registered instance WISHLIST-SERVICE/Rajat:wishlist-service:8095 with status UP (replication=false)
2026-02-18T11:32:34.506+05:30  INFO 14596 --- [retail-service-registry] [nio-8761-exec-9] c.n.e.registry.AbstractInstanceRegistry  : Registered instance WISHLIST-SERVICE/Rajat:wishlist-service:8095 with status UP (replication=true)
2026-02-18T11:32:34.987+05:30  INFO 14596 --- [retail-service-registry] [rap-executor-%d] c.n.d.s.r.aws.ConfigClusterResolver      : Resolving eureka endpoints via configuration
2026-02-18T11:32:35.194+05:30  INFO 14596 --- [retail-service-registry] [a-EvictionTimer] c.n.e.registry.AbstractInstanceRegistry  : Running the evict task with compensationTime 3ms
2026-02-18T11:33:35.210+05:30  INFO 14596 --- [retail-service-registry] [a-EvictionTimer] c.n.e.registry.AbstractInstanceRegistry  : Running the evict task with compensationTime 15ms
2026-02-18T11:34:35.211+05:30  INFO 14596 --- [retail-service-registry] [a-EvictionTimer] c.n.e.registry.AbstractInstanceRegistry  : Running the evict task with compensationTime 1ms
2026-02-18T11:35:35.221+05:30  INFO 14596 --- [retail-service-registry] [a-EvictionTimer] c.n.e.registry.AbstractInstanceRegistry  : Running the evict task with compensationTime 10ms
2026-02-18T11:36:36.019+05:30  INFO 14596 --- [retail-service-registry] [a-EvictionTimer] c.n.e.registry.AbstractInstanceRegistry  : Running the evict task with compensationTime 799ms
2026-02-18T11:37:36.706+05:30  INFO 14596 --- [retail-service-registry] [a-EvictionTimer] c.n.e.registry.AbstractInstanceRegistry  : Running the evict task with compensationTime 684ms
2026-02-18T11:37:37.633+05:30  INFO 14596 --- [retail-service-registry] [rap-executor-%d] c.n.d.s.r.aws.ConfigClusterResolver      : Resolving eureka endpoints via configuration
2026-02-18T11:37:34.884+05:30 ERROR 14596 --- [retail-service-registry] [get_localhost-3] c.n.e.cluster.ReplicationTaskProcessor   : It seems to be a socket read timeout exception, it will retry later. if it continues to happen and some eureka node occupied all the cpu time, you should set property 'eureka.server.peer-node-read-timeout-ms' to a bigger value

jakarta.ws.rs.ProcessingException: java.net.SocketTimeoutException: Read timed out
	at org.glassfish.jersey.apache.connector.ApacheConnector.apply(ApacheConnector.java:534) ~[jersey-apache-connector-3.1.8.jar:na]
	at org.glassfish.jersey.client.ClientRuntime.invoke(ClientRuntime.java:300) ~[jersey-client-3.1.8.jar:na]
	at org.glassfish.jersey.client.JerseyInvocation.lambda$invoke$0(JerseyInvocation.java:674) ~[jersey-client-3.1.8.jar:na]
	at org.glassfish.jersey.client.JerseyInvocation.call(JerseyInvocation.java:709) ~[jersey-client-3.1.8.jar:na]
	at org.glassfish.jersey.client.JerseyInvocation.lambda$runInScope$3(JerseyInvocation.java:703) ~[jersey-client-3.1.8.jar:na]
	at org.glassfish.jersey.internal.Errors.process(Errors.java:292) ~[jersey-common-3.1.8.jar:na]
	at org.glassfish.jersey.internal.Errors.process(Errors.java:274) ~[jersey-common-3.1.8.jar:na]
	at org.glassfish.jersey.internal.Errors.process(Errors.java:205) ~[jersey-common-3.1.8.jar:na]
	at org.glassfish.jersey.process.internal.RequestScope.runInScope(RequestScope.java:391) ~[jersey-common-3.1.8.jar:na]
	at org.glassfish.jersey.client.JerseyInvocation.runInScope(JerseyInvocation.java:703) ~[jersey-client-3.1.8.jar:na]
	at org.glassfish.jersey.client.JerseyInvocation.invoke(JerseyInvocation.java:673) ~[jersey-client-3.1.8.jar:na]
	at org.glassfish.jersey.client.JerseyInvocation$Builder.method(JerseyInvocation.java:439) ~[jersey-client-3.1.8.jar:na]
	at org.glassfish.jersey.client.JerseyInvocation$Builder.post(JerseyInvocation.java:345) ~[jersey-client-3.1.8.jar:na]
	at com.netflix.eureka.transport.Jersey3ReplicationClient.submitBatchUpdates(Jersey3ReplicationClient.java:116) ~[eureka-core-jersey3-2.0.4.jar:2.0.4]
	at com.netflix.eureka.cluster.ReplicationTaskProcessor.process(ReplicationTaskProcessor.java:80) ~[eureka-core-2.0.4.jar:2.0.4]
	at com.netflix.eureka.util.batcher.TaskExecutors$BatchWorkerRunnable.run(TaskExecutors.java:178) ~[eureka-core-2.0.4.jar:2.0.4]
	at java.base/java.lang.Thread.run(Thread.java:842) ~[na:na]
Caused by: java.net.SocketTimeoutException: Read timed out
	at java.base/sun.nio.ch.NioSocketImpl.timedRead(NioSocketImpl.java:288) ~[na:na]
	at java.base/sun.nio.ch.NioSocketImpl.implRead(NioSocketImpl.java:314) ~[na:na]
	at java.base/sun.nio.ch.NioSocketImpl.read(NioSocketImpl.java:355) ~[na:na]
	at java.base/sun.nio.ch.NioSocketImpl$1.read(NioSocketImpl.java:808) ~[na:na]
	at java.base/java.net.Socket$SocketInputStream.read(Socket.java:966) ~[na:na]
	at org.apache.http.impl.io.SessionInputBufferImpl.streamRead(SessionInputBufferImpl.java:137) ~[httpcore-4.4.16.jar:4.4.16]
	at org.apache.http.impl.io.SessionInputBufferImpl.fillBuffer(SessionInputBufferImpl.java:153) ~[httpcore-4.4.16.jar:4.4.16]
	at org.apache.http.impl.io.SessionInputBufferImpl.readLine(SessionInputBufferImpl.java:280) ~[httpcore-4.4.16.jar:4.4.16]
	at org.apache.http.impl.conn.DefaultHttpResponseParser.parseHead(DefaultHttpResponseParser.java:138) ~[httpclient-4.5.3.jar:4.5.3]
	at org.apache.http.impl.conn.DefaultHttpResponseParser.parseHead(DefaultHttpResponseParser.java:56) ~[httpclient-4.5.3.jar:4.5.3]
	at org.apache.http.impl.io.AbstractMessageParser.parse(AbstractMessageParser.java:259) ~[httpcore-4.4.16.jar:4.4.16]
	at org.apache.http.impl.DefaultBHttpClientConnection.receiveResponseHeader(DefaultBHttpClientConnection.java:163) ~[httpcore-4.4.16.jar:4.4.16]
	at org.apache.http.impl.conn.CPoolProxy.receiveResponseHeader(CPoolProxy.java:165) ~[httpclient-4.5.3.jar:4.5.3]
	at org.apache.http.protocol.HttpRequestExecutor.doReceiveResponse(HttpRequestExecutor.java:273) ~[httpcore-4.4.16.jar:4.4.16]
	at org.apache.http.protocol.HttpRequestExecutor.execute(HttpRequestExecutor.java:125) ~[httpcore-4.4.16.jar:4.4.16]
	at org.apache.http.impl.execchain.MainClientExec.execute(MainClientExec.java:272) ~[httpclient-4.5.3.jar:4.5.3]
	at org.apache.http.impl.execchain.ProtocolExec.execute(ProtocolExec.java:185) ~[httpclient-4.5.3.jar:4.5.3]
	at org.apache.http.impl.execchain.RetryExec.execute(RetryExec.java:89) ~[httpclient-4.5.3.jar:4.5.3]
	at org.apache.http.impl.execchain.RedirectExec.execute(RedirectExec.java:111) ~[httpclient-4.5.3.jar:4.5.3]
	at org.apache.http.impl.client.InternalHttpClient.doExecute(InternalHttpClient.java:185) ~[httpclient-4.5.3.jar:4.5.3]
	at org.apache.http.impl.client.CloseableHttpClient.execute(CloseableHttpClient.java:72) ~[httpclient-4.5.3.jar:4.5.3]
	at org.glassfish.jersey.apache.connector.ApacheConnector.apply(ApacheConnector.java:486) ~[jersey-apache-connector-3.1.8.jar:na]
	... 16 common frames omitted

2026-02-18T11:38:36.713+05:30  INFO 14596 --- [retail-service-registry] [a-EvictionTimer] c.n.e.registry.AbstractInstanceRegistry  : Running the evict task with compensationTime 7ms
2026-02-18T11:39:36.724+05:30  INFO 14596 --- [retail-service-registry] [a-EvictionTimer] c.n.e.registry.AbstractInstanceRegistry  : Running the evict task with compensationTime 10ms
2026-02-18T11:40:36.733+05:30  INFO 14596 --- [retail-service-registry] [a-EvictionTimer] c.n.e.registry.AbstractInstanceRegistry  : Running the evict task with compensationTime 8ms
2026-02-18T11:41:36.745+05:30  INFO 14596 --- [retail-service-registry] [a-EvictionTimer] c.n.e.registry.AbstractInstanceRegistry  : Running the evict task with compensationTime 12ms
2026-02-18T11:42:36.760+05:30  INFO 14596 --- [retail-service-registry] [a-EvictionTimer] c.n.e.registry.AbstractInstanceRegistry  : Running the evict task with compensationTime 14ms
2026-02-18T11:42:38.980+05:30  INFO 14596 --- [retail-service-registry] [hresholdUpdater] c.n.e.r.PeerAwareInstanceRegistryImpl    : Current renewal threshold is : 15
2026-02-18T11:42:39.830+05:30  INFO 14596 --- [retail-service-registry] [rap-executor-%d] c.n.d.s.r.aws.ConfigClusterResolver      : Resolving eureka endpoints via configuration
2026-02-18T11:43:06.017+05:30 ERROR 14596 --- [retail-service-registry] [et_localhost-17] c.n.e.cluster.ReplicationTaskProcessor   : It seems to be a socket read timeout exception, it will retry later. if it continues to happen and some eureka node occupied all the cpu time, you should set property 'eureka.server.peer-node-read-timeout-ms' to a bigger value

jakarta.ws.rs.ProcessingException: java.net.SocketTimeoutException: Read timed out
	at org.glassfish.jersey.apache.connector.ApacheConnector.apply(ApacheConnector.java:534) ~[jersey-apache-connector-3.1.8.jar:na]
	at org.glassfish.jersey.client.ClientRuntime.invoke(ClientRuntime.java:300) ~[jersey-client-3.1.8.jar:na]
	at org.glassfish.jersey.client.JerseyInvocation.lambda$invoke$0(JerseyInvocation.java:674) ~[jersey-client-3.1.8.jar:na]
	at org.glassfish.jersey.client.JerseyInvocation.call(JerseyInvocation.java:709) ~[jersey-client-3.1.8.jar:na]
	at org.glassfish.jersey.client.JerseyInvocation.lambda$runInScope$3(JerseyInvocation.java:703) ~[jersey-client-3.1.8.jar:na]
	at org.glassfish.jersey.internal.Errors.process(Errors.java:292) ~[jersey-common-3.1.8.jar:na]
	at org.glassfish.jersey.internal.Errors.process(Errors.java:274) ~[jersey-common-3.1.8.jar:na]
	at org.glassfish.jersey.internal.Errors.process(Errors.java:205) ~[jersey-common-3.1.8.jar:na]
	at org.glassfish.jersey.process.internal.RequestScope.runInScope(RequestScope.java:391) ~[jersey-common-3.1.8.jar:na]
	at org.glassfish.jersey.client.JerseyInvocation.runInScope(JerseyInvocation.java:703) ~[jersey-client-3.1.8.jar:na]
	at org.glassfish.jersey.client.JerseyInvocation.invoke(JerseyInvocation.java:673) ~[jersey-client-3.1.8.jar:na]
	at org.glassfish.jersey.client.JerseyInvocation$Builder.method(JerseyInvocation.java:439) ~[jersey-client-3.1.8.jar:na]
	at org.glassfish.jersey.client.JerseyInvocation$Builder.post(JerseyInvocation.java:345) ~[jersey-client-3.1.8.jar:na]
	at com.netflix.eureka.transport.Jersey3ReplicationClient.submitBatchUpdates(Jersey3ReplicationClient.java:116) ~[eureka-core-jersey3-2.0.4.jar:2.0.4]
	at com.netflix.eureka.cluster.ReplicationTaskProcessor.process(ReplicationTaskProcessor.java:80) ~[eureka-core-2.0.4.jar:2.0.4]
	at com.netflix.eureka.util.batcher.TaskExecutors$BatchWorkerRunnable.run(TaskExecutors.java:178) ~[eureka-core-2.0.4.jar:2.0.4]
	at java.base/java.lang.Thread.run(Thread.java:842) ~[na:na]
Caused by: java.net.SocketTimeoutException: Read timed out
	at java.base/sun.nio.ch.NioSocketImpl.timedRead(NioSocketImpl.java:288) ~[na:na]
	at java.base/sun.nio.ch.NioSocketImpl.implRead(NioSocketImpl.java:314) ~[na:na]
	at java.base/sun.nio.ch.NioSocketImpl.read(NioSocketImpl.java:355) ~[na:na]
	at java.base/sun.nio.ch.NioSocketImpl$1.read(NioSocketImpl.java:808) ~[na:na]
	at java.base/java.net.Socket$SocketInputStream.read(Socket.java:966) ~[na:na]
	at org.apache.http.impl.io.SessionInputBufferImpl.streamRead(SessionInputBufferImpl.java:137) ~[httpcore-4.4.16.jar:4.4.16]
	at org.apache.http.impl.io.SessionInputBufferImpl.fillBuffer(SessionInputBufferImpl.java:153) ~[httpcore-4.4.16.jar:4.4.16]
	at org.apache.http.impl.io.SessionInputBufferImpl.readLine(SessionInputBufferImpl.java:280) ~[httpcore-4.4.16.jar:4.4.16]
	at org.apache.http.impl.conn.DefaultHttpResponseParser.parseHead(DefaultHttpResponseParser.java:138) ~[httpclient-4.5.3.jar:4.5.3]
	at org.apache.http.impl.conn.DefaultHttpResponseParser.parseHead(DefaultHttpResponseParser.java:56) ~[httpclient-4.5.3.jar:4.5.3]
	at org.apache.http.impl.io.AbstractMessageParser.parse(AbstractMessageParser.java:259) ~[httpcore-4.4.16.jar:4.4.16]
	at org.apache.http.impl.DefaultBHttpClientConnection.receiveResponseHeader(DefaultBHttpClientConnection.java:163) ~[httpcore-4.4.16.jar:4.4.16]
	at org.apache.http.impl.conn.CPoolProxy.receiveResponseHeader(CPoolProxy.java:165) ~[httpclient-4.5.3.jar:4.5.3]
	at org.apache.http.protocol.HttpRequestExecutor.doReceiveResponse(HttpRequestExecutor.java:273) ~[httpcore-4.4.16.jar:4.4.16]
	at org.apache.http.protocol.HttpRequestExecutor.execute(HttpRequestExecutor.java:125) ~[httpcore-4.4.16.jar:4.4.16]
	at org.apache.http.impl.execchain.MainClientExec.execute(MainClientExec.java:272) ~[httpclient-4.5.3.jar:4.5.3]
	at org.apache.http.impl.execchain.ProtocolExec.execute(ProtocolExec.java:185) ~[httpclient-4.5.3.jar:4.5.3]
	at org.apache.http.impl.execchain.RetryExec.execute(RetryExec.java:89) ~[httpclient-4.5.3.jar:4.5.3]
	at org.apache.http.impl.execchain.RedirectExec.execute(RedirectExec.java:111) ~[httpclient-4.5.3.jar:4.5.3]
	at org.apache.http.impl.client.InternalHttpClient.doExecute(InternalHttpClient.java:185) ~[httpclient-4.5.3.jar:4.5.3]
	at org.apache.http.impl.client.CloseableHttpClient.execute(CloseableHttpClient.java:72) ~[httpclient-4.5.3.jar:4.5.3]
	at org.glassfish.jersey.apache.connector.ApacheConnector.apply(ApacheConnector.java:486) ~[jersey-apache-connector-3.1.8.jar:na]
	... 16 common frames omitted

2026-02-18T11:43:36.768+05:30  INFO 14596 --- [retail-service-registry] [a-EvictionTimer] c.n.e.registry.AbstractInstanceRegistry  : Running the evict task with compensationTime 7ms
2026-02-18T11:44:36.782+05:30  INFO 14596 --- [retail-service-registry] [a-EvictionTimer] c.n.e.registry.AbstractInstanceRegistry  : Running the evict task with compensationTime 14ms
2026-02-18T11:45:36.786+05:30  INFO 14596 --- [retail-service-registry] [a-EvictionTimer] c.n.e.registry.AbstractInstanceRegistry  : Running the evict task with compensationTime 4ms
2026-02-18T11:46:36.800+05:30  INFO 14596 --- [retail-service-registry] [a-EvictionTimer] c.n.e.registry.AbstractInstanceRegistry  : Running the evict task with compensationTime 14ms
2026-02-18T11:47:36.814+05:30  INFO 14596 --- [retail-service-registry] [a-EvictionTimer] c.n.e.registry.AbstractInstanceRegistry  : Running the evict task with compensationTime 14ms
2026-02-18T11:47:39.922+05:30  INFO 14596 --- [retail-service-registry] [rap-executor-%d] c.n.d.s.r.aws.ConfigClusterResolver      : Resolving eureka endpoints via configuration
2026-02-18T11:48:36.829+05:30  INFO 14596 --- [retail-service-registry] [a-EvictionTimer] c.n.e.registry.AbstractInstanceRegistry  : Running the evict task with compensationTime 15ms
2026-02-18T11:49:36.837+05:30  INFO 14596 --- [retail-service-registry] [a-EvictionTimer] c.n.e.registry.AbstractInstanceRegistry  : Running the evict task with compensationTime 7ms
2026-02-18T11:50:36.838+05:30  INFO 14596 --- [retail-service-registry] [a-EvictionTimer] c.n.e.registry.AbstractInstanceRegistry  : Running the evict task with compensationTime 0ms
2026-02-18T11:50:50.579+05:30 ERROR 14596 --- [retail-service-registry] [et_localhost-10] c.n.e.cluster.ReplicationTaskProcessor   : It seems to be a socket read timeout exception, it will retry later. if it continues to happen and some eureka node occupied all the cpu time, you should set property 'eureka.server.peer-node-read-timeout-ms' to a bigger value

jakarta.ws.rs.ProcessingException: java.net.SocketTimeoutException: Read timed out
	at org.glassfish.jersey.apache.connector.ApacheConnector.apply(ApacheConnector.java:534) ~[jersey-apache-connector-3.1.8.jar:na]
	at org.glassfish.jersey.client.ClientRuntime.invoke(ClientRuntime.java:300) ~[jersey-client-3.1.8.jar:na]
	at org.glassfish.jersey.client.JerseyInvocation.lambda$invoke$0(JerseyInvocation.java:674) ~[jersey-client-3.1.8.jar:na]
	at org.glassfish.jersey.client.JerseyInvocation.call(JerseyInvocation.java:709) ~[jersey-client-3.1.8.jar:na]
	at org.glassfish.jersey.client.JerseyInvocation.lambda$runInScope$3(JerseyInvocation.java:703) ~[jersey-client-3.1.8.jar:na]
	at org.glassfish.jersey.internal.Errors.process(Errors.java:292) ~[jersey-common-3.1.8.jar:na]
	at org.glassfish.jersey.internal.Errors.process(Errors.java:274) ~[jersey-common-3.1.8.jar:na]
	at org.glassfish.jersey.internal.Errors.process(Errors.java:205) ~[jersey-common-3.1.8.jar:na]
	at org.glassfish.jersey.process.internal.RequestScope.runInScope(RequestScope.java:391) ~[jersey-common-3.1.8.jar:na]
	at org.glassfish.jersey.client.JerseyInvocation.runInScope(JerseyInvocation.java:703) ~[jersey-client-3.1.8.jar:na]
	at org.glassfish.jersey.client.JerseyInvocation.invoke(JerseyInvocation.java:673) ~[jersey-client-3.1.8.jar:na]
	at org.glassfish.jersey.client.JerseyInvocation$Builder.method(JerseyInvocation.java:439) ~[jersey-client-3.1.8.jar:na]
	at org.glassfish.jersey.client.JerseyInvocation$Builder.post(JerseyInvocation.java:345) ~[jersey-client-3.1.8.jar:na]
	at com.netflix.eureka.transport.Jersey3ReplicationClient.submitBatchUpdates(Jersey3ReplicationClient.java:116) ~[eureka-core-jersey3-2.0.4.jar:2.0.4]
	at com.netflix.eureka.cluster.ReplicationTaskProcessor.process(ReplicationTaskProcessor.java:80) ~[eureka-core-2.0.4.jar:2.0.4]
	at com.netflix.eureka.util.batcher.TaskExecutors$BatchWorkerRunnable.run(TaskExecutors.java:178) ~[eureka-core-2.0.4.jar:2.0.4]
	at java.base/java.lang.Thread.run(Thread.java:842) ~[na:na]
Caused by: java.net.SocketTimeoutException: Read timed out
	at java.base/sun.nio.ch.NioSocketImpl.timedRead(NioSocketImpl.java:288) ~[na:na]
	at java.base/sun.nio.ch.NioSocketImpl.implRead(NioSocketImpl.java:314) ~[na:na]
	at java.base/sun.nio.ch.NioSocketImpl.read(NioSocketImpl.java:355) ~[na:na]
	at java.base/sun.nio.ch.NioSocketImpl$1.read(NioSocketImpl.java:808) ~[na:na]
	at java.base/java.net.Socket$SocketInputStream.read(Socket.java:966) ~[na:na]
	at org.apache.http.impl.io.SessionInputBufferImpl.streamRead(SessionInputBufferImpl.java:137) ~[httpcore-4.4.16.jar:4.4.16]
	at org.apache.http.impl.io.SessionInputBufferImpl.fillBuffer(SessionInputBufferImpl.java:153) ~[httpcore-4.4.16.jar:4.4.16]
	at org.apache.http.impl.io.SessionInputBufferImpl.readLine(SessionInputBufferImpl.java:280) ~[httpcore-4.4.16.jar:4.4.16]
	at org.apache.http.impl.conn.DefaultHttpResponseParser.parseHead(DefaultHttpResponseParser.java:138) ~[httpclient-4.5.3.jar:4.5.3]
	at org.apache.http.impl.conn.DefaultHttpResponseParser.parseHead(DefaultHttpResponseParser.java:56) ~[httpclient-4.5.3.jar:4.5.3]
	at org.apache.http.impl.io.AbstractMessageParser.parse(AbstractMessageParser.java:259) ~[httpcore-4.4.16.jar:4.4.16]
	at org.apache.http.impl.DefaultBHttpClientConnection.receiveResponseHeader(DefaultBHttpClientConnection.java:163) ~[httpcore-4.4.16.jar:4.4.16]
	at org.apache.http.impl.conn.CPoolProxy.receiveResponseHeader(CPoolProxy.java:165) ~[httpclient-4.5.3.jar:4.5.3]
	at org.apache.http.protocol.HttpRequestExecutor.doReceiveResponse(HttpRequestExecutor.java:273) ~[httpcore-4.4.16.jar:4.4.16]
	at org.apache.http.protocol.HttpRequestExecutor.execute(HttpRequestExecutor.java:125) ~[httpcore-4.4.16.jar:4.4.16]
	at org.apache.http.impl.execchain.MainClientExec.execute(MainClientExec.java:272) ~[httpclient-4.5.3.jar:4.5.3]
	at org.apache.http.impl.execchain.ProtocolExec.execute(ProtocolExec.java:185) ~[httpclient-4.5.3.jar:4.5.3]
	at org.apache.http.impl.execchain.RetryExec.execute(RetryExec.java:89) ~[httpclient-4.5.3.jar:4.5.3]
	at org.apache.http.impl.execchain.RedirectExec.execute(RedirectExec.java:111) ~[httpclient-4.5.3.jar:4.5.3]
	at org.apache.http.impl.client.InternalHttpClient.doExecute(InternalHttpClient.java:185) ~[httpclient-4.5.3.jar:4.5.3]
	at org.apache.http.impl.client.CloseableHttpClient.execute(CloseableHttpClient.java:72) ~[httpclient-4.5.3.jar:4.5.3]
	at org.glassfish.jersey.apache.connector.ApacheConnector.apply(ApacheConnector.java:486) ~[jersey-apache-connector-3.1.8.jar:na]
	... 16 common frames omitted

2026-02-18T11:51:36.839+05:30  INFO 14596 --- [retail-service-registry] [a-EvictionTimer] c.n.e.registry.AbstractInstanceRegistry  : Running the evict task with compensationTime 1ms
2026-02-18T11:52:36.843+05:30  INFO 14596 --- [retail-service-registry] [a-EvictionTimer] c.n.e.registry.AbstractInstanceRegistry  : Running the evict task with compensationTime 4ms
2026-02-18T11:52:39.961+05:30  INFO 14596 --- [retail-service-registry] [rap-executor-%d] c.n.d.s.r.aws.ConfigClusterResolver      : Resolving eureka endpoints via configuration
2026-02-18T11:52:43.333+05:30  INFO 14596 --- [retail-service-registry] [nio-8761-exec-6] c.n.e.registry.AbstractInstanceRegistry  : Registered instance USER-SERVICE/Rajat:user-service:8081 with status UP (replication=false)
2026-02-18T11:52:44.034+05:30  INFO 14596 --- [retail-service-registry] [nio-8761-exec-2] c.n.e.registry.AbstractInstanceRegistry  : Registered instance USER-SERVICE/Rajat:user-service:8081 with status UP (replication=true)
2026-02-18T11:53:36.854+05:30  INFO 14596 --- [retail-service-registry] [a-EvictionTimer] c.n.e.registry.AbstractInstanceRegistry  : Running the evict task with compensationTime 10ms
2026-02-18T11:54:36.864+05:30  INFO 14596 --- [retail-service-registry] [a-EvictionTimer] c.n.e.registry.AbstractInstanceRegistry  : Running the evict task with compensationTime 9ms
2026-02-18T11:55:36.867+05:30  INFO 14596 --- [retail-service-registry] [a-EvictionTimer] c.n.e.registry.AbstractInstanceRegistry  : Running the evict task with compensationTime 3ms
2026-02-18T11:56:17.769+05:30 ERROR 14596 --- [retail-service-registry] [et_localhost-14] c.n.e.cluster.ReplicationTaskProcessor   : It seems to be a socket read timeout exception, it will retry later. if it continues to happen and some eureka node occupied all the cpu time, you should set property 'eureka.server.peer-node-read-timeout-ms' to a bigger value

jakarta.ws.rs.ProcessingException: java.net.SocketTimeoutException: Read timed out
	at org.glassfish.jersey.apache.connector.ApacheConnector.apply(ApacheConnector.java:534) ~[jersey-apache-connector-3.1.8.jar:na]
	at org.glassfish.jersey.client.ClientRuntime.invoke(ClientRuntime.java:300) ~[jersey-client-3.1.8.jar:na]
	at org.glassfish.jersey.client.JerseyInvocation.lambda$invoke$0(JerseyInvocation.java:674) ~[jersey-client-3.1.8.jar:na]
	at org.glassfish.jersey.client.JerseyInvocation.call(JerseyInvocation.java:709) ~[jersey-client-3.1.8.jar:na]
	at org.glassfish.jersey.client.JerseyInvocation.lambda$runInScope$3(JerseyInvocation.java:703) ~[jersey-client-3.1.8.jar:na]
	at org.glassfish.jersey.internal.Errors.process(Errors.java:292) ~[jersey-common-3.1.8.jar:na]
	at org.glassfish.jersey.internal.Errors.process(Errors.java:274) ~[jersey-common-3.1.8.jar:na]
	at org.glassfish.jersey.internal.Errors.process(Errors.java:205) ~[jersey-common-3.1.8.jar:na]
	at org.glassfish.jersey.process.internal.RequestScope.runInScope(RequestScope.java:391) ~[jersey-common-3.1.8.jar:na]
	at org.glassfish.jersey.client.JerseyInvocation.runInScope(JerseyInvocation.java:703) ~[jersey-client-3.1.8.jar:na]
	at org.glassfish.jersey.client.JerseyInvocation.invoke(JerseyInvocation.java:673) ~[jersey-client-3.1.8.jar:na]
	at org.glassfish.jersey.client.JerseyInvocation$Builder.method(JerseyInvocation.java:439) ~[jersey-client-3.1.8.jar:na]
	at org.glassfish.jersey.client.JerseyInvocation$Builder.post(JerseyInvocation.java:345) ~[jersey-client-3.1.8.jar:na]
	at com.netflix.eureka.transport.Jersey3ReplicationClient.submitBatchUpdates(Jersey3ReplicationClient.java:116) ~[eureka-core-jersey3-2.0.4.jar:2.0.4]
	at com.netflix.eureka.cluster.ReplicationTaskProcessor.process(ReplicationTaskProcessor.java:80) ~[eureka-core-2.0.4.jar:2.0.4]
	at com.netflix.eureka.util.batcher.TaskExecutors$BatchWorkerRunnable.run(TaskExecutors.java:178) ~[eureka-core-2.0.4.jar:2.0.4]
	at java.base/java.lang.Thread.run(Thread.java:842) ~[na:na]
Caused by: java.net.SocketTimeoutException: Read timed out
	at java.base/sun.nio.ch.NioSocketImpl.timedRead(NioSocketImpl.java:288) ~[na:na]
	at java.base/sun.nio.ch.NioSocketImpl.implRead(NioSocketImpl.java:314) ~[na:na]
	at java.base/sun.nio.ch.NioSocketImpl.read(NioSocketImpl.java:355) ~[na:na]
	at java.base/sun.nio.ch.NioSocketImpl$1.read(NioSocketImpl.java:808) ~[na:na]
	at java.base/java.net.Socket$SocketInputStream.read(Socket.java:966) ~[na:na]
	at org.apache.http.impl.io.SessionInputBufferImpl.streamRead(SessionInputBufferImpl.java:137) ~[httpcore-4.4.16.jar:4.4.16]
	at org.apache.http.impl.io.SessionInputBufferImpl.fillBuffer(SessionInputBufferImpl.java:153) ~[httpcore-4.4.16.jar:4.4.16]
	at org.apache.http.impl.io.SessionInputBufferImpl.readLine(SessionInputBufferImpl.java:280) ~[httpcore-4.4.16.jar:4.4.16]
	at org.apache.http.impl.conn.DefaultHttpResponseParser.parseHead(DefaultHttpResponseParser.java:138) ~[httpclient-4.5.3.jar:4.5.3]
	at org.apache.http.impl.conn.DefaultHttpResponseParser.parseHead(DefaultHttpResponseParser.java:56) ~[httpclient-4.5.3.jar:4.5.3]
	at org.apache.http.impl.io.AbstractMessageParser.parse(AbstractMessageParser.java:259) ~[httpcore-4.4.16.jar:4.4.16]
	at org.apache.http.impl.DefaultBHttpClientConnection.receiveResponseHeader(DefaultBHttpClientConnection.java:163) ~[httpcore-4.4.16.jar:4.4.16]
	at org.apache.http.impl.conn.CPoolProxy.receiveResponseHeader(CPoolProxy.java:165) ~[httpclient-4.5.3.jar:4.5.3]
	at org.apache.http.protocol.HttpRequestExecutor.doReceiveResponse(HttpRequestExecutor.java:273) ~[httpcore-4.4.16.jar:4.4.16]
	at org.apache.http.protocol.HttpRequestExecutor.execute(HttpRequestExecutor.java:125) ~[httpcore-4.4.16.jar:4.4.16]
	at org.apache.http.impl.execchain.MainClientExec.execute(MainClientExec.java:272) ~[httpclient-4.5.3.jar:4.5.3]
	at org.apache.http.impl.execchain.ProtocolExec.execute(ProtocolExec.java:185) ~[httpclient-4.5.3.jar:4.5.3]
	at org.apache.http.impl.execchain.RetryExec.execute(RetryExec.java:89) ~[httpclient-4.5.3.jar:4.5.3]
	at org.apache.http.impl.execchain.RedirectExec.execute(RedirectExec.java:111) ~[httpclient-4.5.3.jar:4.5.3]
	at org.apache.http.impl.client.InternalHttpClient.doExecute(InternalHttpClient.java:185) ~[httpclient-4.5.3.jar:4.5.3]
	at org.apache.http.impl.client.CloseableHttpClient.execute(CloseableHttpClient.java:72) ~[httpclient-4.5.3.jar:4.5.3]
	at org.glassfish.jersey.apache.connector.ApacheConnector.apply(ApacheConnector.java:486) ~[jersey-apache-connector-3.1.8.jar:na]
	... 16 common frames omitted

2026-02-18T11:56:36.869+05:30  INFO 14596 --- [retail-service-registry] [a-EvictionTimer] c.n.e.registry.AbstractInstanceRegistry  : Running the evict task with compensationTime 2ms
2026-02-18T11:57:34.621+05:30  INFO 14596 --- [retail-service-registry] [hresholdUpdater] c.n.e.r.PeerAwareInstanceRegistryImpl    : Current renewal threshold is : 17
2026-02-18T11:57:36.879+05:30  INFO 14596 --- [retail-service-registry] [a-EvictionTimer] c.n.e.registry.AbstractInstanceRegistry  : Running the evict task with compensationTime 9ms
2026-02-18T11:57:39.980+05:30  INFO 14596 --- [retail-service-registry] [rap-executor-%d] c.n.d.s.r.aws.ConfigClusterResolver      : Resolving eureka endpoints via configuration
2026-02-18T11:58:36.883+05:30  INFO 14596 --- [retail-service-registry] [a-EvictionTimer] c.n.e.registry.AbstractInstanceRegistry  : Running the evict task with compensationTime 4ms
2026-02-18T11:59:36.889+05:30  INFO 14596 --- [retail-service-registry] [a-EvictionTimer] c.n.e.registry.AbstractInstanceRegistry  : Running the evict task with compensationTime 5ms
2026-02-18T12:00:36.904+05:30  INFO 14596 --- [retail-service-registry] [a-EvictionTimer] c.n.e.registry.AbstractInstanceRegistry  : Running the evict task with compensationTime 15ms
2026-02-18T12:01:36.912+05:30  INFO 14596 --- [retail-service-registry] [a-EvictionTimer] c.n.e.registry.AbstractInstanceRegistry  : Running the evict task with compensationTime 7ms
2026-02-18T12:02:36.919+05:30  INFO 14596 --- [retail-service-registry] [a-EvictionTimer] c.n.e.registry.AbstractInstanceRegistry  : Running the evict task with compensationTime 7ms
2026-02-18T12:02:39.990+05:30  INFO 14596 --- [retail-service-registry] [rap-executor-%d] c.n.d.s.r.aws.ConfigClusterResolver      : Resolving eureka endpoints via configuration
2026-02-18T12:03:36.927+05:30  INFO 14596 --- [retail-service-registry] [a-EvictionTimer] c.n.e.registry.AbstractInstanceRegistry  : Running the evict task with compensationTime 8ms
2026-02-18T12:04:36.942+05:30  INFO 14596 --- [retail-service-registry] [a-EvictionTimer] c.n.e.registry.AbstractInstanceRegistry  : Running the evict task with compensationTime 14ms
2026-02-18T12:05:36.945+05:30  INFO 14596 --- [retail-service-registry] [a-EvictionTimer] c.n.e.registry.AbstractInstanceRegistry  : Running the evict task with compensationTime 3ms
2026-02-18T12:06:36.946+05:30  INFO 14596 --- [retail-service-registry] [a-EvictionTimer] c.n.e.registry.AbstractInstanceRegistry  : Running the evict task with compensationTime 0ms
2026-02-18T12:07:36.946+05:30  INFO 14596 --- [retail-service-registry] [a-EvictionTimer] c.n.e.registry.AbstractInstanceRegistry  : Running the evict task with compensationTime 0ms
2026-02-18T12:07:39.994+05:30  INFO 14596 --- [retail-service-registry] [rap-executor-%d] c.n.d.s.r.aws.ConfigClusterResolver      : Resolving eureka endpoints via configuration
2026-02-18T12:08:36.957+05:30  INFO 14596 --- [retail-service-registry] [a-EvictionTimer] c.n.e.registry.AbstractInstanceRegistry  : Running the evict task with compensationTime 11ms
2026-02-18T12:09:36.968+05:30  INFO 14596 --- [retail-service-registry] [a-EvictionTimer] c.n.e.registry.AbstractInstanceRegistry  : Running the evict task with compensationTime 10ms
2026-02-18T12:10:36.970+05:30  INFO 14596 --- [retail-service-registry] [a-EvictionTimer] c.n.e.registry.AbstractInstanceRegistry  : Running the evict task with compensationTime 1ms
2026-02-18T12:11:36.976+05:30  INFO 14596 --- [retail-service-registry] [a-EvictionTimer] c.n.e.registry.AbstractInstanceRegistry  : Running the evict task with compensationTime 5ms
2026-02-18T12:12:34.602+05:30  INFO 14596 --- [retail-service-registry] [hresholdUpdater] c.n.e.r.PeerAwareInstanceRegistryImpl    : Current renewal threshold is : 17
2026-02-18T12:12:36.977+05:30  INFO 14596 --- [retail-service-registry] [a-EvictionTimer] c.n.e.registry.AbstractInstanceRegistry  : Running the evict task with compensationTime 1ms
2026-02-18T12:12:40.009+05:30  INFO 14596 --- [retail-service-registry] [rap-executor-%d] c.n.d.s.r.aws.ConfigClusterResolver      : Resolving eureka endpoints via configuration
2026-02-18T12:13:36.978+05:30  INFO 14596 --- [retail-service-registry] [a-EvictionTimer] c.n.e.registry.AbstractInstanceRegistry  : Running the evict task with compensationTime 0ms
2026-02-18T12:14:36.990+05:30  INFO 14596 --- [retail-service-registry] [a-EvictionTimer] c.n.e.registry.AbstractInstanceRegistry  : Running the evict task with compensationTime 12ms
2026-02-18T12:15:37.001+05:30  INFO 14596 --- [retail-service-registry] [a-EvictionTimer] c.n.e.registry.AbstractInstanceRegistry  : Running the evict task with compensationTime 11ms
2026-02-18T12:16:37.012+05:30  INFO 14596 --- [retail-service-registry] [a-EvictionTimer] c.n.e.registry.AbstractInstanceRegistry  : Running the evict task with compensationTime 10ms
2026-02-18T12:17:37.022+05:30  INFO 14596 --- [retail-service-registry] [a-EvictionTimer] c.n.e.registry.AbstractInstanceRegistry  : Running the evict task with compensationTime 10ms
2026-02-18T12:17:40.036+05:30  INFO 14596 --- [retail-service-registry] [rap-executor-%d] c.n.d.s.r.aws.ConfigClusterResolver      : Resolving eureka endpoints via configuration
2026-02-18T12:18:37.026+05:30  INFO 14596 --- [retail-service-registry] [a-EvictionTimer] c.n.e.registry.AbstractInstanceRegistry  : Running the evict task with compensationTime 4ms
2026-02-18T12:19:37.034+05:30  INFO 14596 --- [retail-service-registry] [a-EvictionTimer] c.n.e.registry.AbstractInstanceRegistry  : Running the evict task with compensationTime 7ms
2026-02-18T12:20:37.036+05:30  INFO 14596 --- [retail-service-registry] [a-EvictionTimer] c.n.e.registry.AbstractInstanceRegistry  : Running the evict task with compensationTime 2ms
2026-02-18T12:21:37.050+05:30  INFO 14596 --- [retail-service-registry] [a-EvictionTimer] c.n.e.registry.AbstractInstanceRegistry  : Running the evict task with compensationTime 13ms
2026-02-18T12:22:37.060+05:30  INFO 14596 --- [retail-service-registry] [a-EvictionTimer] c.n.e.registry.AbstractInstanceRegistry  : Running the evict task with compensationTime 10ms
2026-02-18T12:22:40.047+05:30  INFO 14596 --- [retail-service-registry] [rap-executor-%d] c.n.d.s.r.aws.ConfigClusterResolver      : Resolving eureka endpoints via configuration
2026-02-18T12:23:37.068+05:30  INFO 14596 --- [retail-service-registry] [a-EvictionTimer] c.n.e.registry.AbstractInstanceRegistry  : Running the evict task with compensationTime 8ms
2026-02-18T12:24:37.073+05:30  INFO 14596 --- [retail-service-registry] [a-EvictionTimer] c.n.e.registry.AbstractInstanceRegistry  : Running the evict task with compensationTime 4ms
2026-02-18T12:25:37.084+05:30  INFO 14596 --- [retail-service-registry] [a-EvictionTimer] c.n.e.registry.AbstractInstanceRegistry  : Running the evict task with compensationTime 11ms
2026-02-18T12:26:37.088+05:30  INFO 14596 --- [retail-service-registry] [a-EvictionTimer] c.n.e.registry.AbstractInstanceRegistry  : Running the evict task with compensationTime 4ms
2026-02-18T12:27:34.605+05:30  INFO 14596 --- [retail-service-registry] [hresholdUpdater] c.n.e.r.PeerAwareInstanceRegistryImpl    : Current renewal threshold is : 17
2026-02-18T12:27:37.099+05:30  INFO 14596 --- [retail-service-registry] [a-EvictionTimer] c.n.e.registry.AbstractInstanceRegistry  : Running the evict task with compensationTime 10ms
2026-02-18T12:27:40.064+05:30  INFO 14596 --- [retail-service-registry] [rap-executor-%d] c.n.d.s.r.aws.ConfigClusterResolver      : Resolving eureka endpoints via configuration
2026-02-18T12:28:37.103+05:30  INFO 14596 --- [retail-service-registry] [a-EvictionTimer] c.n.e.registry.AbstractInstanceRegistry  : Running the evict task with compensationTime 4ms
2026-02-18T12:29:37.114+05:30  INFO 14596 --- [retail-service-registry] [a-EvictionTimer] c.n.e.registry.AbstractInstanceRegistry  : Running the evict task with compensationTime 10ms
2026-02-18T12:30:37.125+05:30  INFO 14596 --- [retail-service-registry] [a-EvictionTimer] c.n.e.registry.AbstractInstanceRegistry  : Running the evict task with compensationTime 11ms
2026-02-18T12:31:37.132+05:30  INFO 14596 --- [retail-service-registry] [a-EvictionTimer] c.n.e.registry.AbstractInstanceRegistry  : Running the evict task with compensationTime 7ms
2026-02-18T12:32:37.139+05:30  INFO 14596 --- [retail-service-registry] [a-EvictionTimer] c.n.e.registry.AbstractInstanceRegistry  : Running the evict task with compensationTime 6ms
2026-02-18T12:32:40.091+05:30  INFO 14596 --- [retail-service-registry] [rap-executor-%d] c.n.d.s.r.aws.ConfigClusterResolver      : Resolving eureka endpoints via configuration
2026-02-18T12:33:37.144+05:30  INFO 14596 --- [retail-service-registry] [a-EvictionTimer] c.n.e.registry.AbstractInstanceRegistry  : Running the evict task with compensationTime 5ms
2026-02-18T12:34:37.147+05:30  INFO 14596 --- [retail-service-registry] [a-EvictionTimer] c.n.e.registry.AbstractInstanceRegistry  : Running the evict task with compensationTime 2ms
2026-02-18T12:35:37.159+05:30  INFO 14596 --- [retail-service-registry] [a-EvictionTimer] c.n.e.registry.AbstractInstanceRegistry  : Running the evict task with compensationTime 12ms
2026-02-18T12:36:37.167+05:30  INFO 14596 --- [retail-service-registry] [a-EvictionTimer] c.n.e.registry.AbstractInstanceRegistry  : Running the evict task with compensationTime 7ms
2026-02-18T12:37:37.175+05:30  INFO 14596 --- [retail-service-registry] [a-EvictionTimer] c.n.e.registry.AbstractInstanceRegistry  : Running the evict task with compensationTime 8ms
2026-02-18T12:37:40.108+05:30  INFO 14596 --- [retail-service-registry] [rap-executor-%d] c.n.d.s.r.aws.ConfigClusterResolver      : Resolving eureka endpoints via configuration
2026-02-18T12:38:37.179+05:30  INFO 14596 --- [retail-service-registry] [a-EvictionTimer] c.n.e.registry.AbstractInstanceRegistry  : Running the evict task with compensationTime 4ms
2026-02-18T12:39:37.193+05:30  INFO 14596 --- [retail-service-registry] [a-EvictionTimer] c.n.e.registry.AbstractInstanceRegistry  : Running the evict task with compensationTime 13ms
2026-02-18T12:40:37.208+05:30  INFO 14596 --- [retail-service-registry] [a-EvictionTimer] c.n.e.registry.AbstractInstanceRegistry  : Running the evict task with compensationTime 14ms
2026-02-18T12:41:37.218+05:30  INFO 14596 --- [retail-service-registry] [a-EvictionTimer] c.n.e.registry.AbstractInstanceRegistry  : Running the evict task with compensationTime 10ms
2026-02-18T12:42:34.608+05:30  INFO 14596 --- [retail-service-registry] [hresholdUpdater] c.n.e.r.PeerAwareInstanceRegistryImpl    : Current renewal threshold is : 17
2026-02-18T12:42:37.224+05:30  INFO 14596 --- [retail-service-registry] [a-EvictionTimer] c.n.e.registry.AbstractInstanceRegistry  : Running the evict task with compensationTime 6ms
2026-02-18T12:42:40.122+05:30  INFO 14596 --- [retail-service-registry] [rap-executor-%d] c.n.d.s.r.aws.ConfigClusterResolver      : Resolving eureka endpoints via configuration
2026-02-18T12:43:37.235+05:30  INFO 14596 --- [retail-service-registry] [a-EvictionTimer] c.n.e.registry.AbstractInstanceRegistry  : Running the evict task with compensationTime 10ms
2026-02-18T12:44:37.239+05:30  INFO 14596 --- [retail-service-registry] [a-EvictionTimer] c.n.e.registry.AbstractInstanceRegistry  : Running the evict task with compensationTime 4ms
2026-02-18T12:45:37.244+05:30  INFO 14596 --- [retail-service-registry] [a-EvictionTimer] c.n.e.registry.AbstractInstanceRegistry  : Running the evict task with compensationTime 5ms
2026-02-18T12:46:37.247+05:30  INFO 14596 --- [retail-service-registry] [a-EvictionTimer] c.n.e.registry.AbstractInstanceRegistry  : Running the evict task with compensationTime 2ms
2026-02-18T12:47:37.254+05:30  INFO 14596 --- [retail-service-registry] [a-EvictionTimer] c.n.e.registry.AbstractInstanceRegistry  : Running the evict task with compensationTime 7ms
2026-02-18T12:47:40.148+05:30  INFO 14596 --- [retail-service-registry] [rap-executor-%d] c.n.d.s.r.aws.ConfigClusterResolver      : Resolving eureka endpoints via configuration
2026-02-18T12:48:37.256+05:30  INFO 14596 --- [retail-service-registry] [a-EvictionTimer] c.n.e.registry.AbstractInstanceRegistry  : Running the evict task with compensationTime 1ms
2026-02-18T12:49:37.261+05:30  INFO 14596 --- [retail-service-registry] [a-EvictionTimer] c.n.e.registry.AbstractInstanceRegistry  : Running the evict task with compensationTime 5ms
2026-02-18T12:50:37.262+05:30  INFO 14596 --- [retail-service-registry] [a-EvictionTimer] c.n.e.registry.AbstractInstanceRegistry  : Running the evict task with compensationTime 1ms
2026-02-18T12:51:37.277+05:30  INFO 14596 --- [retail-service-registry] [a-EvictionTimer] c.n.e.registry.AbstractInstanceRegistry  : Running the evict task with compensationTime 14ms
2026-02-18T12:52:37.291+05:30  INFO 14596 --- [retail-service-registry] [a-EvictionTimer] c.n.e.registry.AbstractInstanceRegistry  : Running the evict task with compensationTime 14ms
2026-02-18T12:52:40.168+05:30  INFO 14596 --- [retail-service-registry] [rap-executor-%d] c.n.d.s.r.aws.ConfigClusterResolver      : Resolving eureka endpoints via configuration
2026-02-18T12:53:37.292+05:30  INFO 14596 --- [retail-service-registry] [a-EvictionTimer] c.n.e.registry.AbstractInstanceRegistry  : Running the evict task with compensationTime 0ms
2026-02-18T12:54:37.296+05:30  INFO 14596 --- [retail-service-registry] [a-EvictionTimer] c.n.e.registry.AbstractInstanceRegistry  : Running the evict task with compensationTime 4ms
2026-02-18T12:55:37.306+05:30  INFO 14596 --- [retail-service-registry] [a-EvictionTimer] c.n.e.registry.AbstractInstanceRegistry  : Running the evict task with compensationTime 8ms
2026-02-18T12:56:37.315+05:30  INFO 14596 --- [retail-service-registry] [a-EvictionTimer] c.n.e.registry.AbstractInstanceRegistry  : Running the evict task with compensationTime 9ms
2026-02-18T12:57:34.620+05:30  INFO 14596 --- [retail-service-registry] [hresholdUpdater] c.n.e.r.PeerAwareInstanceRegistryImpl    : Current renewal threshold is : 17
2026-02-18T12:57:37.316+05:30  INFO 14596 --- [retail-service-registry] [a-EvictionTimer] c.n.e.registry.AbstractInstanceRegistry  : Running the evict task with compensationTime 1ms
2026-02-18T12:57:40.187+05:30  INFO 14596 --- [retail-service-registry] [rap-executor-%d] c.n.d.s.r.aws.ConfigClusterResolver      : Resolving eureka endpoints via configuration
2026-02-18T12:58:37.324+05:30  INFO 14596 --- [retail-service-registry] [a-EvictionTimer] c.n.e.registry.AbstractInstanceRegistry  : Running the evict task with compensationTime 8ms
2026-02-18T12:59:37.328+05:30  INFO 14596 --- [retail-service-registry] [a-EvictionTimer] c.n.e.registry.AbstractInstanceRegistry  : Running the evict task with compensationTime 3ms
2026-02-18T13:00:37.329+05:30  INFO 14596 --- [retail-service-registry] [a-EvictionTimer] c.n.e.registry.AbstractInstanceRegistry  : Running the evict task with compensationTime 2ms
2026-02-18T13:01:37.339+05:30  INFO 14596 --- [retail-service-registry] [a-EvictionTimer] c.n.e.registry.AbstractInstanceRegistry  : Running the evict task with compensationTime 8ms
2026-02-18T13:02:37.344+05:30  INFO 14596 --- [retail-service-registry] [a-EvictionTimer] c.n.e.registry.AbstractInstanceRegistry  : Running the evict task with compensationTime 5ms
2026-02-18T13:02:40.202+05:30  INFO 14596 --- [retail-service-registry] [rap-executor-%d] c.n.d.s.r.aws.ConfigClusterResolver      : Resolving eureka endpoints via configuration
2026-02-18T13:03:37.350+05:30  INFO 14596 --- [retail-service-registry] [a-EvictionTimer] c.n.e.registry.AbstractInstanceRegistry  : Running the evict task with compensationTime 5ms
2026-02-18T14:07:33.527+05:30  INFO 14596 --- [retail-service-registry] [a-EvictionTimer] c.n.e.registry.AbstractInstanceRegistry  : Running the evict task with compensationTime 3776215ms
2026-02-18T14:08:33.529+05:30  INFO 14596 --- [retail-service-registry] [a-EvictionTimer] c.n.e.registry.AbstractInstanceRegistry  : Running the evict task with compensationTime 2ms
2026-02-18T14:09:33.533+05:30  INFO 14596 --- [retail-service-registry] [a-EvictionTimer] c.n.e.registry.AbstractInstanceRegistry  : Running the evict task with compensationTime 4ms
2026-02-18T14:10:33.546+05:30  INFO 14596 --- [retail-service-registry] [a-EvictionTimer] c.n.e.registry.AbstractInstanceRegistry  : Running the evict task with compensationTime 12ms
2026-02-18T14:10:36.540+05:30  INFO 14596 --- [retail-service-registry] [rap-executor-%d] c.n.d.s.r.aws.ConfigClusterResolver      : Resolving eureka endpoints via configuration
2026-02-18T14:11:28.643+05:30 ERROR 14596 --- [retail-service-registry] [et_localhost-19] c.n.e.cluster.ReplicationTaskProcessor   : It seems to be a socket read timeout exception, it will retry later. if it continues to happen and some eureka node occupied all the cpu time, you should set property 'eureka.server.peer-node-read-timeout-ms' to a bigger value

jakarta.ws.rs.ProcessingException: java.net.SocketTimeoutException: Read timed out
	at org.glassfish.jersey.apache.connector.ApacheConnector.apply(ApacheConnector.java:534) ~[jersey-apache-connector-3.1.8.jar:na]
	at org.glassfish.jersey.client.ClientRuntime.invoke(ClientRuntime.java:300) ~[jersey-client-3.1.8.jar:na]
	at org.glassfish.jersey.client.JerseyInvocation.lambda$invoke$0(JerseyInvocation.java:674) ~[jersey-client-3.1.8.jar:na]
	at org.glassfish.jersey.client.JerseyInvocation.call(JerseyInvocation.java:709) ~[jersey-client-3.1.8.jar:na]
	at org.glassfish.jersey.client.JerseyInvocation.lambda$runInScope$3(JerseyInvocation.java:703) ~[jersey-client-3.1.8.jar:na]
	at org.glassfish.jersey.internal.Errors.process(Errors.java:292) ~[jersey-common-3.1.8.jar:na]
	at org.glassfish.jersey.internal.Errors.process(Errors.java:274) ~[jersey-common-3.1.8.jar:na]
	at org.glassfish.jersey.internal.Errors.process(Errors.java:205) ~[jersey-common-3.1.8.jar:na]
	at org.glassfish.jersey.process.internal.RequestScope.runInScope(RequestScope.java:391) ~[jersey-common-3.1.8.jar:na]
	at org.glassfish.jersey.client.JerseyInvocation.runInScope(JerseyInvocation.java:703) ~[jersey-client-3.1.8.jar:na]
	at org.glassfish.jersey.client.JerseyInvocation.invoke(JerseyInvocation.java:673) ~[jersey-client-3.1.8.jar:na]
	at org.glassfish.jersey.client.JerseyInvocation$Builder.method(JerseyInvocation.java:439) ~[jersey-client-3.1.8.jar:na]
	at org.glassfish.jersey.client.JerseyInvocation$Builder.post(JerseyInvocation.java:345) ~[jersey-client-3.1.8.jar:na]
	at com.netflix.eureka.transport.Jersey3ReplicationClient.submitBatchUpdates(Jersey3ReplicationClient.java:116) ~[eureka-core-jersey3-2.0.4.jar:2.0.4]
	at com.netflix.eureka.cluster.ReplicationTaskProcessor.process(ReplicationTaskProcessor.java:80) ~[eureka-core-2.0.4.jar:2.0.4]
	at com.netflix.eureka.util.batcher.TaskExecutors$BatchWorkerRunnable.run(TaskExecutors.java:178) ~[eureka-core-2.0.4.jar:2.0.4]
	at java.base/java.lang.Thread.run(Thread.java:842) ~[na:na]
Caused by: java.net.SocketTimeoutException: Read timed out
	at java.base/sun.nio.ch.NioSocketImpl.timedRead(NioSocketImpl.java:288) ~[na:na]
	at java.base/sun.nio.ch.NioSocketImpl.implRead(NioSocketImpl.java:314) ~[na:na]
	at java.base/sun.nio.ch.NioSocketImpl.read(NioSocketImpl.java:355) ~[na:na]
	at java.base/sun.nio.ch.NioSocketImpl$1.read(NioSocketImpl.java:808) ~[na:na]
	at java.base/java.net.Socket$SocketInputStream.read(Socket.java:966) ~[na:na]
	at org.apache.http.impl.io.SessionInputBufferImpl.streamRead(SessionInputBufferImpl.java:137) ~[httpcore-4.4.16.jar:4.4.16]
	at org.apache.http.impl.io.SessionInputBufferImpl.fillBuffer(SessionInputBufferImpl.java:153) ~[httpcore-4.4.16.jar:4.4.16]
	at org.apache.http.impl.io.SessionInputBufferImpl.readLine(SessionInputBufferImpl.java:280) ~[httpcore-4.4.16.jar:4.4.16]
	at org.apache.http.impl.conn.DefaultHttpResponseParser.parseHead(DefaultHttpResponseParser.java:138) ~[httpclient-4.5.3.jar:4.5.3]
	at org.apache.http.impl.conn.DefaultHttpResponseParser.parseHead(DefaultHttpResponseParser.java:56) ~[httpclient-4.5.3.jar:4.5.3]
	at org.apache.http.impl.io.AbstractMessageParser.parse(AbstractMessageParser.java:259) ~[httpcore-4.4.16.jar:4.4.16]
	at org.apache.http.impl.DefaultBHttpClientConnection.receiveResponseHeader(DefaultBHttpClientConnection.java:163) ~[httpcore-4.4.16.jar:4.4.16]
	at org.apache.http.impl.conn.CPoolProxy.receiveResponseHeader(CPoolProxy.java:165) ~[httpclient-4.5.3.jar:4.5.3]
	at org.apache.http.protocol.HttpRequestExecutor.doReceiveResponse(HttpRequestExecutor.java:273) ~[httpcore-4.4.16.jar:4.4.16]
	at org.apache.http.protocol.HttpRequestExecutor.execute(HttpRequestExecutor.java:125) ~[httpcore-4.4.16.jar:4.4.16]
	at org.apache.http.impl.execchain.MainClientExec.execute(MainClientExec.java:272) ~[httpclient-4.5.3.jar:4.5.3]
	at org.apache.http.impl.execchain.ProtocolExec.execute(ProtocolExec.java:185) ~[httpclient-4.5.3.jar:4.5.3]
	at org.apache.http.impl.execchain.RetryExec.execute(RetryExec.java:89) ~[httpclient-4.5.3.jar:4.5.3]
	at org.apache.http.impl.execchain.RedirectExec.execute(RedirectExec.java:111) ~[httpclient-4.5.3.jar:4.5.3]
	at org.apache.http.impl.client.InternalHttpClient.doExecute(InternalHttpClient.java:185) ~[httpclient-4.5.3.jar:4.5.3]
	at org.apache.http.impl.client.CloseableHttpClient.execute(CloseableHttpClient.java:72) ~[httpclient-4.5.3.jar:4.5.3]
	at org.glassfish.jersey.apache.connector.ApacheConnector.apply(ApacheConnector.java:486) ~[jersey-apache-connector-3.1.8.jar:na]
	... 16 common frames omitted

2026-02-18T14:11:33.548+05:30  INFO 14596 --- [retail-service-registry] [a-EvictionTimer] c.n.e.registry.AbstractInstanceRegistry  : Running the evict task with compensationTime 1ms
2026-02-18T14:12:33.553+05:30  INFO 14596 --- [retail-service-registry] [a-EvictionTimer] c.n.e.registry.AbstractInstanceRegistry  : Running the evict task with compensationTime 5ms
2026-02-18T14:13:33.565+05:30  INFO 14596 --- [retail-service-registry] [a-EvictionTimer] c.n.e.registry.AbstractInstanceRegistry  : Running the evict task with compensationTime 11ms
2026-02-18T14:14:33.574+05:30  INFO 14596 --- [retail-service-registry] [a-EvictionTimer] c.n.e.registry.AbstractInstanceRegistry  : Running the evict task with compensationTime 9ms
2026-02-18T14:15:30.855+05:30  INFO 14596 --- [retail-service-registry] [hresholdUpdater] c.n.e.r.PeerAwareInstanceRegistryImpl    : Current renewal threshold is : 17
2026-02-18T14:15:33.577+05:30  INFO 14596 --- [retail-service-registry] [a-EvictionTimer] c.n.e.registry.AbstractInstanceRegistry  : Running the evict task with compensationTime 2ms
2026-02-18T14:15:36.609+05:30  INFO 14596 --- [retail-service-registry] [rap-executor-%d] c.n.d.s.r.aws.ConfigClusterResolver      : Resolving eureka endpoints via configuration
2026-02-18T14:16:33.584+05:30  INFO 14596 --- [retail-service-registry] [a-EvictionTimer] c.n.e.registry.AbstractInstanceRegistry  : Running the evict task with compensationTime 6ms
2026-02-18T14:17:33.585+05:30  INFO 14596 --- [retail-service-registry] [a-EvictionTimer] c.n.e.registry.AbstractInstanceRegistry  : Running the evict task with compensationTime 0ms
2026-02-18T14:18:33.600+05:30  INFO 14596 --- [retail-service-registry] [a-EvictionTimer] c.n.e.registry.AbstractInstanceRegistry  : Running the evict task with compensationTime 15ms
2026-02-18T14:19:33.615+05:30  INFO 14596 --- [retail-service-registry] [a-EvictionTimer] c.n.e.registry.AbstractInstanceRegistry  : Running the evict task with compensationTime 14ms
2026-02-18T14:20:33.616+05:30  INFO 14596 --- [retail-service-registry] [a-EvictionTimer] c.n.e.registry.AbstractInstanceRegistry  : Running the evict task with compensationTime 1ms
2026-02-18T14:20:36.625+05:30  INFO 14596 --- [retail-service-registry] [rap-executor-%d] c.n.d.s.r.aws.ConfigClusterResolver      : Resolving eureka endpoints via configuration
2026-02-18T14:21:33.624+05:30  INFO 14596 --- [retail-service-registry] [a-EvictionTimer] c.n.e.registry.AbstractInstanceRegistry  : Running the evict task with compensationTime 7ms
2026-02-18T14:22:33.631+05:30  INFO 14596 --- [retail-service-registry] [a-EvictionTimer] c.n.e.registry.AbstractInstanceRegistry  : Running the evict task with compensationTime 6ms
2026-02-18T14:26:20.630+05:30  INFO 14596 --- [retail-service-registry] [a-EvictionTimer] c.n.e.registry.AbstractInstanceRegistry  : Running the evict task with compensationTime 167076ms
2026-02-18T14:26:20.630+05:30  INFO 14596 --- [retail-service-registry] [a-EvictionTimer] c.n.e.registry.AbstractInstanceRegistry  : Evicting 1 items (expired=1, evictionLimit=2)
2026-02-18T14:26:20.630+05:30  WARN 14596 --- [retail-service-registry] [a-EvictionTimer] c.n.e.registry.AbstractInstanceRegistry  : DS: Registry: expired lease for USER-SERVICE/Rajat:user-service:8081
2026-02-18T14:26:20.865+05:30  INFO 14596 --- [retail-service-registry] [a-EvictionTimer] c.n.e.registry.AbstractInstanceRegistry  : Cancelled instance USER-SERVICE/Rajat:user-service:8081 (replication=false)
2026-02-18T18:12:41.359+05:30  INFO 14596 --- [retail-service-registry] [a-EvictionTimer] c.n.e.registry.AbstractInstanceRegistry  : Running the evict task with compensationTime 13522226ms
2026-02-18T18:13:41.296+05:30  INFO 14596 --- [retail-service-registry] [a-EvictionTimer] c.n.e.registry.AbstractInstanceRegistry  : Running the evict task with compensationTime 5ms
2026-02-18T18:13:44.283+05:30  INFO 14596 --- [retail-service-registry] [rap-executor-%d] c.n.d.s.r.aws.ConfigClusterResolver      : Resolving eureka endpoints via configuration
2026-02-18T18:14:41.297+05:30  INFO 14596 --- [retail-service-registry] [a-EvictionTimer] c.n.e.registry.AbstractInstanceRegistry  : Running the evict task with compensationTime 1ms
2026-02-18T18:15:41.303+05:30  INFO 14596 --- [retail-service-registry] [a-EvictionTimer] c.n.e.registry.AbstractInstanceRegistry  : Running the evict task with compensationTime 4ms
2026-02-18T18:16:41.308+05:30  INFO 14596 --- [retail-service-registry] [a-EvictionTimer] c.n.e.registry.AbstractInstanceRegistry  : Running the evict task with compensationTime 6ms
2026-02-18T18:17:48.213+05:30  INFO 14596 --- [retail-service-registry] [a-EvictionTimer] c.n.e.registry.AbstractInstanceRegistry  : Running the evict task with compensationTime 6904ms
2026-02-18T18:18:38.746+05:30  INFO 14596 --- [retail-service-registry] [hresholdUpdater] c.n.e.r.PeerAwareInstanceRegistryImpl    : Current renewal threshold is : 15
2026-02-18T18:18:44.327+05:30  INFO 14596 --- [retail-service-registry] [rap-executor-%d] c.n.d.s.r.aws.ConfigClusterResolver      : Resolving eureka endpoints via configuration
2026-02-18T18:18:48.227+05:30  INFO 14596 --- [retail-service-registry] [a-EvictionTimer] c.n.e.registry.AbstractInstanceRegistry  : Running the evict task with compensationTime 13ms
2026-02-18T18:19:48.237+05:30  INFO 14596 --- [retail-service-registry] [a-EvictionTimer] c.n.e.registry.AbstractInstanceRegistry  : Running the evict task with compensationTime 9ms
2026-02-18T18:20:48.244+05:30  INFO 14596 --- [retail-service-registry] [a-EvictionTimer] c.n.e.registry.AbstractInstanceRegistry  : Running the evict task with compensationTime 8ms
2026-02-18T18:21:48.251+05:30  INFO 14596 --- [retail-service-registry] [a-EvictionTimer] c.n.e.registry.AbstractInstanceRegistry  : Running the evict task with compensationTime 6ms
2026-02-18T18:21:50.493+05:30 ERROR 14596 --- [retail-service-registry] [get_localhost-5] c.n.e.cluster.ReplicationTaskProcessor   : It seems to be a socket read timeout exception, it will retry later. if it continues to happen and some eureka node occupied all the cpu time, you should set property 'eureka.server.peer-node-read-timeout-ms' to a bigger value

jakarta.ws.rs.ProcessingException: java.net.SocketTimeoutException: Read timed out
	at org.glassfish.jersey.apache.connector.ApacheConnector.apply(ApacheConnector.java:534) ~[jersey-apache-connector-3.1.8.jar:na]
	at org.glassfish.jersey.client.ClientRuntime.invoke(ClientRuntime.java:300) ~[jersey-client-3.1.8.jar:na]
	at org.glassfish.jersey.client.JerseyInvocation.lambda$invoke$0(JerseyInvocation.java:674) ~[jersey-client-3.1.8.jar:na]
	at org.glassfish.jersey.client.JerseyInvocation.call(JerseyInvocation.java:709) ~[jersey-client-3.1.8.jar:na]
	at org.glassfish.jersey.client.JerseyInvocation.lambda$runInScope$3(JerseyInvocation.java:703) ~[jersey-client-3.1.8.jar:na]
	at org.glassfish.jersey.internal.Errors.process(Errors.java:292) ~[jersey-common-3.1.8.jar:na]
	at org.glassfish.jersey.internal.Errors.process(Errors.java:274) ~[jersey-common-3.1.8.jar:na]
	at org.glassfish.jersey.internal.Errors.process(Errors.java:205) ~[jersey-common-3.1.8.jar:na]
	at org.glassfish.jersey.process.internal.RequestScope.runInScope(RequestScope.java:391) ~[jersey-common-3.1.8.jar:na]
	at org.glassfish.jersey.client.JerseyInvocation.runInScope(JerseyInvocation.java:703) ~[jersey-client-3.1.8.jar:na]
	at org.glassfish.jersey.client.JerseyInvocation.invoke(JerseyInvocation.java:673) ~[jersey-client-3.1.8.jar:na]
	at org.glassfish.jersey.client.JerseyInvocation$Builder.method(JerseyInvocation.java:439) ~[jersey-client-3.1.8.jar:na]
	at org.glassfish.jersey.client.JerseyInvocation$Builder.post(JerseyInvocation.java:345) ~[jersey-client-3.1.8.jar:na]
	at com.netflix.eureka.transport.Jersey3ReplicationClient.submitBatchUpdates(Jersey3ReplicationClient.java:116) ~[eureka-core-jersey3-2.0.4.jar:2.0.4]
	at com.netflix.eureka.cluster.ReplicationTaskProcessor.process(ReplicationTaskProcessor.java:80) ~[eureka-core-2.0.4.jar:2.0.4]
	at com.netflix.eureka.util.batcher.TaskExecutors$BatchWorkerRunnable.run(TaskExecutors.java:178) ~[eureka-core-2.0.4.jar:2.0.4]
	at java.base/java.lang.Thread.run(Thread.java:842) ~[na:na]
Caused by: java.net.SocketTimeoutException: Read timed out
	at java.base/sun.nio.ch.NioSocketImpl.timedRead(NioSocketImpl.java:288) ~[na:na]
	at java.base/sun.nio.ch.NioSocketImpl.implRead(NioSocketImpl.java:314) ~[na:na]
	at java.base/sun.nio.ch.NioSocketImpl.read(NioSocketImpl.java:355) ~[na:na]
	at java.base/sun.nio.ch.NioSocketImpl$1.read(NioSocketImpl.java:808) ~[na:na]
	at java.base/java.net.Socket$SocketInputStream.read(Socket.java:966) ~[na:na]
	at org.apache.http.impl.io.SessionInputBufferImpl.streamRead(SessionInputBufferImpl.java:137) ~[httpcore-4.4.16.jar:4.4.16]
	at org.apache.http.impl.io.SessionInputBufferImpl.fillBuffer(SessionInputBufferImpl.java:153) ~[httpcore-4.4.16.jar:4.4.16]
	at org.apache.http.impl.io.SessionInputBufferImpl.readLine(SessionInputBufferImpl.java:280) ~[httpcore-4.4.16.jar:4.4.16]
	at org.apache.http.impl.conn.DefaultHttpResponseParser.parseHead(DefaultHttpResponseParser.java:138) ~[httpclient-4.5.3.jar:4.5.3]
	at org.apache.http.impl.conn.DefaultHttpResponseParser.parseHead(DefaultHttpResponseParser.java:56) ~[httpclient-4.5.3.jar:4.5.3]
	at org.apache.http.impl.io.AbstractMessageParser.parse(AbstractMessageParser.java:259) ~[httpcore-4.4.16.jar:4.4.16]
	at org.apache.http.impl.DefaultBHttpClientConnection.receiveResponseHeader(DefaultBHttpClientConnection.java:163) ~[httpcore-4.4.16.jar:4.4.16]
	at org.apache.http.impl.conn.CPoolProxy.receiveResponseHeader(CPoolProxy.java:165) ~[httpclient-4.5.3.jar:4.5.3]
	at org.apache.http.protocol.HttpRequestExecutor.doReceiveResponse(HttpRequestExecutor.java:273) ~[httpcore-4.4.16.jar:4.4.16]
	at org.apache.http.protocol.HttpRequestExecutor.execute(HttpRequestExecutor.java:125) ~[httpcore-4.4.16.jar:4.4.16]
	at org.apache.http.impl.execchain.MainClientExec.execute(MainClientExec.java:272) ~[httpclient-4.5.3.jar:4.5.3]
	at org.apache.http.impl.execchain.ProtocolExec.execute(ProtocolExec.java:185) ~[httpclient-4.5.3.jar:4.5.3]
	at org.apache.http.impl.execchain.RetryExec.execute(RetryExec.java:89) ~[httpclient-4.5.3.jar:4.5.3]
	at org.apache.http.impl.execchain.RedirectExec.execute(RedirectExec.java:111) ~[httpclient-4.5.3.jar:4.5.3]
	at org.apache.http.impl.client.InternalHttpClient.doExecute(InternalHttpClient.java:185) ~[httpclient-4.5.3.jar:4.5.3]
	at org.apache.http.impl.client.CloseableHttpClient.execute(CloseableHttpClient.java:72) ~[httpclient-4.5.3.jar:4.5.3]
	at org.glassfish.jersey.apache.connector.ApacheConnector.apply(ApacheConnector.java:486) ~[jersey-apache-connector-3.1.8.jar:na]
	... 16 common frames omitted

2026-02-18T18:22:48.266+05:30  INFO 14596 --- [retail-service-registry] [a-EvictionTimer] c.n.e.registry.AbstractInstanceRegistry  : Running the evict task with compensationTime 15ms
2026-02-18T18:23:44.343+05:30  INFO 14596 --- [retail-service-registry] [rap-executor-%d] c.n.d.s.r.aws.ConfigClusterResolver      : Resolving eureka endpoints via configuration
2026-02-18T18:23:48.275+05:30  INFO 14596 --- [retail-service-registry] [a-EvictionTimer] c.n.e.registry.AbstractInstanceRegistry  : Running the evict task with compensationTime 8ms
2026-02-18T18:24:48.281+05:30  INFO 14596 --- [retail-service-registry] [a-EvictionTimer] c.n.e.registry.AbstractInstanceRegistry  : Running the evict task with compensationTime 5ms
2026-02-18T18:25:48.291+05:30  INFO 14596 --- [retail-service-registry] [a-EvictionTimer] c.n.e.registry.AbstractInstanceRegistry  : Running the evict task with compensationTime 9ms
2026-02-18T18:26:48.293+05:30  INFO 14596 --- [retail-service-registry] [a-EvictionTimer] c.n.e.registry.AbstractInstanceRegistry  : Running the evict task with compensationTime 2ms
2026-02-18T18:27:48.301+05:30  INFO 14596 --- [retail-service-registry] [a-EvictionTimer] c.n.e.registry.AbstractInstanceRegistry  : Running the evict task with compensationTime 8ms
2026-02-18T18:28:44.366+05:30  INFO 14596 --- [retail-service-registry] [rap-executor-%d] c.n.d.s.r.aws.ConfigClusterResolver      : Resolving eureka endpoints via configuration
2026-02-18T18:28:48.303+05:30  INFO 14596 --- [retail-service-registry] [a-EvictionTimer] c.n.e.registry.AbstractInstanceRegistry  : Running the evict task with compensationTime 2ms
2026-02-18T18:29:48.314+05:30  INFO 14596 --- [retail-service-registry] [a-EvictionTimer] c.n.e.registry.AbstractInstanceRegistry  : Running the evict task with compensationTime 10ms
2026-02-18T18:30:48.320+05:30  INFO 14596 --- [retail-service-registry] [a-EvictionTimer] c.n.e.registry.AbstractInstanceRegistry  : Running the evict task with compensationTime 5ms
2026-02-18T18:31:48.325+05:30  INFO 14596 --- [retail-service-registry] [a-EvictionTimer] c.n.e.registry.AbstractInstanceRegistry  : Running the evict task with compensationTime 5ms
2026-02-18T18:32:48.331+05:30  INFO 14596 --- [retail-service-registry] [a-EvictionTimer] c.n.e.registry.AbstractInstanceRegistry  : Running the evict task with compensationTime 6ms
2026-02-18T18:33:38.995+05:30  INFO 14596 --- [retail-service-registry] [hresholdUpdater] c.n.e.r.PeerAwareInstanceRegistryImpl    : Current renewal threshold is : 15
2026-02-18T18:33:44.380+05:30  INFO 14596 --- [retail-service-registry] [rap-executor-%d] c.n.d.s.r.aws.ConfigClusterResolver      : Resolving eureka endpoints via configuration
2026-02-18T18:33:48.338+05:30  INFO 14596 --- [retail-service-registry] [a-EvictionTimer] c.n.e.registry.AbstractInstanceRegistry  : Running the evict task with compensationTime 6ms
2026-02-18T18:34:48.344+05:30  INFO 14596 --- [retail-service-registry] [a-EvictionTimer] c.n.e.registry.AbstractInstanceRegistry  : Running the evict task with compensationTime 6ms
2026-02-18T18:35:48.346+05:30  INFO 14596 --- [retail-service-registry] [a-EvictionTimer] c.n.e.registry.AbstractInstanceRegistry  : Running the evict task with compensationTime 1ms
2026-02-18T18:36:48.349+05:30  INFO 14596 --- [retail-service-registry] [a-EvictionTimer] c.n.e.registry.AbstractInstanceRegistry  : Running the evict task with compensationTime 2ms
2026-02-18T18:37:48.350+05:30  INFO 14596 --- [retail-service-registry] [a-EvictionTimer] c.n.e.registry.AbstractInstanceRegistry  : Running the evict task with compensationTime 1ms
2026-02-18T18:38:44.399+05:30  INFO 14596 --- [retail-service-registry] [rap-executor-%d] c.n.d.s.r.aws.ConfigClusterResolver      : Resolving eureka endpoints via configuration
2026-02-18T18:38:48.360+05:30  INFO 14596 --- [retail-service-registry] [a-EvictionTimer] c.n.e.registry.AbstractInstanceRegistry  : Running the evict task with compensationTime 9ms
2026-02-18T18:39:48.376+05:30  INFO 14596 --- [retail-service-registry] [a-EvictionTimer] c.n.e.registry.AbstractInstanceRegistry  : Running the evict task with compensationTime 16ms
2026-02-18T18:40:48.382+05:30  INFO 14596 --- [retail-service-registry] [a-EvictionTimer] c.n.e.registry.AbstractInstanceRegistry  : Running the evict task with compensationTime 0ms
2026-02-18T18:41:48.397+05:30  INFO 14596 --- [retail-service-registry] [a-EvictionTimer] c.n.e.registry.AbstractInstanceRegistry  : Running the evict task with compensationTime 8ms
2026-02-18T18:42:48.405+05:30  INFO 14596 --- [retail-service-registry] [a-EvictionTimer] c.n.e.registry.AbstractInstanceRegistry  : Running the evict task with compensationTime 1ms
2026-02-18T18:43:44.441+05:30  INFO 14596 --- [retail-service-registry] [rap-executor-%d] c.n.d.s.r.aws.ConfigClusterResolver      : Resolving eureka endpoints via configuration
2026-02-18T18:43:48.413+05:30  INFO 14596 --- [retail-service-registry] [a-EvictionTimer] c.n.e.registry.AbstractInstanceRegistry  : Running the evict task with compensationTime 0ms
2026-02-18T18:44:48.424+05:30  INFO 14596 --- [retail-service-registry] [a-EvictionTimer] c.n.e.registry.AbstractInstanceRegistry  : Running the evict task with compensationTime 4ms
2026-02-18T18:45:26.495+05:30  INFO 14596 --- [retail-service-registry] [io-8761-exec-13] c.n.e.registry.AbstractInstanceRegistry  : Registered instance ADMIN-SERVICE/Rajat:admin-service:8022 with status DOWN (replication=false)
2026-02-18T18:45:27.183+05:30  INFO 14596 --- [retail-service-registry] [io-8761-exec-11] c.n.e.registry.AbstractInstanceRegistry  : Registered instance ADMIN-SERVICE/Rajat:admin-service:8022 with status DOWN (replication=true)
2026-02-18T18:45:41.995+05:30  INFO 14596 --- [retail-service-registry] [io-8761-exec-11] c.n.e.registry.AbstractInstanceRegistry  : Cancelled instance ADMIN-SERVICE/Rajat:admin-service:8022 (replication=false)
2026-02-18T18:45:43.754+05:30  WARN 14596 --- [retail-service-registry] [io-8761-exec-14] c.n.e.registry.AbstractInstanceRegistry  : DS: Registry: cancel failed because Lease is not registered for: ADMIN-SERVICE/Rajat:admin-service:8022
2026-02-18T18:45:43.757+05:30  INFO 14596 --- [retail-service-registry] [io-8761-exec-14] c.n.eureka.resources.InstanceResource    : Not Found (Cancel): ADMIN-SERVICE - Rajat:admin-service:8022
2026-02-18T18:45:43.761+05:30  WARN 14596 --- [retail-service-registry] [et_localhost-13] c.n.eureka.cluster.ReplicationTask       : The replication of task ADMIN-SERVICE/Rajat:admin-service:8022:Cancel@localhost failed with response code 404
2026-02-18T18:45:43.816+05:30  WARN 14596 --- [retail-service-registry] [et_localhost-13] c.netflix.eureka.cluster.PeerEurekaNode  : ADMIN-SERVICE/Rajat:admin-service:8022:Cancel@localhost: missing entry.
2026-02-18T18:45:48.445+05:30  INFO 14596 --- [retail-service-registry] [a-EvictionTimer] c.n.e.registry.AbstractInstanceRegistry  : Running the evict task with compensationTime 14ms
2026-02-18T18:46:48.458+05:30  INFO 14596 --- [retail-service-registry] [a-EvictionTimer] c.n.e.registry.AbstractInstanceRegistry  : Running the evict task with compensationTime 6ms
2026-02-18T18:47:48.475+05:30  INFO 14596 --- [retail-service-registry] [a-EvictionTimer] c.n.e.registry.AbstractInstanceRegistry  : Running the evict task with compensationTime 10ms
2026-02-18T18:48:38.754+05:30  INFO 14596 --- [retail-service-registry] [hresholdUpdater] c.n.e.r.PeerAwareInstanceRegistryImpl    : Current renewal threshold is : 13
2026-02-18T18:48:44.481+05:30  INFO 14596 --- [retail-service-registry] [rap-executor-%d] c.n.d.s.r.aws.ConfigClusterResolver      : Resolving eureka endpoints via configuration
2026-02-18T18:48:48.488+05:30  INFO 14596 --- [retail-service-registry] [a-EvictionTimer] c.n.e.registry.AbstractInstanceRegistry  : Running the evict task with compensationTime 5ms
2026-02-18T18:49:24.908+05:30 ERROR 14596 --- [retail-service-registry] [get_localhost-5] c.n.e.cluster.ReplicationTaskProcessor   : It seems to be a socket read timeout exception, it will retry later. if it continues to happen and some eureka node occupied all the cpu time, you should set property 'eureka.server.peer-node-read-timeout-ms' to a bigger value

jakarta.ws.rs.ProcessingException: java.net.SocketTimeoutException: Read timed out
	at org.glassfish.jersey.apache.connector.ApacheConnector.apply(ApacheConnector.java:534) ~[jersey-apache-connector-3.1.8.jar:na]
	at org.glassfish.jersey.client.ClientRuntime.invoke(ClientRuntime.java:300) ~[jersey-client-3.1.8.jar:na]
	at org.glassfish.jersey.client.JerseyInvocation.lambda$invoke$0(JerseyInvocation.java:674) ~[jersey-client-3.1.8.jar:na]
	at org.glassfish.jersey.client.JerseyInvocation.call(JerseyInvocation.java:709) ~[jersey-client-3.1.8.jar:na]
	at org.glassfish.jersey.client.JerseyInvocation.lambda$runInScope$3(JerseyInvocation.java:703) ~[jersey-client-3.1.8.jar:na]
	at org.glassfish.jersey.internal.Errors.process(Errors.java:292) ~[jersey-common-3.1.8.jar:na]
	at org.glassfish.jersey.internal.Errors.process(Errors.java:274) ~[jersey-common-3.1.8.jar:na]
	at org.glassfish.jersey.internal.Errors.process(Errors.java:205) ~[jersey-common-3.1.8.jar:na]
	at org.glassfish.jersey.process.internal.RequestScope.runInScope(RequestScope.java:391) ~[jersey-common-3.1.8.jar:na]
	at org.glassfish.jersey.client.JerseyInvocation.runInScope(JerseyInvocation.java:703) ~[jersey-client-3.1.8.jar:na]
	at org.glassfish.jersey.client.JerseyInvocation.invoke(JerseyInvocation.java:673) ~[jersey-client-3.1.8.jar:na]
	at org.glassfish.jersey.client.JerseyInvocation$Builder.method(JerseyInvocation.java:439) ~[jersey-client-3.1.8.jar:na]
	at org.glassfish.jersey.client.JerseyInvocation$Builder.post(JerseyInvocation.java:345) ~[jersey-client-3.1.8.jar:na]
	at com.netflix.eureka.transport.Jersey3ReplicationClient.submitBatchUpdates(Jersey3ReplicationClient.java:116) ~[eureka-core-jersey3-2.0.4.jar:2.0.4]
	at com.netflix.eureka.cluster.ReplicationTaskProcessor.process(ReplicationTaskProcessor.java:80) ~[eureka-core-2.0.4.jar:2.0.4]
	at com.netflix.eureka.util.batcher.TaskExecutors$BatchWorkerRunnable.run(TaskExecutors.java:178) ~[eureka-core-2.0.4.jar:2.0.4]
	at java.base/java.lang.Thread.run(Thread.java:842) ~[na:na]
Caused by: java.net.SocketTimeoutException: Read timed out
	at java.base/sun.nio.ch.NioSocketImpl.timedRead(NioSocketImpl.java:288) ~[na:na]
	at java.base/sun.nio.ch.NioSocketImpl.implRead(NioSocketImpl.java:314) ~[na:na]
	at java.base/sun.nio.ch.NioSocketImpl.read(NioSocketImpl.java:355) ~[na:na]
	at java.base/sun.nio.ch.NioSocketImpl$1.read(NioSocketImpl.java:808) ~[na:na]
	at java.base/java.net.Socket$SocketInputStream.read(Socket.java:966) ~[na:na]
	at org.apache.http.impl.io.SessionInputBufferImpl.streamRead(SessionInputBufferImpl.java:137) ~[httpcore-4.4.16.jar:4.4.16]
	at org.apache.http.impl.io.SessionInputBufferImpl.fillBuffer(SessionInputBufferImpl.java:153) ~[httpcore-4.4.16.jar:4.4.16]
	at org.apache.http.impl.io.SessionInputBufferImpl.readLine(SessionInputBufferImpl.java:280) ~[httpcore-4.4.16.jar:4.4.16]
	at org.apache.http.impl.conn.DefaultHttpResponseParser.parseHead(DefaultHttpResponseParser.java:138) ~[httpclient-4.5.3.jar:4.5.3]
	at org.apache.http.impl.conn.DefaultHttpResponseParser.parseHead(DefaultHttpResponseParser.java:56) ~[httpclient-4.5.3.jar:4.5.3]
	at org.apache.http.impl.io.AbstractMessageParser.parse(AbstractMessageParser.java:259) ~[httpcore-4.4.16.jar:4.4.16]
	at org.apache.http.impl.DefaultBHttpClientConnection.receiveResponseHeader(DefaultBHttpClientConnection.java:163) ~[httpcore-4.4.16.jar:4.4.16]
	at org.apache.http.impl.conn.CPoolProxy.receiveResponseHeader(CPoolProxy.java:165) ~[httpclient-4.5.3.jar:4.5.3]
	at org.apache.http.protocol.HttpRequestExecutor.doReceiveResponse(HttpRequestExecutor.java:273) ~[httpcore-4.4.16.jar:4.4.16]
	at org.apache.http.protocol.HttpRequestExecutor.execute(HttpRequestExecutor.java:125) ~[httpcore-4.4.16.jar:4.4.16]
	at org.apache.http.impl.execchain.MainClientExec.execute(MainClientExec.java:272) ~[httpclient-4.5.3.jar:4.5.3]
	at org.apache.http.impl.execchain.ProtocolExec.execute(ProtocolExec.java:185) ~[httpclient-4.5.3.jar:4.5.3]
	at org.apache.http.impl.execchain.RetryExec.execute(RetryExec.java:89) ~[httpclient-4.5.3.jar:4.5.3]
	at org.apache.http.impl.execchain.RedirectExec.execute(RedirectExec.java:111) ~[httpclient-4.5.3.jar:4.5.3]
	at org.apache.http.impl.client.InternalHttpClient.doExecute(InternalHttpClient.java:185) ~[httpclient-4.5.3.jar:4.5.3]
	at org.apache.http.impl.client.CloseableHttpClient.execute(CloseableHttpClient.java:72) ~[httpclient-4.5.3.jar:4.5.3]
	at org.glassfish.jersey.apache.connector.ApacheConnector.apply(ApacheConnector.java:486) ~[jersey-apache-connector-3.1.8.jar:na]
	... 16 common frames omitted

2026-02-18T18:49:48.503+05:30  INFO 14596 --- [retail-service-registry] [a-EvictionTimer] c.n.e.registry.AbstractInstanceRegistry  : Running the evict task with compensationTime 8ms
2026-02-18T18:50:48.516+05:30  INFO 14596 --- [retail-service-registry] [a-EvictionTimer] c.n.e.registry.AbstractInstanceRegistry  : Running the evict task with compensationTime 6ms
2026-02-18T18:51:48.536+05:30  INFO 14596 --- [retail-service-registry] [a-EvictionTimer] c.n.e.registry.AbstractInstanceRegistry  : Running the evict task with compensationTime 13ms
2026-02-18T18:52:48.545+05:30  INFO 14596 --- [retail-service-registry] [a-EvictionTimer] c.n.e.registry.AbstractInstanceRegistry  : Running the evict task with compensationTime 1ms
2026-02-18T18:53:44.549+05:30  INFO 14596 --- [retail-service-registry] [rap-executor-%d] c.n.d.s.r.aws.ConfigClusterResolver      : Resolving eureka endpoints via configuration
2026-02-18T18:53:48.558+05:30  INFO 14596 --- [retail-service-registry] [a-EvictionTimer] c.n.e.registry.AbstractInstanceRegistry  : Running the evict task with compensationTime 6ms
2026-02-18T18:54:48.580+05:30  INFO 14596 --- [retail-service-registry] [a-EvictionTimer] c.n.e.registry.AbstractInstanceRegistry  : Running the evict task with compensationTime 15ms
2026-02-18T18:55:48.600+05:30  INFO 14596 --- [retail-service-registry] [a-EvictionTimer] c.n.e.registry.AbstractInstanceRegistry  : Running the evict task with compensationTime 12ms
2026-02-18T18:56:40.201+05:30 ERROR 14596 --- [retail-service-registry] [get_localhost-6] c.n.e.cluster.ReplicationTaskProcessor   : It seems to be a socket read timeout exception, it will retry later. if it continues to happen and some eureka node occupied all the cpu time, you should set property 'eureka.server.peer-node-read-timeout-ms' to a bigger value

jakarta.ws.rs.ProcessingException: java.net.SocketTimeoutException: Read timed out
	at org.glassfish.jersey.apache.connector.ApacheConnector.apply(ApacheConnector.java:534) ~[jersey-apache-connector-3.1.8.jar:na]
	at org.glassfish.jersey.client.ClientRuntime.invoke(ClientRuntime.java:300) ~[jersey-client-3.1.8.jar:na]
	at org.glassfish.jersey.client.JerseyInvocation.lambda$invoke$0(JerseyInvocation.java:674) ~[jersey-client-3.1.8.jar:na]
	at org.glassfish.jersey.client.JerseyInvocation.call(JerseyInvocation.java:709) ~[jersey-client-3.1.8.jar:na]
	at org.glassfish.jersey.client.JerseyInvocation.lambda$runInScope$3(JerseyInvocation.java:703) ~[jersey-client-3.1.8.jar:na]
	at org.glassfish.jersey.internal.Errors.process(Errors.java:292) ~[jersey-common-3.1.8.jar:na]
	at org.glassfish.jersey.internal.Errors.process(Errors.java:274) ~[jersey-common-3.1.8.jar:na]
	at org.glassfish.jersey.internal.Errors.process(Errors.java:205) ~[jersey-common-3.1.8.jar:na]
	at org.glassfish.jersey.process.internal.RequestScope.runInScope(RequestScope.java:391) ~[jersey-common-3.1.8.jar:na]
	at org.glassfish.jersey.client.JerseyInvocation.runInScope(JerseyInvocation.java:703) ~[jersey-client-3.1.8.jar:na]
	at org.glassfish.jersey.client.JerseyInvocation.invoke(JerseyInvocation.java:673) ~[jersey-client-3.1.8.jar:na]
	at org.glassfish.jersey.client.JerseyInvocation$Builder.method(JerseyInvocation.java:439) ~[jersey-client-3.1.8.jar:na]
	at org.glassfish.jersey.client.JerseyInvocation$Builder.post(JerseyInvocation.java:345) ~[jersey-client-3.1.8.jar:na]
	at com.netflix.eureka.transport.Jersey3ReplicationClient.submitBatchUpdates(Jersey3ReplicationClient.java:116) ~[eureka-core-jersey3-2.0.4.jar:2.0.4]
	at com.netflix.eureka.cluster.ReplicationTaskProcessor.process(ReplicationTaskProcessor.java:80) ~[eureka-core-2.0.4.jar:2.0.4]
	at com.netflix.eureka.util.batcher.TaskExecutors$BatchWorkerRunnable.run(TaskExecutors.java:178) ~[eureka-core-2.0.4.jar:2.0.4]
	at java.base/java.lang.Thread.run(Thread.java:842) ~[na:na]
Caused by: java.net.SocketTimeoutException: Read timed out
	at java.base/sun.nio.ch.NioSocketImpl.timedRead(NioSocketImpl.java:288) ~[na:na]
	at java.base/sun.nio.ch.NioSocketImpl.implRead(NioSocketImpl.java:314) ~[na:na]
	at java.base/sun.nio.ch.NioSocketImpl.read(NioSocketImpl.java:355) ~[na:na]
	at java.base/sun.nio.ch.NioSocketImpl$1.read(NioSocketImpl.java:808) ~[na:na]
	at java.base/java.net.Socket$SocketInputStream.read(Socket.java:966) ~[na:na]
	at org.apache.http.impl.io.SessionInputBufferImpl.streamRead(SessionInputBufferImpl.java:137) ~[httpcore-4.4.16.jar:4.4.16]
	at org.apache.http.impl.io.SessionInputBufferImpl.fillBuffer(SessionInputBufferImpl.java:153) ~[httpcore-4.4.16.jar:4.4.16]
	at org.apache.http.impl.io.SessionInputBufferImpl.readLine(SessionInputBufferImpl.java:280) ~[httpcore-4.4.16.jar:4.4.16]
	at org.apache.http.impl.conn.DefaultHttpResponseParser.parseHead(DefaultHttpResponseParser.java:138) ~[httpclient-4.5.3.jar:4.5.3]
	at org.apache.http.impl.conn.DefaultHttpResponseParser.parseHead(DefaultHttpResponseParser.java:56) ~[httpclient-4.5.3.jar:4.5.3]
	at org.apache.http.impl.io.AbstractMessageParser.parse(AbstractMessageParser.java:259) ~[httpcore-4.4.16.jar:4.4.16]
	at org.apache.http.impl.DefaultBHttpClientConnection.receiveResponseHeader(DefaultBHttpClientConnection.java:163) ~[httpcore-4.4.16.jar:4.4.16]
	at org.apache.http.impl.conn.CPoolProxy.receiveResponseHeader(CPoolProxy.java:165) ~[httpclient-4.5.3.jar:4.5.3]
	at org.apache.http.protocol.HttpRequestExecutor.doReceiveResponse(HttpRequestExecutor.java:273) ~[httpcore-4.4.16.jar:4.4.16]
	at org.apache.http.protocol.HttpRequestExecutor.execute(HttpRequestExecutor.java:125) ~[httpcore-4.4.16.jar:4.4.16]
	at org.apache.http.impl.execchain.MainClientExec.execute(MainClientExec.java:272) ~[httpclient-4.5.3.jar:4.5.3]
	at org.apache.http.impl.execchain.ProtocolExec.execute(ProtocolExec.java:185) ~[httpclient-4.5.3.jar:4.5.3]
	at org.apache.http.impl.execchain.RetryExec.execute(RetryExec.java:89) ~[httpclient-4.5.3.jar:4.5.3]
	at org.apache.http.impl.execchain.RedirectExec.execute(RedirectExec.java:111) ~[httpclient-4.5.3.jar:4.5.3]
	at org.apache.http.impl.client.InternalHttpClient.doExecute(InternalHttpClient.java:185) ~[httpclient-4.5.3.jar:4.5.3]
	at org.apache.http.impl.client.CloseableHttpClient.execute(CloseableHttpClient.java:72) ~[httpclient-4.5.3.jar:4.5.3]
	at org.glassfish.jersey.apache.connector.ApacheConnector.apply(ApacheConnector.java:486) ~[jersey-apache-connector-3.1.8.jar:na]
	... 16 common frames omitted

2026-02-18T18:56:20.933+05:30 ERROR 14596 --- [retail-service-registry] [et_localhost-17] c.n.e.cluster.ReplicationTaskProcessor   : It seems to be a socket read timeout exception, it will retry later. if it continues to happen and some eureka node occupied all the cpu time, you should set property 'eureka.server.peer-node-read-timeout-ms' to a bigger value

jakarta.ws.rs.ProcessingException: java.net.SocketTimeoutException: Read timed out
	at org.glassfish.jersey.apache.connector.ApacheConnector.apply(ApacheConnector.java:534) ~[jersey-apache-connector-3.1.8.jar:na]
	at org.glassfish.jersey.client.ClientRuntime.invoke(ClientRuntime.java:300) ~[jersey-client-3.1.8.jar:na]
	at org.glassfish.jersey.client.JerseyInvocation.lambda$invoke$0(JerseyInvocation.java:674) ~[jersey-client-3.1.8.jar:na]
	at org.glassfish.jersey.client.JerseyInvocation.call(JerseyInvocation.java:709) ~[jersey-client-3.1.8.jar:na]
	at org.glassfish.jersey.client.JerseyInvocation.lambda$runInScope$3(JerseyInvocation.java:703) ~[jersey-client-3.1.8.jar:na]
	at org.glassfish.jersey.internal.Errors.process(Errors.java:292) ~[jersey-common-3.1.8.jar:na]
	at org.glassfish.jersey.internal.Errors.process(Errors.java:274) ~[jersey-common-3.1.8.jar:na]
	at org.glassfish.jersey.internal.Errors.process(Errors.java:205) ~[jersey-common-3.1.8.jar:na]
	at org.glassfish.jersey.process.internal.RequestScope.runInScope(RequestScope.java:391) ~[jersey-common-3.1.8.jar:na]
	at org.glassfish.jersey.client.JerseyInvocation.runInScope(JerseyInvocation.java:703) ~[jersey-client-3.1.8.jar:na]
	at org.glassfish.jersey.client.JerseyInvocation.invoke(JerseyInvocation.java:673) ~[jersey-client-3.1.8.jar:na]
	at org.glassfish.jersey.client.JerseyInvocation$Builder.method(JerseyInvocation.java:439) ~[jersey-client-3.1.8.jar:na]
	at org.glassfish.jersey.client.JerseyInvocation$Builder.post(JerseyInvocation.java:345) ~[jersey-client-3.1.8.jar:na]
	at com.netflix.eureka.transport.Jersey3ReplicationClient.submitBatchUpdates(Jersey3ReplicationClient.java:116) ~[eureka-core-jersey3-2.0.4.jar:2.0.4]
	at com.netflix.eureka.cluster.ReplicationTaskProcessor.process(ReplicationTaskProcessor.java:80) ~[eureka-core-2.0.4.jar:2.0.4]
	at com.netflix.eureka.util.batcher.TaskExecutors$BatchWorkerRunnable.run(TaskExecutors.java:178) ~[eureka-core-2.0.4.jar:2.0.4]
	at java.base/java.lang.Thread.run(Thread.java:842) ~[na:na]
Caused by: java.net.SocketTimeoutException: Read timed out
	at java.base/sun.nio.ch.NioSocketImpl.timedRead(NioSocketImpl.java:288) ~[na:na]
	at java.base/sun.nio.ch.NioSocketImpl.implRead(NioSocketImpl.java:314) ~[na:na]
	at java.base/sun.nio.ch.NioSocketImpl.read(NioSocketImpl.java:355) ~[na:na]
	at java.base/sun.nio.ch.NioSocketImpl$1.read(NioSocketImpl.java:808) ~[na:na]
	at java.base/java.net.Socket$SocketInputStream.read(Socket.java:966) ~[na:na]
	at org.apache.http.impl.io.SessionInputBufferImpl.streamRead(SessionInputBufferImpl.java:137) ~[httpcore-4.4.16.jar:4.4.16]
	at org.apache.http.impl.io.SessionInputBufferImpl.fillBuffer(SessionInputBufferImpl.java:153) ~[httpcore-4.4.16.jar:4.4.16]
	at org.apache.http.impl.io.SessionInputBufferImpl.readLine(SessionInputBufferImpl.java:280) ~[httpcore-4.4.16.jar:4.4.16]
	at org.apache.http.impl.conn.DefaultHttpResponseParser.parseHead(DefaultHttpResponseParser.java:138) ~[httpclient-4.5.3.jar:4.5.3]
	at org.apache.http.impl.conn.DefaultHttpResponseParser.parseHead(DefaultHttpResponseParser.java:56) ~[httpclient-4.5.3.jar:4.5.3]
	at org.apache.http.impl.io.AbstractMessageParser.parse(AbstractMessageParser.java:259) ~[httpcore-4.4.16.jar:4.4.16]
	at org.apache.http.impl.DefaultBHttpClientConnection.receiveResponseHeader(DefaultBHttpClientConnection.java:163) ~[httpcore-4.4.16.jar:4.4.16]
	at org.apache.http.impl.conn.CPoolProxy.receiveResponseHeader(CPoolProxy.java:165) ~[httpclient-4.5.3.jar:4.5.3]
	at org.apache.http.protocol.HttpRequestExecutor.doReceiveResponse(HttpRequestExecutor.java:273) ~[httpcore-4.4.16.jar:4.4.16]
	at org.apache.http.protocol.HttpRequestExecutor.execute(HttpRequestExecutor.java:125) ~[httpcore-4.4.16.jar:4.4.16]
	at org.apache.http.impl.execchain.MainClientExec.execute(MainClientExec.java:272) ~[httpclient-4.5.3.jar:4.5.3]
	at org.apache.http.impl.execchain.ProtocolExec.execute(ProtocolExec.java:185) ~[httpclient-4.5.3.jar:4.5.3]
	at org.apache.http.impl.execchain.RetryExec.execute(RetryExec.java:89) ~[httpclient-4.5.3.jar:4.5.3]
	at org.apache.http.impl.execchain.RedirectExec.execute(RedirectExec.java:111) ~[httpclient-4.5.3.jar:4.5.3]
	at org.apache.http.impl.client.InternalHttpClient.doExecute(InternalHttpClient.java:185) ~[httpclient-4.5.3.jar:4.5.3]
	at org.apache.http.impl.client.CloseableHttpClient.execute(CloseableHttpClient.java:72) ~[httpclient-4.5.3.jar:4.5.3]
	at org.glassfish.jersey.apache.connector.ApacheConnector.apply(ApacheConnector.java:486) ~[jersey-apache-connector-3.1.8.jar:na]
	... 16 common frames omitted

2026-02-18T18:56:21.786+05:30 ERROR 14596 --- [retail-service-registry] [get_localhost-3] c.n.e.cluster.ReplicationTaskProcessor   : It seems to be a socket read timeout exception, it will retry later. if it continues to happen and some eureka node occupied all the cpu time, you should set property 'eureka.server.peer-node-read-timeout-ms' to a bigger value

jakarta.ws.rs.ProcessingException: java.net.SocketTimeoutException: Read timed out
	at org.glassfish.jersey.apache.connector.ApacheConnector.apply(ApacheConnector.java:534) ~[jersey-apache-connector-3.1.8.jar:na]
	at org.glassfish.jersey.client.ClientRuntime.invoke(ClientRuntime.java:300) ~[jersey-client-3.1.8.jar:na]
	at org.glassfish.jersey.client.JerseyInvocation.lambda$invoke$0(JerseyInvocation.java:674) ~[jersey-client-3.1.8.jar:na]
	at org.glassfish.jersey.client.JerseyInvocation.call(JerseyInvocation.java:709) ~[jersey-client-3.1.8.jar:na]
	at org.glassfish.jersey.client.JerseyInvocation.lambda$runInScope$3(JerseyInvocation.java:703) ~[jersey-client-3.1.8.jar:na]
	at org.glassfish.jersey.internal.Errors.process(Errors.java:292) ~[jersey-common-3.1.8.jar:na]
	at org.glassfish.jersey.internal.Errors.process(Errors.java:274) ~[jersey-common-3.1.8.jar:na]
	at org.glassfish.jersey.internal.Errors.process(Errors.java:205) ~[jersey-common-3.1.8.jar:na]
	at org.glassfish.jersey.process.internal.RequestScope.runInScope(RequestScope.java:391) ~[jersey-common-3.1.8.jar:na]
	at org.glassfish.jersey.client.JerseyInvocation.runInScope(JerseyInvocation.java:703) ~[jersey-client-3.1.8.jar:na]
	at org.glassfish.jersey.client.JerseyInvocation.invoke(JerseyInvocation.java:673) ~[jersey-client-3.1.8.jar:na]
	at org.glassfish.jersey.client.JerseyInvocation$Builder.method(JerseyInvocation.java:439) ~[jersey-client-3.1.8.jar:na]
	at org.glassfish.jersey.client.JerseyInvocation$Builder.post(JerseyInvocation.java:345) ~[jersey-client-3.1.8.jar:na]
	at com.netflix.eureka.transport.Jersey3ReplicationClient.submitBatchUpdates(Jersey3ReplicationClient.java:116) ~[eureka-core-jersey3-2.0.4.jar:2.0.4]
	at com.netflix.eureka.cluster.ReplicationTaskProcessor.process(ReplicationTaskProcessor.java:80) ~[eureka-core-2.0.4.jar:2.0.4]
	at com.netflix.eureka.util.batcher.TaskExecutors$BatchWorkerRunnable.run(TaskExecutors.java:178) ~[eureka-core-2.0.4.jar:2.0.4]
	at java.base/java.lang.Thread.run(Thread.java:842) ~[na:na]
Caused by: java.net.SocketTimeoutException: Read timed out
	at java.base/sun.nio.ch.NioSocketImpl.timedRead(NioSocketImpl.java:288) ~[na:na]
	at java.base/sun.nio.ch.NioSocketImpl.implRead(NioSocketImpl.java:314) ~[na:na]
	at java.base/sun.nio.ch.NioSocketImpl.read(NioSocketImpl.java:355) ~[na:na]
	at java.base/sun.nio.ch.NioSocketImpl$1.read(NioSocketImpl.java:808) ~[na:na]
	at java.base/java.net.Socket$SocketInputStream.read(Socket.java:966) ~[na:na]
	at org.apache.http.impl.io.SessionInputBufferImpl.streamRead(SessionInputBufferImpl.java:137) ~[httpcore-4.4.16.jar:4.4.16]
	at org.apache.http.impl.io.SessionInputBufferImpl.fillBuffer(SessionInputBufferImpl.java:153) ~[httpcore-4.4.16.jar:4.4.16]
	at org.apache.http.impl.io.SessionInputBufferImpl.readLine(SessionInputBufferImpl.java:280) ~[httpcore-4.4.16.jar:4.4.16]
	at org.apache.http.impl.conn.DefaultHttpResponseParser.parseHead(DefaultHttpResponseParser.java:138) ~[httpclient-4.5.3.jar:4.5.3]
	at org.apache.http.impl.conn.DefaultHttpResponseParser.parseHead(DefaultHttpResponseParser.java:56) ~[httpclient-4.5.3.jar:4.5.3]
	at org.apache.http.impl.io.AbstractMessageParser.parse(AbstractMessageParser.java:259) ~[httpcore-4.4.16.jar:4.4.16]
	at org.apache.http.impl.DefaultBHttpClientConnection.receiveResponseHeader(DefaultBHttpClientConnection.java:163) ~[httpcore-4.4.16.jar:4.4.16]
	at org.apache.http.impl.conn.CPoolProxy.receiveResponseHeader(CPoolProxy.java:165) ~[httpclient-4.5.3.jar:4.5.3]
	at org.apache.http.protocol.HttpRequestExecutor.doReceiveResponse(HttpRequestExecutor.java:273) ~[httpcore-4.4.16.jar:4.4.16]
	at org.apache.http.protocol.HttpRequestExecutor.execute(HttpRequestExecutor.java:125) ~[httpcore-4.4.16.jar:4.4.16]
	at org.apache.http.impl.execchain.MainClientExec.execute(MainClientExec.java:272) ~[httpclient-4.5.3.jar:4.5.3]
	at org.apache.http.impl.execchain.ProtocolExec.execute(ProtocolExec.java:185) ~[httpclient-4.5.3.jar:4.5.3]
	at org.apache.http.impl.execchain.RetryExec.execute(RetryExec.java:89) ~[httpclient-4.5.3.jar:4.5.3]
	at org.apache.http.impl.execchain.RedirectExec.execute(RedirectExec.java:111) ~[httpclient-4.5.3.jar:4.5.3]
	at org.apache.http.impl.client.InternalHttpClient.doExecute(InternalHttpClient.java:185) ~[httpclient-4.5.3.jar:4.5.3]
	at org.apache.http.impl.client.CloseableHttpClient.execute(CloseableHttpClient.java:72) ~[httpclient-4.5.3.jar:4.5.3]
	at org.glassfish.jersey.apache.connector.ApacheConnector.apply(ApacheConnector.java:486) ~[jersey-apache-connector-3.1.8.jar:na]
	... 16 common frames omitted

2026-02-18T18:56:20.997+05:30 ERROR 14596 --- [retail-service-registry] [et_localhost-19] c.n.e.cluster.ReplicationTaskProcessor   : It seems to be a socket read timeout exception, it will retry later. if it continues to happen and some eureka node occupied all the cpu time, you should set property 'eureka.server.peer-node-read-timeout-ms' to a bigger value

jakarta.ws.rs.ProcessingException: java.net.SocketTimeoutException: Read timed out
	at org.glassfish.jersey.apache.connector.ApacheConnector.apply(ApacheConnector.java:534) ~[jersey-apache-connector-3.1.8.jar:na]
	at org.glassfish.jersey.client.ClientRuntime.invoke(ClientRuntime.java:300) ~[jersey-client-3.1.8.jar:na]
	at org.glassfish.jersey.client.JerseyInvocation.lambda$invoke$0(JerseyInvocation.java:674) ~[jersey-client-3.1.8.jar:na]
	at org.glassfish.jersey.client.JerseyInvocation.call(JerseyInvocation.java:709) ~[jersey-client-3.1.8.jar:na]
	at org.glassfish.jersey.client.JerseyInvocation.lambda$runInScope$3(JerseyInvocation.java:703) ~[jersey-client-3.1.8.jar:na]
	at org.glassfish.jersey.internal.Errors.process(Errors.java:292) ~[jersey-common-3.1.8.jar:na]
	at org.glassfish.jersey.internal.Errors.process(Errors.java:274) ~[jersey-common-3.1.8.jar:na]
	at org.glassfish.jersey.internal.Errors.process(Errors.java:205) ~[jersey-common-3.1.8.jar:na]
	at org.glassfish.jersey.process.internal.RequestScope.runInScope(RequestScope.java:391) ~[jersey-common-3.1.8.jar:na]
	at org.glassfish.jersey.client.JerseyInvocation.runInScope(JerseyInvocation.java:703) ~[jersey-client-3.1.8.jar:na]
	at org.glassfish.jersey.client.JerseyInvocation.invoke(JerseyInvocation.java:673) ~[jersey-client-3.1.8.jar:na]
	at org.glassfish.jersey.client.JerseyInvocation$Builder.method(JerseyInvocation.java:439) ~[jersey-client-3.1.8.jar:na]
	at org.glassfish.jersey.client.JerseyInvocation$Builder.post(JerseyInvocation.java:345) ~[jersey-client-3.1.8.jar:na]
	at com.netflix.eureka.transport.Jersey3ReplicationClient.submitBatchUpdates(Jersey3ReplicationClient.java:116) ~[eureka-core-jersey3-2.0.4.jar:2.0.4]
	at com.netflix.eureka.cluster.ReplicationTaskProcessor.process(ReplicationTaskProcessor.java:80) ~[eureka-core-2.0.4.jar:2.0.4]
	at com.netflix.eureka.util.batcher.TaskExecutors$BatchWorkerRunnable.run(TaskExecutors.java:178) ~[eureka-core-2.0.4.jar:2.0.4]
	at java.base/java.lang.Thread.run(Thread.java:842) ~[na:na]
Caused by: java.net.SocketTimeoutException: Read timed out
	at java.base/sun.nio.ch.NioSocketImpl.timedRead(NioSocketImpl.java:288) ~[na:na]
	at java.base/sun.nio.ch.NioSocketImpl.implRead(NioSocketImpl.java:314) ~[na:na]
	at java.base/sun.nio.ch.NioSocketImpl.read(NioSocketImpl.java:355) ~[na:na]
	at java.base/sun.nio.ch.NioSocketImpl$1.read(NioSocketImpl.java:808) ~[na:na]
	at java.base/java.net.Socket$SocketInputStream.read(Socket.java:966) ~[na:na]
	at org.apache.http.impl.io.SessionInputBufferImpl.streamRead(SessionInputBufferImpl.java:137) ~[httpcore-4.4.16.jar:4.4.16]
	at org.apache.http.impl.io.SessionInputBufferImpl.fillBuffer(SessionInputBufferImpl.java:153) ~[httpcore-4.4.16.jar:4.4.16]
	at org.apache.http.impl.io.SessionInputBufferImpl.readLine(SessionInputBufferImpl.java:280) ~[httpcore-4.4.16.jar:4.4.16]
	at org.apache.http.impl.conn.DefaultHttpResponseParser.parseHead(DefaultHttpResponseParser.java:138) ~[httpclient-4.5.3.jar:4.5.3]
	at org.apache.http.impl.conn.DefaultHttpResponseParser.parseHead(DefaultHttpResponseParser.java:56) ~[httpclient-4.5.3.jar:4.5.3]
	at org.apache.http.impl.io.AbstractMessageParser.parse(AbstractMessageParser.java:259) ~[httpcore-4.4.16.jar:4.4.16]
	at org.apache.http.impl.DefaultBHttpClientConnection.receiveResponseHeader(DefaultBHttpClientConnection.java:163) ~[httpcore-4.4.16.jar:4.4.16]
	at org.apache.http.impl.conn.CPoolProxy.receiveResponseHeader(CPoolProxy.java:165) ~[httpclient-4.5.3.jar:4.5.3]
	at org.apache.http.protocol.HttpRequestExecutor.doReceiveResponse(HttpRequestExecutor.java:273) ~[httpcore-4.4.16.jar:4.4.16]
	at org.apache.http.protocol.HttpRequestExecutor.execute(HttpRequestExecutor.java:125) ~[httpcore-4.4.16.jar:4.4.16]
	at org.apache.http.impl.execchain.MainClientExec.execute(MainClientExec.java:272) ~[httpclient-4.5.3.jar:4.5.3]
	at org.apache.http.impl.execchain.ProtocolExec.execute(ProtocolExec.java:185) ~[httpclient-4.5.3.jar:4.5.3]
	at org.apache.http.impl.execchain.RetryExec.execute(RetryExec.java:89) ~[httpclient-4.5.3.jar:4.5.3]
	at org.apache.http.impl.execchain.RedirectExec.execute(RedirectExec.java:111) ~[httpclient-4.5.3.jar:4.5.3]
	at org.apache.http.impl.client.InternalHttpClient.doExecute(InternalHttpClient.java:185) ~[httpclient-4.5.3.jar:4.5.3]
	at org.apache.http.impl.client.CloseableHttpClient.execute(CloseableHttpClient.java:72) ~[httpclient-4.5.3.jar:4.5.3]
	at org.glassfish.jersey.apache.connector.ApacheConnector.apply(ApacheConnector.java:486) ~[jersey-apache-connector-3.1.8.jar:na]
	... 16 common frames omitted

2026-02-18T18:56:12.666+05:30 ERROR 14596 --- [retail-service-registry] [et_localhost-11] c.n.e.cluster.ReplicationTaskProcessor   : It seems to be a socket read timeout exception, it will retry later. if it continues to happen and some eureka node occupied all the cpu time, you should set property 'eureka.server.peer-node-read-timeout-ms' to a bigger value

jakarta.ws.rs.ProcessingException: java.net.SocketTimeoutException: Read timed out
	at org.glassfish.jersey.apache.connector.ApacheConnector.apply(ApacheConnector.java:534) ~[jersey-apache-connector-3.1.8.jar:na]
	at org.glassfish.jersey.client.ClientRuntime.invoke(ClientRuntime.java:300) ~[jersey-client-3.1.8.jar:na]
	at org.glassfish.jersey.client.JerseyInvocation.lambda$invoke$0(JerseyInvocation.java:674) ~[jersey-client-3.1.8.jar:na]
	at org.glassfish.jersey.client.JerseyInvocation.call(JerseyInvocation.java:709) ~[jersey-client-3.1.8.jar:na]
	at org.glassfish.jersey.client.JerseyInvocation.lambda$runInScope$3(JerseyInvocation.java:703) ~[jersey-client-3.1.8.jar:na]
	at org.glassfish.jersey.internal.Errors.process(Errors.java:292) ~[jersey-common-3.1.8.jar:na]
	at org.glassfish.jersey.internal.Errors.process(Errors.java:274) ~[jersey-common-3.1.8.jar:na]
	at org.glassfish.jersey.internal.Errors.process(Errors.java:205) ~[jersey-common-3.1.8.jar:na]
	at org.glassfish.jersey.process.internal.RequestScope.runInScope(RequestScope.java:391) ~[jersey-common-3.1.8.jar:na]
	at org.glassfish.jersey.client.JerseyInvocation.runInScope(JerseyInvocation.java:703) ~[jersey-client-3.1.8.jar:na]
	at org.glassfish.jersey.client.JerseyInvocation.invoke(JerseyInvocation.java:673) ~[jersey-client-3.1.8.jar:na]
	at org.glassfish.jersey.client.JerseyInvocation$Builder.method(JerseyInvocation.java:439) ~[jersey-client-3.1.8.jar:na]
	at org.glassfish.jersey.client.JerseyInvocation$Builder.post(JerseyInvocation.java:345) ~[jersey-client-3.1.8.jar:na]
	at com.netflix.eureka.transport.Jersey3ReplicationClient.submitBatchUpdates(Jersey3ReplicationClient.java:116) ~[eureka-core-jersey3-2.0.4.jar:2.0.4]
	at com.netflix.eureka.cluster.ReplicationTaskProcessor.process(ReplicationTaskProcessor.java:80) ~[eureka-core-2.0.4.jar:2.0.4]
	at com.netflix.eureka.util.batcher.TaskExecutors$BatchWorkerRunnable.run(TaskExecutors.java:178) ~[eureka-core-2.0.4.jar:2.0.4]
	at java.base/java.lang.Thread.run(Thread.java:842) ~[na:na]
Caused by: java.net.SocketTimeoutException: Read timed out
	at java.base/sun.nio.ch.NioSocketImpl.timedRead(NioSocketImpl.java:288) ~[na:na]
	at java.base/sun.nio.ch.NioSocketImpl.implRead(NioSocketImpl.java:314) ~[na:na]
	at java.base/sun.nio.ch.NioSocketImpl.read(NioSocketImpl.java:355) ~[na:na]
	at java.base/sun.nio.ch.NioSocketImpl$1.read(NioSocketImpl.java:808) ~[na:na]
	at java.base/java.net.Socket$SocketInputStream.read(Socket.java:966) ~[na:na]
	at org.apache.http.impl.io.SessionInputBufferImpl.streamRead(SessionInputBufferImpl.java:137) ~[httpcore-4.4.16.jar:4.4.16]
	at org.apache.http.impl.io.SessionInputBufferImpl.fillBuffer(SessionInputBufferImpl.java:153) ~[httpcore-4.4.16.jar:4.4.16]
	at org.apache.http.impl.io.SessionInputBufferImpl.readLine(SessionInputBufferImpl.java:280) ~[httpcore-4.4.16.jar:4.4.16]
	at org.apache.http.impl.conn.DefaultHttpResponseParser.parseHead(DefaultHttpResponseParser.java:138) ~[httpclient-4.5.3.jar:4.5.3]
	at org.apache.http.impl.conn.DefaultHttpResponseParser.parseHead(DefaultHttpResponseParser.java:56) ~[httpclient-4.5.3.jar:4.5.3]
	at org.apache.http.impl.io.AbstractMessageParser.parse(AbstractMessageParser.java:259) ~[httpcore-4.4.16.jar:4.4.16]
	at org.apache.http.impl.DefaultBHttpClientConnection.receiveResponseHeader(DefaultBHttpClientConnection.java:163) ~[httpcore-4.4.16.jar:4.4.16]
	at org.apache.http.impl.conn.CPoolProxy.receiveResponseHeader(CPoolProxy.java:165) ~[httpclient-4.5.3.jar:4.5.3]
	at org.apache.http.protocol.HttpRequestExecutor.doReceiveResponse(HttpRequestExecutor.java:273) ~[httpcore-4.4.16.jar:4.4.16]
	at org.apache.http.protocol.HttpRequestExecutor.execute(HttpRequestExecutor.java:125) ~[httpcore-4.4.16.jar:4.4.16]
	at org.apache.http.impl.execchain.MainClientExec.execute(MainClientExec.java:272) ~[httpclient-4.5.3.jar:4.5.3]
	at org.apache.http.impl.execchain.ProtocolExec.execute(ProtocolExec.java:185) ~[httpclient-4.5.3.jar:4.5.3]
	at org.apache.http.impl.execchain.RetryExec.execute(RetryExec.java:89) ~[httpclient-4.5.3.jar:4.5.3]
	at org.apache.http.impl.execchain.RedirectExec.execute(RedirectExec.java:111) ~[httpclient-4.5.3.jar:4.5.3]
	at org.apache.http.impl.client.InternalHttpClient.doExecute(InternalHttpClient.java:185) ~[httpclient-4.5.3.jar:4.5.3]
	at org.apache.http.impl.client.CloseableHttpClient.execute(CloseableHttpClient.java:72) ~[httpclient-4.5.3.jar:4.5.3]
	at org.glassfish.jersey.apache.connector.ApacheConnector.apply(ApacheConnector.java:486) ~[jersey-apache-connector-3.1.8.jar:na]
	... 16 common frames omitted

2026-02-18T18:56:43.779+05:30 ERROR 14596 --- [retail-service-registry] [get_localhost-7] c.n.e.cluster.ReplicationTaskProcessor   : It seems to be a socket read timeout exception, it will retry later. if it continues to happen and some eureka node occupied all the cpu time, you should set property 'eureka.server.peer-node-read-timeout-ms' to a bigger value

jakarta.ws.rs.ProcessingException: java.net.SocketTimeoutException: Read timed out
	at org.glassfish.jersey.apache.connector.ApacheConnector.apply(ApacheConnector.java:534) ~[jersey-apache-connector-3.1.8.jar:na]
	at org.glassfish.jersey.client.ClientRuntime.invoke(ClientRuntime.java:300) ~[jersey-client-3.1.8.jar:na]
	at org.glassfish.jersey.client.JerseyInvocation.lambda$invoke$0(JerseyInvocation.java:674) ~[jersey-client-3.1.8.jar:na]
	at org.glassfish.jersey.client.JerseyInvocation.call(JerseyInvocation.java:709) ~[jersey-client-3.1.8.jar:na]
	at org.glassfish.jersey.client.JerseyInvocation.lambda$runInScope$3(JerseyInvocation.java:703) ~[jersey-client-3.1.8.jar:na]
	at org.glassfish.jersey.internal.Errors.process(Errors.java:292) ~[jersey-common-3.1.8.jar:na]
	at org.glassfish.jersey.internal.Errors.process(Errors.java:274) ~[jersey-common-3.1.8.jar:na]
	at org.glassfish.jersey.internal.Errors.process(Errors.java:205) ~[jersey-common-3.1.8.jar:na]
	at org.glassfish.jersey.process.internal.RequestScope.runInScope(RequestScope.java:391) ~[jersey-common-3.1.8.jar:na]
	at org.glassfish.jersey.client.JerseyInvocation.runInScope(JerseyInvocation.java:703) ~[jersey-client-3.1.8.jar:na]
	at org.glassfish.jersey.client.JerseyInvocation.invoke(JerseyInvocation.java:673) ~[jersey-client-3.1.8.jar:na]
	at org.glassfish.jersey.client.JerseyInvocation$Builder.method(JerseyInvocation.java:439) ~[jersey-client-3.1.8.jar:na]
	at org.glassfish.jersey.client.JerseyInvocation$Builder.post(JerseyInvocation.java:345) ~[jersey-client-3.1.8.jar:na]
	at com.netflix.eureka.transport.Jersey3ReplicationClient.submitBatchUpdates(Jersey3ReplicationClient.java:116) ~[eureka-core-jersey3-2.0.4.jar:2.0.4]
	at com.netflix.eureka.cluster.ReplicationTaskProcessor.process(ReplicationTaskProcessor.java:80) ~[eureka-core-2.0.4.jar:2.0.4]
	at com.netflix.eureka.util.batcher.TaskExecutors$BatchWorkerRunnable.run(TaskExecutors.java:178) ~[eureka-core-2.0.4.jar:2.0.4]
	at java.base/java.lang.Thread.run(Thread.java:842) ~[na:na]
Caused by: java.net.SocketTimeoutException: Read timed out
	at java.base/sun.nio.ch.NioSocketImpl.timedRead(NioSocketImpl.java:288) ~[na:na]
	at java.base/sun.nio.ch.NioSocketImpl.implRead(NioSocketImpl.java:314) ~[na:na]
	at java.base/sun.nio.ch.NioSocketImpl.read(NioSocketImpl.java:355) ~[na:na]
	at java.base/sun.nio.ch.NioSocketImpl$1.read(NioSocketImpl.java:808) ~[na:na]
	at java.base/java.net.Socket$SocketInputStream.read(Socket.java:966) ~[na:na]
	at org.apache.http.impl.io.SessionInputBufferImpl.streamRead(SessionInputBufferImpl.java:137) ~[httpcore-4.4.16.jar:4.4.16]
	at org.apache.http.impl.io.SessionInputBufferImpl.fillBuffer(SessionInputBufferImpl.java:153) ~[httpcore-4.4.16.jar:4.4.16]
	at org.apache.http.impl.io.SessionInputBufferImpl.readLine(SessionInputBufferImpl.java:280) ~[httpcore-4.4.16.jar:4.4.16]
	at org.apache.http.impl.conn.DefaultHttpResponseParser.parseHead(DefaultHttpResponseParser.java:138) ~[httpclient-4.5.3.jar:4.5.3]
	at org.apache.http.impl.conn.DefaultHttpResponseParser.parseHead(DefaultHttpResponseParser.java:56) ~[httpclient-4.5.3.jar:4.5.3]
	at org.apache.http.impl.io.AbstractMessageParser.parse(AbstractMessageParser.java:259) ~[httpcore-4.4.16.jar:4.4.16]
	at org.apache.http.impl.DefaultBHttpClientConnection.receiveResponseHeader(DefaultBHttpClientConnection.java:163) ~[httpcore-4.4.16.jar:4.4.16]
	at org.apache.http.impl.conn.CPoolProxy.receiveResponseHeader(CPoolProxy.java:165) ~[httpclient-4.5.3.jar:4.5.3]
	at org.apache.http.protocol.HttpRequestExecutor.doReceiveResponse(HttpRequestExecutor.java:273) ~[httpcore-4.4.16.jar:4.4.16]
	at org.apache.http.protocol.HttpRequestExecutor.execute(HttpRequestExecutor.java:125) ~[httpcore-4.4.16.jar:4.4.16]
	at org.apache.http.impl.execchain.MainClientExec.execute(MainClientExec.java:272) ~[httpclient-4.5.3.jar:4.5.3]
	at org.apache.http.impl.execchain.ProtocolExec.execute(ProtocolExec.java:185) ~[httpclient-4.5.3.jar:4.5.3]
	at org.apache.http.impl.execchain.RetryExec.execute(RetryExec.java:89) ~[httpclient-4.5.3.jar:4.5.3]
	at org.apache.http.impl.execchain.RedirectExec.execute(RedirectExec.java:111) ~[httpclient-4.5.3.jar:4.5.3]
	at org.apache.http.impl.client.InternalHttpClient.doExecute(InternalHttpClient.java:185) ~[httpclient-4.5.3.jar:4.5.3]
	at org.apache.http.impl.client.CloseableHttpClient.execute(CloseableHttpClient.java:72) ~[httpclient-4.5.3.jar:4.5.3]
	at org.glassfish.jersey.apache.connector.ApacheConnector.apply(ApacheConnector.java:486) ~[jersey-apache-connector-3.1.8.jar:na]
	... 16 common frames omitted

2026-02-18T18:56:48.611+05:30  INFO 14596 --- [retail-service-registry] [a-EvictionTimer] c.n.e.registry.AbstractInstanceRegistry  : Running the evict task with compensationTime 4ms
2026-02-18T18:56:56.645+05:30 ERROR 14596 --- [retail-service-registry] [get_localhost-9] c.n.e.cluster.ReplicationTaskProcessor   : It seems to be a socket read timeout exception, it will retry later. if it continues to happen and some eureka node occupied all the cpu time, you should set property 'eureka.server.peer-node-read-timeout-ms' to a bigger value

jakarta.ws.rs.ProcessingException: java.net.SocketTimeoutException: Read timed out
	at org.glassfish.jersey.apache.connector.ApacheConnector.apply(ApacheConnector.java:534) ~[jersey-apache-connector-3.1.8.jar:na]
	at org.glassfish.jersey.client.ClientRuntime.invoke(ClientRuntime.java:300) ~[jersey-client-3.1.8.jar:na]
	at org.glassfish.jersey.client.JerseyInvocation.lambda$invoke$0(JerseyInvocation.java:674) ~[jersey-client-3.1.8.jar:na]
	at org.glassfish.jersey.client.JerseyInvocation.call(JerseyInvocation.java:709) ~[jersey-client-3.1.8.jar:na]
	at org.glassfish.jersey.client.JerseyInvocation.lambda$runInScope$3(JerseyInvocation.java:703) ~[jersey-client-3.1.8.jar:na]
	at org.glassfish.jersey.internal.Errors.process(Errors.java:292) ~[jersey-common-3.1.8.jar:na]
	at org.glassfish.jersey.internal.Errors.process(Errors.java:274) ~[jersey-common-3.1.8.jar:na]
	at org.glassfish.jersey.internal.Errors.process(Errors.java:205) ~[jersey-common-3.1.8.jar:na]
	at org.glassfish.jersey.process.internal.RequestScope.runInScope(RequestScope.java:391) ~[jersey-common-3.1.8.jar:na]
	at org.glassfish.jersey.client.JerseyInvocation.runInScope(JerseyInvocation.java:703) ~[jersey-client-3.1.8.jar:na]
	at org.glassfish.jersey.client.JerseyInvocation.invoke(JerseyInvocation.java:673) ~[jersey-client-3.1.8.jar:na]
	at org.glassfish.jersey.client.JerseyInvocation$Builder.method(JerseyInvocation.java:439) ~[jersey-client-3.1.8.jar:na]
	at org.glassfish.jersey.client.JerseyInvocation$Builder.post(JerseyInvocation.java:345) ~[jersey-client-3.1.8.jar:na]
	at com.netflix.eureka.transport.Jersey3ReplicationClient.submitBatchUpdates(Jersey3ReplicationClient.java:116) ~[eureka-core-jersey3-2.0.4.jar:2.0.4]
	at com.netflix.eureka.cluster.ReplicationTaskProcessor.process(ReplicationTaskProcessor.java:80) ~[eureka-core-2.0.4.jar:2.0.4]
	at com.netflix.eureka.util.batcher.TaskExecutors$BatchWorkerRunnable.run(TaskExecutors.java:178) ~[eureka-core-2.0.4.jar:2.0.4]
	at java.base/java.lang.Thread.run(Thread.java:842) ~[na:na]
Caused by: java.net.SocketTimeoutException: Read timed out
	at java.base/sun.nio.ch.NioSocketImpl.timedRead(NioSocketImpl.java:288) ~[na:na]
	at java.base/sun.nio.ch.NioSocketImpl.implRead(NioSocketImpl.java:314) ~[na:na]
	at java.base/sun.nio.ch.NioSocketImpl.read(NioSocketImpl.java:355) ~[na:na]
	at java.base/sun.nio.ch.NioSocketImpl$1.read(NioSocketImpl.java:808) ~[na:na]
	at java.base/java.net.Socket$SocketInputStream.read(Socket.java:966) ~[na:na]
	at org.apache.http.impl.io.SessionInputBufferImpl.streamRead(SessionInputBufferImpl.java:137) ~[httpcore-4.4.16.jar:4.4.16]
	at org.apache.http.impl.io.SessionInputBufferImpl.fillBuffer(SessionInputBufferImpl.java:153) ~[httpcore-4.4.16.jar:4.4.16]
	at org.apache.http.impl.io.SessionInputBufferImpl.readLine(SessionInputBufferImpl.java:280) ~[httpcore-4.4.16.jar:4.4.16]
	at org.apache.http.impl.conn.DefaultHttpResponseParser.parseHead(DefaultHttpResponseParser.java:138) ~[httpclient-4.5.3.jar:4.5.3]
	at org.apache.http.impl.conn.DefaultHttpResponseParser.parseHead(DefaultHttpResponseParser.java:56) ~[httpclient-4.5.3.jar:4.5.3]
	at org.apache.http.impl.io.AbstractMessageParser.parse(AbstractMessageParser.java:259) ~[httpcore-4.4.16.jar:4.4.16]
	at org.apache.http.impl.DefaultBHttpClientConnection.receiveResponseHeader(DefaultBHttpClientConnection.java:163) ~[httpcore-4.4.16.jar:4.4.16]
	at org.apache.http.impl.conn.CPoolProxy.receiveResponseHeader(CPoolProxy.java:165) ~[httpclient-4.5.3.jar:4.5.3]
	at org.apache.http.protocol.HttpRequestExecutor.doReceiveResponse(HttpRequestExecutor.java:273) ~[httpcore-4.4.16.jar:4.4.16]
	at org.apache.http.protocol.HttpRequestExecutor.execute(HttpRequestExecutor.java:125) ~[httpcore-4.4.16.jar:4.4.16]
	at org.apache.http.impl.execchain.MainClientExec.execute(MainClientExec.java:272) ~[httpclient-4.5.3.jar:4.5.3]
	at org.apache.http.impl.execchain.ProtocolExec.execute(ProtocolExec.java:185) ~[httpclient-4.5.3.jar:4.5.3]
	at org.apache.http.impl.execchain.RetryExec.execute(RetryExec.java:89) ~[httpclient-4.5.3.jar:4.5.3]
	at org.apache.http.impl.execchain.RedirectExec.execute(RedirectExec.java:111) ~[httpclient-4.5.3.jar:4.5.3]
	at org.apache.http.impl.client.InternalHttpClient.doExecute(InternalHttpClient.java:185) ~[httpclient-4.5.3.jar:4.5.3]
	at org.apache.http.impl.client.CloseableHttpClient.execute(CloseableHttpClient.java:72) ~[httpclient-4.5.3.jar:4.5.3]
	at org.glassfish.jersey.apache.connector.ApacheConnector.apply(ApacheConnector.java:486) ~[jersey-apache-connector-3.1.8.jar:na]
	... 16 common frames omitted

2026-02-18T18:57:48.632+05:30  INFO 14596 --- [retail-service-registry] [a-EvictionTimer] c.n.e.registry.AbstractInstanceRegistry  : Running the evict task with compensationTime 15ms
2026-02-18T18:57:56.944+05:30 ERROR 14596 --- [retail-service-registry] [et_localhost-17] c.n.e.cluster.ReplicationTaskProcessor   : It seems to be a socket read timeout exception, it will retry later. if it continues to happen and some eureka node occupied all the cpu time, you should set property 'eureka.server.peer-node-read-timeout-ms' to a bigger value

jakarta.ws.rs.ProcessingException: java.net.SocketTimeoutException: Read timed out
	at org.glassfish.jersey.apache.connector.ApacheConnector.apply(ApacheConnector.java:534) ~[jersey-apache-connector-3.1.8.jar:na]
	at org.glassfish.jersey.client.ClientRuntime.invoke(ClientRuntime.java:300) ~[jersey-client-3.1.8.jar:na]
	at org.glassfish.jersey.client.JerseyInvocation.lambda$invoke$0(JerseyInvocation.java:674) ~[jersey-client-3.1.8.jar:na]
	at org.glassfish.jersey.client.JerseyInvocation.call(JerseyInvocation.java:709) ~[jersey-client-3.1.8.jar:na]
	at org.glassfish.jersey.client.JerseyInvocation.lambda$runInScope$3(JerseyInvocation.java:703) ~[jersey-client-3.1.8.jar:na]
	at org.glassfish.jersey.internal.Errors.process(Errors.java:292) ~[jersey-common-3.1.8.jar:na]
	at org.glassfish.jersey.internal.Errors.process(Errors.java:274) ~[jersey-common-3.1.8.jar:na]
	at org.glassfish.jersey.internal.Errors.process(Errors.java:205) ~[jersey-common-3.1.8.jar:na]
	at org.glassfish.jersey.process.internal.RequestScope.runInScope(RequestScope.java:391) ~[jersey-common-3.1.8.jar:na]
	at org.glassfish.jersey.client.JerseyInvocation.runInScope(JerseyInvocation.java:703) ~[jersey-client-3.1.8.jar:na]
	at org.glassfish.jersey.client.JerseyInvocation.invoke(JerseyInvocation.java:673) ~[jersey-client-3.1.8.jar:na]
	at org.glassfish.jersey.client.JerseyInvocation$Builder.method(JerseyInvocation.java:439) ~[jersey-client-3.1.8.jar:na]
	at org.glassfish.jersey.client.JerseyInvocation$Builder.post(JerseyInvocation.java:345) ~[jersey-client-3.1.8.jar:na]
	at com.netflix.eureka.transport.Jersey3ReplicationClient.submitBatchUpdates(Jersey3ReplicationClient.java:116) ~[eureka-core-jersey3-2.0.4.jar:2.0.4]
	at com.netflix.eureka.cluster.ReplicationTaskProcessor.process(ReplicationTaskProcessor.java:80) ~[eureka-core-2.0.4.jar:2.0.4]
	at com.netflix.eureka.util.batcher.TaskExecutors$BatchWorkerRunnable.run(TaskExecutors.java:178) ~[eureka-core-2.0.4.jar:2.0.4]
	at java.base/java.lang.Thread.run(Thread.java:842) ~[na:na]
Caused by: java.net.SocketTimeoutException: Read timed out
	at java.base/sun.nio.ch.NioSocketImpl.timedRead(NioSocketImpl.java:288) ~[na:na]
	at java.base/sun.nio.ch.NioSocketImpl.implRead(NioSocketImpl.java:314) ~[na:na]
	at java.base/sun.nio.ch.NioSocketImpl.read(NioSocketImpl.java:355) ~[na:na]
	at java.base/sun.nio.ch.NioSocketImpl$1.read(NioSocketImpl.java:808) ~[na:na]
	at java.base/java.net.Socket$SocketInputStream.read(Socket.java:966) ~[na:na]
	at org.apache.http.impl.io.SessionInputBufferImpl.streamRead(SessionInputBufferImpl.java:137) ~[httpcore-4.4.16.jar:4.4.16]
	at org.apache.http.impl.io.SessionInputBufferImpl.fillBuffer(SessionInputBufferImpl.java:153) ~[httpcore-4.4.16.jar:4.4.16]
	at org.apache.http.impl.io.SessionInputBufferImpl.readLine(SessionInputBufferImpl.java:280) ~[httpcore-4.4.16.jar:4.4.16]
	at org.apache.http.impl.conn.DefaultHttpResponseParser.parseHead(DefaultHttpResponseParser.java:138) ~[httpclient-4.5.3.jar:4.5.3]
	at org.apache.http.impl.conn.DefaultHttpResponseParser.parseHead(DefaultHttpResponseParser.java:56) ~[httpclient-4.5.3.jar:4.5.3]
	at org.apache.http.impl.io.AbstractMessageParser.parse(AbstractMessageParser.java:259) ~[httpcore-4.4.16.jar:4.4.16]
	at org.apache.http.impl.DefaultBHttpClientConnection.receiveResponseHeader(DefaultBHttpClientConnection.java:163) ~[httpcore-4.4.16.jar:4.4.16]
	at org.apache.http.impl.conn.CPoolProxy.receiveResponseHeader(CPoolProxy.java:165) ~[httpclient-4.5.3.jar:4.5.3]
	at org.apache.http.protocol.HttpRequestExecutor.doReceiveResponse(HttpRequestExecutor.java:273) ~[httpcore-4.4.16.jar:4.4.16]
	at org.apache.http.protocol.HttpRequestExecutor.execute(HttpRequestExecutor.java:125) ~[httpcore-4.4.16.jar:4.4.16]
	at org.apache.http.impl.execchain.MainClientExec.execute(MainClientExec.java:272) ~[httpclient-4.5.3.jar:4.5.3]
	at org.apache.http.impl.execchain.ProtocolExec.execute(ProtocolExec.java:185) ~[httpclient-4.5.3.jar:4.5.3]
	at org.apache.http.impl.execchain.RetryExec.execute(RetryExec.java:89) ~[httpclient-4.5.3.jar:4.5.3]
	at org.apache.http.impl.execchain.RedirectExec.execute(RedirectExec.java:111) ~[httpclient-4.5.3.jar:4.5.3]
	at org.apache.http.impl.client.InternalHttpClient.doExecute(InternalHttpClient.java:185) ~[httpclient-4.5.3.jar:4.5.3]
	at org.apache.http.impl.client.CloseableHttpClient.execute(CloseableHttpClient.java:72) ~[httpclient-4.5.3.jar:4.5.3]
	at org.glassfish.jersey.apache.connector.ApacheConnector.apply(ApacheConnector.java:486) ~[jersey-apache-connector-3.1.8.jar:na]
	... 16 common frames omitted

2026-02-18T18:58:44.975+05:30  INFO 14596 --- [retail-service-registry] [rap-executor-%d] c.n.d.s.r.aws.ConfigClusterResolver      : Resolving eureka endpoints via configuration
2026-02-18T18:58:48.642+05:30  INFO 14596 --- [retail-service-registry] [a-EvictionTimer] c.n.e.registry.AbstractInstanceRegistry  : Running the evict task with compensationTime 5ms
